rpm,oil_pressure,oil_temperature,cylinder_temperature,exhaust_temperature,manifold_pressure,fuel_flow,fuel_pressure,vibration,load,throttle,ambient_temperature,altitude,fault
2679.422436494308,3.4141576596724534,112.7638465348908,173.24186281758563,475.7623350720371,70.47417430334775,20.419191778595696,3.9669478229656536,3.350468190812501,92.14723106925491,85.82775171291313,21.126058031991278,3165.5305601485,normal
2295.7474580172134,3.80854375557917,72.32640734177379,123.33513527019278,404.8055565203842,62.05303161945727,16.300714860028414,3.943733635430976,2.8291321642238065,53.99873571384141,65.20430224158811,-2.0356819413592655,126.41941966816539,normal
2737.1289265665728,3.2305041499046245,95.75649929073417,153.2941592602854,455.8666450685067,72.03061307926153,19.447789771181487,3.911609367321819,3.3484575283525193,79.96751387464012,87.61287065447243,9.99218346235768,2873.44897687822,normal
2158.2351230288964,3.668003327541239,87.5318892308801,131.321126087888,427.08231667044254,58.60657158640066,17.05327776200659,3.9779003156734762,2.953324577329161,60.979840083842895,60.589799010564626,10.522020362507837,1065.8685997487407,normal
2634.3388781540725,3.4886683687521076,108.49189599876365,160.24139603415637,460.8611289009847,69.67236155400587,18.468324048195427,4.026049655108465,2.7085235659084272,71.01246556888282,81.94929364544682,24.480525596178737,1339.888176204788,normal
2554.4208827281473,3.267961157335394,97.68087315832975,156.87180960210205,464.5955542242815,67.17792979736413,20.847013027068957,3.6973284206518207,3.450085510813328,98.0,80.15161151908707,4.621572840287737,3952.2170841018315,normal
1973.7888439494418,3.787428915955394,69.31842054487664,119.64072926034616,390.19641204833647,53.49411730080646,16.277835184566896,4.082147495360535,2.4621675880280383,49.49703226281757,54.17864824339141,-3.571300534731014,5490.879354353327,normal
2536.412598844474,3.271682115159139,96.81597529066606,142.2464647620712,444.10777187064247,66.28978308193764,18.78481389680581,4.093380081255843,2.95675629522834,73.57721466404568,77.68089054931127,11.86342779417686,3781.4983159783333,normal
2583.691749752073,3.4042682964451725,89.74655486119127,140.92096179102327,454.0889689809919,68.55430557637816,19.954257993802873,3.893705370976794,3.2234561498997434,84.21957182892875,77.59252626309066,2.7194905316553917,372.72844387283203,normal
2304.57399557042,3.7712679494057606,87.34248364117613,134.38829388389433,415.8728185565276,60.15861318349034,15.742263600339522,4.153166254226153,2.520999655950736,44.9467234413936,67.37317244408622,12.549919306210505,4953.710312198906,normal
2040.4189990818395,3.8025073088504207,77.64737551686538,129.4059557286529,417.96855743771386,55.38160536037624,17.21897455928254,4.14560626782332,2.747847953669357,60.38220638882587,55.95813417461422,2.0346567901915935,3373.7476900590477,normal
1837.9758463280298,3.6699246729905792,91.326589399307,134.60189467451266,409.920916191645,50.58473725189436,14.852529866153082,4.035987962005715,2.6434137663337745,42.194927669285434,47.43146225593064,21.589663604973346,5250.772323126058,normal
1716.148289975808,3.85466781500277,67.76177754472339,113.50273995329052,397.7744324877764,48.73163762326416,15.23580849229295,4.257582880249854,2.3385094617377495,43.693287562722524,41.963139886784326,-0.27569487545854865,5645.116370973829,normal
2253.6516854059323,3.4646134957274226,103.66797873150838,160.6735120467383,433.15769223853766,60.33960441125951,16.53664204078636,4.071577187605554,2.8378643639789622,52.122995836325785,70.21287180651244,29.098340163939344,6178.290612872958,normal
1589.5549554310942,3.9754303778626454,85.12662960196968,132.73224906000675,405.246916002589,44.831801897330834,14.581874641384989,4.120926305164174,2.003586114465755,33.134165189539026,35.05620584818077,24.222038621083332,6100.1914722494685,normal
2237.3059487617447,3.707018590122252,104.32593059293684,151.9261215246702,441.0513200119416,59.663374921423866,17.480996000451288,4.1282424513264555,2.923285923714757,58.38184698794169,61.98943079178743,28.728163095369556,1593.3735056791793,normal
2627.729669109623,3.412503519742106,93.54471004555577,142.90603582672975,445.0789231555529,69.39553557053686,18.447032511226922,3.9286537278482916,2.5479860047547436,67.57679662444531,81.88092739510344,8.832132118034497,1126.4272868557728,normal
1767.8359189842954,3.8017597028583516,91.98345769169084,135.4983728348451,385.5022659101167,48.682448903857086,13.72703826274056,4.081862930204271,2.309166430694794,21.750657966611275,44.340255227603116,27.073161103080174,5524.595623493659,normal
1857.2227265902666,3.6278070280697423,87.15222920062385,135.1107969405309,406.03855205218855,50.34518301065408,15.226440242072723,4.153781974582785,2.2112935484272014,40.45731975139388,47.73614020475693,18.560818626950244,6389.670581048573,normal
1989.7865647489975,3.8104867146034205,85.20814326995928,130.53752789675522,410.71477582099004,53.05485481986419,15.386750292258785,4.086764729609486,2.7296839034550326,47.46152078039242,48.147345211910825,13.565678376811976,1268.9631861990317,normal
2459.1352465255586,3.265076461491248,108.90655775881456,161.66680474388068,448.2100225775142,64.34130884256875,17.623806637009753,4.078962162841755,2.9883760506667536,66.7863530597403,72.27036479961119,26.274927183742978,1392.54474759164,normal
1762.3262491683574,3.8003259821463518,72.57898356543299,122.21284962562659,400.3019134013662,48.45213946524315,15.19660299167285,4.035560473740449,2.574675714716588,44.718861411155714,40.470928899282626,4.705588796940557,3715.04661868769,normal
2486.6401589451016,3.591213093576033,78.59542759265204,134.6425035359479,434.2797442998778,65.17624766121445,18.735046005717667,4.106145644494853,3.069626082466235,70.88362408754449,76.94612653385589,-2.924220533229907,4524.770750641429,normal
1724.1002648238552,3.6762333663754805,85.19151306728894,130.07844297932505,408.6494445243791,48.1202945549355,15.41876794893424,4.162445073434225,2.406580484133887,46.41855732930304,41.35756077550239,14.72805222488753,4573.4971829460965,normal
2348.2737768248508,3.6367932958272284,99.84656001509525,159.2963671357551,446.75966500080204,60.9226880927196,17.659606415496874,3.9596105429300112,3.0128955491016622,60.45405666824666,69.6663019059773,21.61186767092396,5548.434717203285,normal
2194.4543435623036,3.9979167405152443,78.86256332646647,124.9215577146109,406.1559891223934,59.76179415031378,16.428184142704083,3.93037773345879,2.9148334489511454,55.73839853255091,62.530038813227776,2.579068671027534,2710.4273731180647,normal
1954.8448665265078,3.6973355958199017,97.83544993118943,139.94011026932188,426.5646198474936,54.90656861449732,16.237902836486708,4.044462881150513,2.842872549213498,54.4778160503201,51.60402852762026,22.492606766425077,2380.4147550896632,normal
1707.0117738431322,3.680817150416406,96.40791273565867,141.63487714491396,416.1332799093022,46.533307524875084,14.513986917349271,3.9879656870181863,2.497501581798339,41.626390441955124,39.028612311425604,26.83777420648578,3491.3536066762863,normal
2533.6016915679515,3.512436068566865,89.29189728166146,141.34382047450907,435.4694957148189,66.07359972761527,19.173280629133792,3.9859720209987812,3.1417107927777614,74.85634818204282,78.84621910847594,4.854024249915357,4110.296020383448,normal
1625.3685871381065,4.046759504217015,83.32301650174219,133.46738297353494,406.45235755662713,44.58036358330446,15.514396427730698,4.118396181486853,2.5885313512632213,45.96204373357051,34.28693709647972,15.062083461255217,4429.312739169614,normal
1501.368421243168,4.001892426317851,90.27524920000185,136.49268487529812,402.42933163771,43.19142897275976,15.081100175333887,4.035347181582506,2.081153860185893,39.51968088880842,30.986632674564895,23.273649956650047,4779.502651846378,normal
1730.4306963844574,3.6731417969908984,98.63095853989984,142.9000481907673,430.1082882513245,48.68864467898243,15.361737553416404,4.168008370207848,2.718112225758509,48.86645341250001,41.28903277519337,28.19233358689745,2823.587093905572,normal
2174.2781769603544,3.4789137860309682,105.95977347069046,152.15523864149603,455.17380404569974,59.39568965990897,17.643676281882573,4.01917515058818,2.8757772815850586,64.0709392837444,60.488437697217904,27.313408599378107,1340.9655209861394,normal
2353.824343919392,3.5793493321810397,92.66616060231551,137.02752122207207,441.4153866983401,62.333893948232785,18.328973856681912,4.053373025074048,2.3132851162797268,68.916681713675,71.36875940851904,11.050502339409846,4694.438493034244,normal
2295.619484430916,3.4362918107474085,98.45830027089677,152.7284572236017,439.09921224648343,62.71188075302583,18.156085310172088,4.130466940428711,2.9054749007477856,67.81011998747205,70.77297847538334,18.06034151726494,4313.359228915329,normal
1729.1381144489317,3.920549992358388,86.28638908494982,130.38980308724055,406.16909078602396,47.61550999056259,14.453883413782625,4.161341817120439,2.4091572653906894,37.47008887182751,41.796552983449835,17.329848573418683,5289.847400485244,normal
2167.3098579980183,3.572526325677145,90.61472236631919,138.81523290859982,422.8658852082772,58.974433276938896,15.924431974345897,4.079901105032734,2.7265990606784265,51.22310762472974,59.46395452359829,17.68803718589567,1332.1842120116526,normal
2544.475895466387,3.3169224624354556,98.3749843206099,150.8188702257387,449.28661665300706,67.71506855035183,19.178062392095995,4.009495445765884,3.200931983511056,81.73446395088092,77.86074461720723,11.323513640530578,2918.376439066989,normal
2469.815072895263,3.445407649005409,86.57577790804373,143.98237269956164,443.1658614085681,65.38380476990149,19.146722005528847,3.890240998849876,3.13987376625042,77.54382736928956,77.1791169162736,1.9681142078489569,4774.569776487356,normal
2348.1873498532973,3.4456089512791848,97.76728042577234,152.49838771053925,452.2031304407929,63.015567095270086,19.467509464706183,4.036585537599304,3.2821656709526743,82.17469738030822,69.28626914051928,11.128523984453096,2003.6169999705578,normal
2711.775532882908,3.1892491250357207,122.49364247946733,176.98578168386385,476.36542568067324,71.14111641381407,19.306318033381388,3.971868775647705,3.570921820409241,82.0528926609939,83.59717484366277,35.65251631222517,274.5400173453688,normal
1810.1562446099704,3.7818428082012905,67.39133849514111,115.30185374974752,389.34431188690985,50.866215870547016,14.865314760619173,4.069717524677285,2.5614586702131605,42.36155061037679,44.0389387617498,-1.5318531324999685,2399.2678429506022,normal
2180.150448796454,3.5752101342782945,88.90928217149754,133.1014286435575,433.7686383918766,60.07430817094976,17.63255567156134,4.096919083496528,3.0639123533551738,67.62447706434875,60.8936738471089,8.428829558763441,345.0235765191067,normal
1526.64308031469,4.144289286989772,59.223957896433014,108.19455852735797,373.82429229032357,42.39668136826453,13.688949782802428,4.078773798869331,1.9335645320320982,32.414519422831525,31.04674257200236,-3.7309168652051605,4989.609067898514,normal
1804.5588414881786,3.5436222803972464,103.43029337040073,147.1265689858123,431.10961966827955,51.58731266992105,15.9562618590114,4.191753831936196,2.71640048344451,53.92330728102549,43.7853914020528,30.392008118950727,1636.8774951367088,normal
1664.149677787224,4.030798803512801,63.22664313699983,107.04711202276148,373.9688303522215,46.05656780887508,14.185123051802657,4.163457412821359,1.9685332217174807,33.971250978529824,38.32161416110955,-3.0977763234066376,3756.064936800844,normal
2225.8352797800426,3.3724590092659863,114.33802434869075,170.39458984868867,449.66289153865114,59.211411133002855,17.634962421964318,4.126218943304207,2.7082762927293076,65.45631353882227,64.62168706245521,33.07937651490795,4553.914377883827,normal
1850.713492579126,3.6128537217423613,107.30004467899674,151.0727603321163,429.5347014149274,50.00170734120197,15.54119436871793,4.009986532257161,2.63703072277148,44.62665261139393,45.44023448826237,36.74259194850278,3842.4632931944934,normal
1540.2801291763526,3.9263904184213434,93.9686513609978,141.1755966482777,407.0540882891941,42.70302135536164,14.321292710147594,3.9878846491326083,2.27892667008848,35.420326978007346,30.981814739752934,26.639487279896237,5465.785091986178,normal
2524.196951454609,3.4289539493538883,114.27786065688989,165.71194773663828,453.71785113189975,66.95681475878791,18.065111806945144,4.038279986801427,2.7886540021912047,62.10926382275017,79.66982028271669,35.23223401150744,3144.4027362984857,normal
2273.608575648298,3.3409565008417412,101.7579519615357,147.3777365383091,434.54352248770203,61.728651734158944,17.19448643063201,4.011342312352059,2.524121198207619,59.15280014948024,65.20669567268897,22.069539205935815,1281.9620917227371,normal
2684.961655660734,3.2976998264799455,112.95307123079344,170.30813725043902,465.6042009468527,70.4164727520737,18.781866064588,3.9892960338502728,3.0819401709475374,75.16158681593714,86.51046031396635,27.70130859223616,3514.03501866582,normal
2235.6636709311897,3.6455824191290827,76.85597833868806,137.23510272259483,418.849298562655,61.23194132571638,17.31245921207768,4.032250272382637,2.953126692915576,59.017585818845625,67.8164203964487,1.2152868036173359,4359.71502097919,normal
1776.1987749887032,3.7971631963956294,83.9285635696734,137.01552499512033,409.9862236678366,50.04037262526463,16.063799135585718,4.138908427698126,2.468645047770131,48.31963626944783,44.45791929351917,15.029808618243772,3538.6518515510556,normal
2606.0197948780483,3.3693169659512163,122.20834116333347,177.39328816946738,462.7264399650976,69.97783949054686,18.55565704699367,4.043241136632324,3.041655505849631,74.65426181144639,82.6638928983449,37.03497410105919,1689.7645154446602,normal
2118.372798338169,3.7167015438605677,85.32098340368837,143.6347961302787,409.88636043995956,58.133924616587905,16.150862980245584,4.164100070732316,2.945815459642229,47.20190616995676,61.95416992224024,11.80848203022748,5513.043890717089,normal
2046.4387499956633,3.62658744174286,77.29289660413022,130.01627642752683,409.2460084782797,57.07649776142348,17.029922790858404,3.994594761119583,2.6531149281609685,59.53626743879012,54.60333051218944,0.10829216826052224,1223.1627159043,normal
1862.8883832882923,3.989597017431312,91.12492198134831,135.7731430368721,409.0108916179141,51.67213174221074,13.986527109440052,4.1726157906392425,2.1261570167355557,32.19951167722258,44.53876842123686,24.443221718630156,2102.182760534368,normal
1885.994457970558,3.728819206937679,97.25243634935727,149.10907792341985,423.9882977799416,51.469382812679896,15.737175187652607,4.164386195697626,2.6193211077213467,52.8436952343252,48.21249920768891,25.54021687008279,3613.1450798253377,normal
2378.235036269718,3.441020666225513,106.86010356486847,160.72952311217765,455.0853554810214,62.662804591718846,18.393147894069553,4.034958900179073,3.1700592307013644,73.70088260718168,72.71183592723321,24.45988306739322,4795.53503918957,normal
2511.511496771627,3.5607008927202672,93.85333515011091,146.34578683652524,435.98894531236743,66.20151196318038,18.531288268547936,3.9087240669264407,2.5236281319163716,68.62932821781644,76.8374089355221,11.985626211461788,4200.2795226710605,normal
2030.6002019177563,3.6614770406748645,105.44050383159727,156.81175134599152,429.42824898039044,55.54605305728559,15.707050360427132,4.006570293575315,2.429588513455816,44.97449198553796,58.79443621751346,33.67694008688367,6361.118187607102,normal
1852.5794144187985,3.896698002924772,79.02918348626638,134.83055461886195,410.5691393128464,49.4744900748157,15.712209162145184,4.291177113608004,2.1983667798617814,44.78928368942607,45.41915300054958,12.518567412188187,5372.143399904267,normal
1814.5031979101657,3.827795554501066,71.85803116230176,117.2891713797492,385.1288683190343,49.798254279499496,15.050501480612391,4.206144810147053,2.3739687270196703,38.716500539778636,46.29716826066918,2.1331380648189686,5588.707728576575,normal
2513.5534215603757,3.3341249399750814,103.60713390851875,154.44666629801029,458.06174250887915,65.58042997902055,19.273427108073335,4.066774511237118,3.2653905093518376,75.69337538982154,78.22120731139655,19.871634611775132,3476.3786713839627,normal
2481.1575791284167,3.4003344162601783,103.30531311043171,153.61427062453686,454.14244276339565,65.43415707845635,18.38853374372154,3.8995241119004063,2.9310697688387712,69.21823000710249,75.34517664842485,21.205321620896477,3220.046154837652,normal
2098.887478917864,3.883341191216102,73.83838557600062,112.53448835529802,394.543216196372,58.01663530225525,15.62888551210096,4.0810989355780425,2.3907988539657694,46.98085634782149,57.97118202313039,0.6955958355820053,823.5142540525686,normal
2628.0632243142054,3.2123613537611573,122.74751034365646,178.78035312244154,491.2824664663613,69.90188204650148,19.961230229248255,4.167755344380624,3.030727869802405,86.01203179902652,83.99189103143044,34.91423268440924,2325.8232962461534,normal
1663.6436953920656,3.8064988051509814,80.332409415721,127.11336610621717,401.5355636781386,46.013675787879585,15.526607737782061,4.0952739441827575,2.6851498267864717,48.00470633564933,37.95102592996632,9.284919634944618,4095.395719805237,normal
2581.1735821168963,3.6142241818385084,83.88299145884831,142.71805321999366,431.60304085023677,68.53927962699255,18.83797124824496,3.888858982518275,3.372970815063568,73.41718454902517,81.83340526628051,0.9171772752161873,3592.851138976896,normal
1859.9020751635587,3.7500398507806754,101.43435909837504,145.11537811244514,432.5482516481574,51.75207479808613,16.327821738561283,4.183462058324409,2.662483335438035,56.650224201948745,46.709244473236105,25.489846166319168,2109.1125763934083,normal
2646.4784977552813,3.2792220478810092,113.54199170603256,169.2499801647426,473.3830072513951,69.13520950152616,20.768231914911738,3.946758776060843,3.129472114355332,88.36940250628903,87.5021205874406,22.70746954532028,5937.1792285190395,normal
2365.755760722425,3.331072276200062,110.01395916421585,164.10799282473934,446.4926588475738,63.817163512719254,17.523917225188487,4.042446942199492,2.6488142640848236,61.690984190566056,70.55202923693633,31.550707427266662,1676.716817519471,normal
2452.8871736281462,3.5595438930620915,83.83065224507013,133.73805284282105,435.5630586956416,66.18765596082804,18.171276984650703,3.9645209499990632,3.1199347265987276,71.08856829422413,73.87004151595504,1.9128598824921572,529.4732690159386,normal
1482.3426939104218,3.638089286349796,102.83785285609119,146.28243442615266,422.2109061810799,42.199540629885185,14.694758209000419,4.02208697611781,2.3804661121092106,35.49579196323696,32.11558509001852,37.12516987041,6436.618692586251,normal
2308.6075260924954,3.4184223850976085,99.17031725805417,152.63914196567634,448.5854689977102,62.40792200397913,18.33617914112467,3.996531139083047,3.0339990064783393,70.34265435961726,70.05114483134903,15.994487491546364,3774.3133376945552,normal
1989.1717036260966,3.821208710547244,70.22665524141412,114.86522287191114,398.5540071034242,52.80304917251633,16.011515629547777,4.057335363397702,2.6474790047851435,48.39039148812644,52.46413719166396,-1.7657918299542676,4532.211309754624,normal
2485.718404291306,3.135858378226417,100.00415702582079,154.1726342778057,455.4238591431923,65.68413420802423,19.801910278915667,4.086569069099206,3.2403052944019493,80.1249212793825,80.26740582484484,12.460539438024238,6380.421120764344,normal
2471.2229854928555,3.3349111256124218,117.30128847049696,163.82918762936737,465.0961819581779,65.1645193032692,18.57813781904648,3.9168577251909786,3.2223539669295818,71.95161956045973,76.30641831328137,31.858025113937426,1517.8740502605658,normal
2519.8018955855237,3.2022716529157274,122.75728972544599,178.5420572082631,487.8343391884442,67.64816723549335,20.43075339254372,3.8542624562013064,3.6426730015856927,94.61741134758475,76.31954454511298,33.81476787187182,518.0377974495202,normal
2279.1915413291827,3.4990295596696415,101.550669388109,150.39553986313595,453.5315522386092,60.473980948290794,17.989763840839874,4.014542588812338,2.9714514666092224,69.80706365739256,63.464032520773856,20.25327650031443,369.31467337597235,normal
2011.8081392817612,3.6298410204207188,95.74852915413138,136.1660230679927,406.7357917142948,55.35801667682069,14.211648806548197,4.11717979534546,2.093101284106257,37.510196069829604,49.79315163798795,26.304972325397433,457.88821552800175,normal
2155.5343374157483,3.5690184618043466,95.25387876383438,159.09454410035556,441.0849601556279,58.68720675125575,17.330136672324834,3.97443055462633,2.983116651913072,61.8091118341451,64.61208072457447,17.764203607272034,6250.81994441897,normal
2643.6390374598413,3.403050355204844,85.79353174224299,136.56764209789134,438.132810341807,70.77253109574485,18.305249793287913,3.979890759835422,3.089241938304001,70.74612353054331,83.29989979359111,3.257133428987954,450.4754514054494,normal
1667.8259184134529,3.9959998879710743,68.02193005743251,113.17975142970121,380.61034684961766,46.792881094770976,14.37043697110722,4.1229089067418325,2.468711204784554,38.68909667273901,36.85274055186124,-0.8262627941406324,3796.75848643184,normal
2723.9834958814727,3.3485240209852956,109.69905800614342,156.17315364823708,466.098825916963,71.19152483189939,19.64809895017273,4.146905504695265,3.3298873210314963,80.47091140674608,85.59551102213449,20.40630364412481,355.25705419015867,normal
1901.8700958302634,3.866371735819288,90.41310090577008,141.10461575537892,410.55247282019235,52.59906158715775,15.51984711279785,4.049805370965546,2.742132538662204,41.379670207538055,50.66967929014879,19.16813418711287,5408.724190830235,normal
1842.0817994596491,3.860582486568848,90.43996337319068,137.50253620374986,411.61593602883295,51.04153285487562,15.717916463173715,4.241478587832567,2.6549658889458274,41.843958884012956,48.196808120757325,19.958983975486912,5258.115508718125,normal
2176.264715687601,3.6011311479283106,100.49114583267098,150.7691609694767,443.3264822891303,58.55536367584781,17.32089881043516,4.070987364956282,2.8255021475342073,61.089912435094746,61.50006634234158,23.848583395044233,1878.503190530675,normal
1565.3910900926355,3.8763343882592705,78.02355718684022,124.6892609070163,389.569808633862,42.86614692921034,14.186823738276782,4.078029973773286,2.081081920174043,31.234753087219268,34.60073033488015,14.448726417612974,5985.325086883809,normal
2010.6335546932837,3.7106464335982126,103.12035959042781,156.42284152954514,426.6360464835906,54.160914995163495,15.487258331458474,4.153216034712322,2.5653338497224403,39.576287722311456,56.516962714327136,37.24326887590911,6080.568595942264,normal
1811.9916376248877,3.5472179749464123,104.60185442248418,152.29602934659258,442.6947799368126,50.713842430738495,17.096229356739833,4.101927795637454,2.6906504890300904,67.80373541201762,41.05257244402207,27.232866117429822,526.4996930057616,normal
2697.145699041682,2.8956404283341795,126.1558924855763,191.05545616838575,489.7035652283913,68.12809236203304,20.809721585671895,3.9819294876911986,3.1553107351842913,96.25238029736182,86.54238622274588,30.26366720956498,6478.213142431146,normal
2082.266692389678,3.851615012366259,81.61265435348224,131.2462800274983,413.49879952821357,55.440862509647225,16.242045246697916,4.097748685637008,2.6053689838892007,47.55321924466747,55.47442645263528,10.316320644792263,3912.747034946745,normal
1670.847965695032,3.538794887405692,104.36817304806806,143.49335580507238,423.7678556052735,47.11279181893693,14.98205783239154,4.134115953421657,2.2892577956226408,46.288819836190456,35.78166415963107,34.34840414837196,1812.1786415482723,normal
2475.137932730332,3.2164037572906015,101.80811416836323,153.31956388703304,451.93915111014593,66.37539796433096,19.85499843720148,3.9926042968873325,3.2018058863584464,82.16750470283836,76.5487442669179,12.620656006598146,1973.5316003065284,normal
2055.638604192554,3.746401444373447,88.45561710076342,137.62142104024215,424.3063172653962,56.21163110561239,18.187809569070165,3.932472821347107,2.998829479607219,71.70778507432209,54.90062406079229,9.17077726725756,2215.662094107574,normal
2350.9335855013187,3.4539474561471932,88.45786596560666,140.00072942426004,434.9261313215448,61.563642441016164,18.049531199783246,4.147424205214512,2.9996818632779862,68.08287575724792,72.08808512935774,7.085316040808199,4823.038542216813,normal
2225.576541684266,3.4087300050850393,108.2249768381447,165.3267306581038,458.15796175949225,57.91159011227568,18.571671944690856,4.015714260217839,2.744542782228924,72.34315042077094,65.42145474720205,27.39643946001048,5514.92312856887,normal
2081.986434737251,3.7302948433562855,95.53011537398523,140.85264114918863,423.76798088212706,56.89475338465135,15.740065843456735,4.247400211888795,2.749119814211432,46.12341154728978,55.38800500876272,23.236843133425744,437.310401255276,normal
2319.865437554074,3.617141483922358,92.66717062436155,144.377056103808,438.9444920736569,61.88698911167048,18.07407830426053,4.059960210735511,2.918275014859871,73.85870231681298,66.48086025025214,10.098319828790654,1086.9770386173811,normal
2054.7535749977624,3.638690998030472,98.0815691074141,140.97250856838545,436.618149649036,53.510452585987466,17.877962085073968,4.118113550034736,2.999535495297607,64.19319864900262,56.10850278914143,16.845466153518633,6161.553229052818,normal
2267.3762987882897,3.9694606254502975,74.3022334004098,124.40801270426917,407.65191584820985,61.448607591102935,15.865556779423365,4.082391400278079,2.7990161484084948,47.44968714539938,62.92352105798784,2.090394045296978,1256.2325773006137,normal
2506.4034142842115,3.201919942326377,96.39153649998175,143.60364722836718,447.3114204428249,65.21456840135875,20.553024398991074,3.877082563331008,3.2845894028666964,92.05489926788916,76.54562790802981,4.965169342557441,3785.016488378387,normal
2600.9388226646433,3.0274576172955254,116.37934651233816,175.890647196521,486.4362541741431,67.8338166893545,20.638472458950076,4.114126456597681,3.1747344710741734,93.26494069927561,83.36173340163589,23.913602972624446,4625.9036136589175,normal
1619.4771549808963,3.966629771522343,79.43869128325086,121.13578447483452,382.2900478160886,46.668114019173096,12.087543051833201,4.102401052941674,2.23635871737372,16.796846324097412,33.791624823375905,18.287566235387718,2125.581960876537,normal
2237.180729201919,3.8437215839743066,98.32806553519332,143.89674979838688,432.8834428447451,61.194262486153185,15.972901455118231,4.023243273330902,2.642469499114436,44.561022558058674,64.41449359026545,25.673137539020864,1806.9981540260972,normal
2330.593773891216,3.550666685259859,88.86161759739367,137.54599203482763,423.60989407349786,63.489097738232815,17.208591443580776,4.063199807816184,2.8734708551977723,64.93510011884786,69.00893729679295,7.072980100603678,1300.8947071305636,normal
1513.5916026596285,3.7570113519589703,99.90114849498903,148.66364703826267,395.874250790051,42.9478215831126,13.536331429217856,4.136995142360009,2.159103609286267,27.691028558114994,32.51829534007771,34.9722365617643,5976.39016516236,normal
1609.5525161979997,3.455335599022538,105.8588624737114,146.7825138081354,433.0645057387591,46.94407300001361,15.304335902916788,3.996903475667968,2.134994076827873,47.43303365107527,37.622163945753826,35.5879983229461,3578.3964317532973,normal
2274.378414641836,3.4423685283014698,103.46664485830348,152.75194873611312,443.7564035249678,60.72584585208935,17.568802241241563,4.1741963520329985,2.867183654031799,65.98964688758497,68.29349932368451,22.06116525171459,5565.79186617719,normal
2090.7452068089146,3.538405928325468,92.06679341220537,145.05078609795996,428.6889028794031,57.461905710844626,17.539568850026996,3.986247843637972,2.606543728547105,63.897887675594404,59.63672916460827,13.278074524030208,4199.185631194096,normal
1770.2584105961637,3.865505345832753,92.44497337156551,140.25378914172848,414.735263236561,49.62943508234741,15.216772409718242,4.128756069177351,2.323456642097605,40.475086348035894,45.09291369320326,23.961952101205743,5279.839308730658,normal
2473.8070825745167,3.3857583907485207,90.72914029658719,145.1295058991069,439.0316930619616,64.47415600084523,18.484259373969376,4.173605642524126,3.060811238059418,70.1288715113176,78.5210120898848,7.414928123576469,5990.652498544022,normal
1920.043047504804,3.727575720243081,80.70004672889733,128.7336572680542,419.555292999167,53.501730714323486,16.9773713248784,4.200075696214859,2.5932735578500883,58.93642999881009,50.39412472887598,4.554099834810005,2976.932647080221,normal
2062.387362480889,3.7985396418650157,94.2020491948738,142.90207333211293,416.2389833678555,56.70689548140373,14.33080352271785,4.204332270955216,2.440631534661132,31.614684182022874,56.650174228990565,26.667124290841564,3152.0111466339595,normal
2019.177061719642,3.8403238728581806,76.86118480680705,119.97572209813954,413.33195205012373,54.872466560640135,16.415311998500123,4.047871853762963,2.413130151900272,55.86219544739045,55.27876523674165,0.18163931997737248,4870.563440556685,normal
2270.928305237513,3.70090238906989,76.30898328111115,117.87000340180646,413.4406311429364,61.58020933112864,17.43734270213344,3.996530925726815,2.855620472672866,60.61425935955659,67.18764600657788,-3.293800244972683,1869.2431865704357,normal
2364.251586145017,3.319187046709167,107.25097186137376,160.53901427905095,456.3091563565997,64.47095864667551,18.31569206885129,3.9787230820660278,2.9807242307374655,75.11011196348234,70.7952414799228,22.838001505261023,1934.5313425813295,normal
1741.1469973974586,4.070886748765438,94.9620705688807,138.4226027077305,404.43888651268804,49.35827055798679,13.383205174730657,4.192937533373157,1.9702330357008089,24.56477839332287,39.61042256594627,32.38213143852357,1388.5455620948476,normal
2373.8605053817496,3.509345842376053,95.24316009769855,148.1061848388828,443.14177926633096,63.181200246471384,19.262824426535836,3.8630081919171833,3.0413090436726544,78.91578314260964,73.8761658606684,9.267161802179697,5913.145744234013,normal
2363.7038635342915,3.382192532570492,96.87463654766039,150.21083446292155,451.01581629118516,64.32931106256035,18.257281826443112,4.006840865268558,3.1028858607035845,73.49832084026656,69.64432460244615,13.079314812975996,1524.7462491829529,normal
1846.478803402509,3.784419136928797,98.90466069121969,137.53559726913613,407.59737619508354,51.45998054162119,14.255844053935983,3.992270857406946,2.468802709436741,32.35107526572128,43.34213703645032,31.907241750163216,640.3853715972263,normal
2085.4880124510255,3.2955255740030545,115.44923329978607,166.96864007679218,449.0707494629484,56.69144423655574,17.549138617268593,4.0482313894277,2.860906639428225,64.77684972838344,58.39599683391501,37.9298759341593,3125.777813173198,normal
2007.111705259473,3.615863132600108,103.82576616350619,155.58752005716065,435.5653236036541,53.04254016006538,17.54989520533138,4.017914643082917,2.8403672393333053,60.10124655462248,54.31365248261566,25.042202996962736,6469.934249224911,normal
2139.134642548243,3.676625693210622,79.2370842340923,134.4157871565007,410.0456289535482,57.26828013740528,17.43144773373534,4.129832393047606,2.624234666731184,61.421599313454166,62.69772333162449,2.4018851046281178,5937.508874839189,normal
2513.9842660767895,3.437680573410401,110.90679810533499,163.94671321388495,459.16949138354727,66.79122097295108,17.327892617312877,4.129081462918722,2.6439851097572067,58.53718939215583,78.53325224428974,34.83884489488178,2189.6876902516183,normal
2401.613022103102,3.5226144173348812,91.53445031625768,143.96139088060255,427.7675498294701,63.50928262865924,18.841497399242336,4.043145955767004,2.81131639674179,70.81298518641246,72.86896830443875,9.661742448849076,4107.013093149276,normal
2196.083223514494,3.3544567153347193,119.21688373244406,185.8811027277332,471.6892117353974,58.03559106061634,18.597235980205866,3.9889434199087836,2.907078309495921,79.09304833040078,64.29825462278161,37.15378355399262,6263.059147510743,normal
2358.524817023303,3.1401480145761256,121.2827101478358,172.36432095506612,471.0154053915319,63.05865825020819,19.083435485443918,4.079170141972552,3.2910180467478636,82.76151943156881,70.3393262111846,35.464504367357826,3294.3359490714956,normal
1662.2081767789387,3.8408785030293684,76.01397166630082,123.44980651422817,389.4331236529616,46.76331246481103,13.951076044688312,4.130157665343916,2.4566897958091336,36.16840016301669,33.490617408776245,11.91120425093558,93.46356267109923,normal
1606.3642439058021,4.144567013038196,74.4936946021194,119.81918947725175,393.2043053240483,44.643859337852064,13.631196845504487,4.137555397688907,2.106824459397742,33.52679753925016,32.09038644161027,10.333680282085634,2497.6568327947425,normal
2505.337970476521,3.3718592810745442,113.1188495580943,168.49477029876434,466.6031711402471,65.99718738316301,19.203063393075645,3.953660853342166,3.414967720762898,84.32351572237748,74.26802391777085,26.154309307229568,1550.3202365137863,normal
1955.5985795539184,3.695431865618631,107.74213404506979,153.32585082513566,431.2288462020754,54.34413766642182,15.954037851527682,4.014854014781534,2.611249649457957,51.12243218056341,51.85298440242537,33.66168489738674,2414.375086417478,normal
1679.0939098172735,3.7622761937369367,62.61053881877426,110.22328449213705,386.53913908682534,48.29186349011292,15.015797306573218,4.28736848293381,2.6340972298567524,44.678181886296294,37.31146042586211,-3.9255452534742434,1377.3045657668692,normal
1812.6413627696795,3.884167456475152,98.7515673307218,145.91036713967472,412.52132046811613,49.91770274025356,15.084838351648807,4.12320376161631,2.3442125218073766,40.99129750747928,45.264989687539305,29.9929170042709,4451.1838829987555,normal
2124.44806820011,3.641896251877563,85.28632422547663,135.47542905164227,427.9984555671318,58.33131246968143,17.1421468671297,4.18352957111754,2.708144525686298,58.496650596579634,59.48619397538837,11.215077362205367,1994.7474262625512,normal
2285.9460633735157,3.7218666941261485,71.11941907227826,117.05032915379454,399.46322935329266,61.605911508332824,16.113169755448872,3.9837043586021315,2.6807671198372516,46.04122367526329,67.11560972535483,-1.0085444336315046,3144.8683168458565,normal
1639.065301311288,4.214741231912476,62.108216187055504,111.04921781185837,379.95293932783375,45.15120775346345,13.744024001518786,4.061801216866629,2.2444406934607932,31.989278370918978,34.29152722974374,-1.148030798743751,4542.315880649648,normal
2254.3103187530382,3.658467012566161,80.15250108882391,126.95572388606875,404.0557198295756,61.150038773011985,16.084317897842958,4.142940308513523,2.6595795820863897,49.259828755309194,64.84724815465043,7.920087055994938,2558.1651822036774,normal
1663.0235987705803,3.870300668757942,80.20689307116653,135.61885789567023,401.7687271488795,45.258207228132896,14.794612320844951,4.173572081141119,2.45280299919572,37.793924274007075,38.01626762227451,16.554992135409353,5884.528317287542,normal
1704.4983901409846,3.8614357454244765,104.50749947369025,147.35180663586002,426.89891417172794,46.44032626879931,14.946356467313052,4.0966653851665935,2.2122833657549754,38.82842494354385,38.13306759032527,37.922032198969404,5163.335745021863,normal
2079.757614259181,3.789899073413956,83.3429074852627,133.97716476075792,412.64251882790194,55.86868773505709,16.69948155088283,4.035213980883096,2.8544527669118422,53.33421117556211,57.1297826298865,7.87621060335352,4068.971539121547,normal
2564.670201268863,3.3963964594453233,119.43161937039262,164.499375668393,468.74825661288304,67.74151082815145,18.961230965006177,3.9726696714183007,2.969391140294834,78.94528775909683,80.16037126537141,32.98250601175833,2341.9290264931687,normal
2044.9454211739353,3.6215129841027003,81.62270264931553,131.65587258640042,410.741696889351,56.57588241107507,15.995573960537419,4.177516381007511,2.43029364673803,53.488491216222926,55.19146898418306,9.484883515713092,2178.46822734244,normal
1823.8236303483613,3.930724546667908,71.65405787730154,115.5241371744972,390.98666669515495,50.75079080735441,15.138055155169612,4.089615188879746,2.5021333356209245,40.38755700651183,43.60694822676875,0.7177934096509635,2800.788258024081,normal
2278.0383128777007,3.828865464393707,97.96108347595325,147.2034746413325,423.72066710164785,60.77572147377821,16.346429886719985,4.193007118741023,2.61263254061802,46.989168393377795,64.99415843354062,23.237635569768493,1663.6288199279124,normal
1997.0346826145299,3.4709643650830375,102.95820208074122,157.46399618746585,446.0524008253832,53.827291183413124,18.336026588448846,3.9279061935998008,3.1226516696770137,73.22046104161583,54.35564593456576,22.074700321190466,5881.619989975304,normal
2210.6442079596745,3.7196109538920448,80.07541743660373,136.20996768723776,415.68499676687924,58.90868734760126,17.205087770374533,4.115549102376169,2.7796101375246645,62.7101739780369,64.93093424122209,0.5210711095414109,4710.4976841971275,normal
2322.8082122672736,3.7606580760565107,96.4481109920911,150.4205038520462,418.01129681143664,62.94794226580106,17.12969926234067,4.076461608725636,2.5024134481554317,51.311708179660705,73.35843961208774,18.88183114993681,5888.968261577372,normal
2074.902948500391,3.90141624186859,86.3324646398998,133.3003976915888,414.229775680225,57.46545382634766,15.867139239888663,4.3153740262891285,2.4671459644818894,45.46629513076322,55.77508052133095,15.852072095333918,1283.7662320351042,normal
1531.017838456254,3.935122763987256,93.96516574502499,142.5035294463401,395.10620425501656,41.18362635618738,12.955705785038695,4.190535983230537,1.9587424571764247,21.219677397505393,30.793151079009256,34.71236685239435,5364.163357889841,normal
1523.9322894452905,3.905290966182461,67.72589768510208,114.994698637832,381.7288890158309,43.212941649830334,14.194493881002453,4.082338789401596,2.6123971072718324,37.58640712739292,32.48013990974306,2.7080905559807706,5277.7295637993575,normal
2310.6174931515457,3.390225349402889,98.50796076197327,147.30704337920903,441.55861392388437,62.88307921950321,17.12156378646321,4.034855807466481,2.939900005952866,57.55017759157933,68.97182051506451,20.747408997185747,1904.55633221924,normal
2507.0699924601504,3.6272500327728525,84.72347558406017,135.23729809245427,428.21541946206327,68.1158637927179,17.658502852332735,3.9274089011525732,2.88849083979691,62.844515888986116,76.78100383353437,5.593659022858002,630.7889921614133,normal
2291.4479252020783,3.30799199745733,111.23203952745851,165.22441800903502,476.7614717086161,62.100253511709674,19.234121463564076,3.960127380164156,3.0314886251680857,83.75621656130471,68.28269287367246,24.55971280987737,3305.7744483581505,normal
1820.2607531149133,3.8163934909956696,80.25871332838679,127.79662053455915,403.7969607501668,49.73186015769907,14.7595899759405,4.254317245716885,2.5485796838640793,41.183735740423465,43.941331217653875,11.590444599434916,3196.761635611747,normal
1724.4835586581432,4.043059310986224,76.09218591271375,121.1471312559421,383.71711758190105,48.238694042432435,13.967160232470047,4.172597466864592,1.982955509829252,26.510654213785216,41.65095695771508,12.13093264107774,5223.5976598327325,normal
1894.281522037998,3.4848774050163347,96.63396051600127,146.43571369713086,420.55759645888776,52.16916448543827,16.805159186341,4.131039222483572,2.4861684502852133,56.36057709256559,52.03407757036552,21.469276464800227,6244.321686528016,normal
1945.4932633881251,3.644910880716028,101.19537474632587,146.70664577633426,423.31955810811894,53.945563258859096,16.089762427006434,4.218730756988516,2.5247773925437302,47.232526361244304,52.94883472721433,30.54180782794225,4444.909336428583,normal
2003.796642752087,3.3789628326046937,103.98410422313087,155.69200661134533,446.5422339516142,54.84966254810972,17.181295278960672,3.976854057673515,2.3470149295962064,63.183194399175996,56.158762581472935,26.189098181336387,4481.48587679756,normal
2104.086709607115,3.365816613198925,110.64027827494618,159.93019539899285,445.825035773777,58.29727611028402,16.9487901416821,3.9485377436166273,2.747815372144282,59.46887596890633,59.34220234955105,32.99624516949267,2923.712495654038,normal
2756.0744626532337,3.3244717514122932,110.99811275075564,172.68923343443882,477.1761341440603,70.7668143175109,20.000351775266346,3.7184358777330297,3.0434251259390983,84.01405006445908,85.02800397813867,25.019389979408928,1791.8739915791332,normal
2037.7057221847244,3.792656641093166,96.72559380020488,144.9568076737509,421.7871191745569,56.627234303466246,15.283607598440069,4.177657917210095,2.2345249368006623,41.32090577144105,56.85250220111225,26.37444767036896,3031.6727380068455,normal
2310.2540603332714,3.665564037301168,78.31771604327183,128.50282953556382,418.2852898277852,62.0508656128083,17.423610022960673,4.074676095034303,2.914449659089132,61.582990527403275,68.4552422988229,0.26186774056647977,3572.549247195903,normal
2684.737446796636,3.1228275440519653,112.80306942699026,162.91276846892654,474.8974205050544,72.07979262310697,20.300038461062453,3.8850896002589406,2.840708936213805,86.23870475871867,86.06670937287998,21.326371943244066,2522.167455560862,normal
2132.3526531871016,3.500316784892521,105.95905602912005,151.58102718488178,449.5705366573454,58.58973937068054,17.20051553808822,4.135030531187246,2.8513222040784325,59.28043026139296,56.988044000674364,29.708221169930393,23.43746497815008,normal
1669.7793563904602,3.9980913592531744,73.56832996957021,121.47875947771828,397.1693377507056,47.36124253034403,14.274513407463266,4.32372639705731,2.407112119315698,35.98692736257098,35.81811018815844,11.237355624476775,517.4880879709508,normal
1748.751981279402,3.980131464336671,77.36283958313787,119.92841008083539,396.0190149782223,48.56253160234551,14.402874141206294,4.2758826923622255,2.781654245638264,36.76806923918857,42.70578842761128,10.97597121528575,4714.515717589946,normal
1912.732447665188,3.538248740125428,97.05016171585012,146.1859853116891,432.96482873694526,53.153769663703564,17.20609462895551,4.044669810855183,2.57447240916548,65.2998394970094,47.474791413229056,18.933500424931317,1751.4422395558868,normal
2452.4576076694902,3.387090718289149,98.81765707401918,155.89082179247504,448.1527911670231,64.35747903912223,18.917181902950905,4.141292531605237,3.253152189805277,82.24887200977079,74.90607027975729,13.690255387332883,3410.14517866649,normal
2247.4604659144943,3.5543860052124914,89.25223811553457,138.75478546395468,436.02624785309047,61.62324995729935,17.62418759866137,4.036658100362826,2.6862308675430007,68.19673779919373,63.58126172422088,8.642591928529177,833.2044978864443,normal
2122.5217291484396,3.511886594738699,92.86289679070227,141.06970513723712,424.9112588698776,57.08281408160722,15.580664728086859,3.9662407767629935,2.472341667576028,44.86561814045092,56.276396757332705,23.199696807764653,717.0767123465763,normal
2408.9779268507054,3.6105459103988515,88.04024766459665,138.9011141120333,435.81244771163074,64.51217925914355,19.253027742879016,4.129002617168472,3.0400840911132994,77.86473061333872,74.16451047773275,2.3654411817651066,4068.3472607506897,normal
2178.3122364279293,3.746491233478511,79.16560194058941,131.91708502780577,425.83774493721444,59.30100896974083,17.727885844312553,4.090826761770585,2.8299494032907817,68.31522277034276,62.943325517713845,-1.2778784608879195,3476.318607481116,normal
2370.8226706659684,3.42701721755336,103.17114917299557,149.90999224894645,446.0334272444824,64.18673946919577,17.529204639701828,4.00811686951141,2.5295901990457716,66.23264250663921,70.38894149241995,21.95141468183789,1872.617197285906,normal
1971.6906995698855,3.646866075206305,98.94866634471401,152.08239670143777,432.2579853561367,54.267301344461956,16.64584996079219,4.226859768120937,2.6884639166801474,54.44754525916737,53.28056943043817,23.5642526275523,4068.5956394535206,normal
2590.958415541797,3.4118449054346986,96.7257001050934,153.39015317333997,445.2120907914262,67.29847409376829,18.351086429134348,4.0044174390472715,2.9538936840608163,66.78047005553776,83.01589824278989,14.662644028221882,5079.421151030265,normal
2625.9253905894666,3.2883968226030365,109.12797122181641,163.1694190589825,451.37463636386707,68.1697801813284,17.887760428888075,3.983266551651582,2.9162280518742976,65.10143849453229,83.94578706587244,28.589386064665874,4499.648512738204,normal
1650.6941912130087,3.806956664142834,84.40789096773796,132.15415547693357,417.28363035031833,45.77651969485509,15.652092639388421,4.094480582561107,2.4147429629682633,50.63987522588781,37.418141483873335,15.241477084407176,4769.045481355371,normal
2003.8086423322068,3.6907335327292095,97.9072410494789,155.78595344794593,436.01935319075113,53.39636622196351,16.38175155613156,4.03307451580731,2.3805365597076547,54.35972869778022,55.11323450028127,24.380082351415226,6120.680948336278,normal
1474.0226655801669,4.045877970491103,67.92078534064748,123.35345311224866,391.57988443366116,42.32080309398318,14.34836468780746,4.114526810089811,2.264820922219313,40.103713686977656,31.884772674163358,5.749532433036321,5881.8218464410575,normal
2332.2567422016036,3.615359849051318,90.02227413577657,141.56491419315796,420.5420475324144,62.40024535488391,17.4503162184035,3.989576416539217,2.8732896151771325,61.82119584019042,69.52882746529599,7.351759659074352,3168.166450233742,normal
2338.42909386572,3.278614734659853,111.68323589712303,160.48838973689132,456.3343934321629,62.13454088119498,18.650286206316313,3.9762074532662197,3.2342214976390515,73.2797434722235,67.57331274871387,27.650564579965348,3502.95242987531,normal
2204.3301131745507,3.7098211177568463,75.95279935206392,121.90116278516093,392.44806893696864,57.818828241708246,16.57590568577019,4.025679215531543,2.73837375906789,52.27239797553038,60.73039607899698,-0.9330831537701949,3390.981554398363,normal
1896.9572534280644,3.819932547643855,84.58430284428891,132.426749953764,400.6728814385914,51.97252213733411,14.950573470413872,4.208210127278046,2.536713379375847,38.85686708021918,45.59024712337269,17.202898907143318,1648.869849872138,normal
2460.9021001050214,3.407046163391832,113.68943371696176,166.36019618293628,463.27485797653213,65.75912058956202,18.689834316440884,4.017371000291345,2.9469522945237134,75.06911163973169,72.17012988801137,28.4701133195969,492.2427651250007,normal
2536.9964731805694,3.3320056532026108,107.25107733427927,162.10694280061108,452.3316596542037,67.97043428994381,18.90189610607965,3.9623003565740302,2.929119647844816,76.14981360867878,78.3650142684033,24.139052823413113,1749.607397928025,normal
2364.0280681065774,3.5063909299804803,83.82346225935831,133.8718548264746,451.11309666817,62.389319318429436,19.250117022130542,3.90571211282682,3.1374701628128996,78.50628535508933,72.50102241122475,-1.1665838621990021,5371.885003027899,normal
1955.7006169990152,3.8741812421894855,81.3870113720579,123.19555607075837,402.90821971106084,52.11772646750931,15.774477146139636,4.122966062908763,2.3699386100859017,47.85927393003232,47.3684742552921,8.295169637871014,2556.3702625072474,normal
2481.1983247800895,3.216649525646672,95.06526752473599,148.3889118025083,449.63585337754125,65.05133489170616,19.302734612673994,4.029235555755993,2.868949367238266,79.07821523098727,75.84644643640544,9.59129036682464,3395.1981147287925,normal
2091.2930968108967,3.464664004423479,107.81490626278509,158.80488187780293,436.20906420364764,56.59618521914804,15.7604927253978,4.207091170246636,2.7865657727924553,46.73652113789507,61.04531298898807,33.96038038811113,5744.831115634629,normal
2661.5718383457684,3.4165976627646626,81.83339967249421,137.70911762584527,436.8214149474289,69.41888424326432,18.946923715514643,3.8743324649432798,3.0708168598144843,76.96671950440917,85.38371441357904,-3.407616076690083,5121.801201193459,normal
2729.626232041162,3.061340423861294,123.56051359919235,179.10679640901566,481.14867730844804,71.89763867334699,19.492036297180377,3.8805222934244847,3.203606931039924,85.19381603736325,86.1418352458748,36.57891433043714,614.8839040103006,normal
2632.182080070527,3.107930299934777,97.75034879986488,158.80433668248358,451.65885988905006,68.01999746150088,20.129563891553417,3.9518907880851084,2.7587295332753943,84.93784914311652,83.98242915510507,7.360460796447474,5178.653484193889,normal
2506.457787601709,3.1339984843906787,115.18187050099257,167.13078994672597,470.5748937332202,65.83327549054503,19.49281139741093,4.053958721811979,3.101941414047671,83.69378577874066,79.99671246102578,26.252474372519842,5335.697263261802,normal
1502.7836032869163,4.037916909459924,97.30716003466394,138.51134802484464,410.6829659804879,44.17832892975345,14.097698918273965,4.330613962576113,2.1368526649516846,32.66081718896974,32.44978165613456,31.65645077394122,4555.024499271554,normal
2165.8883808320265,3.5634886155818495,86.12780549889541,135.63187541864693,423.4154103452162,57.305384693204736,17.538996323836706,4.061502930045749,2.6373091395683654,62.83167167287048,63.5695575823814,5.680701528403111,5839.025860292602,normal
2543.6363441511335,3.356852117376652,92.55612513446995,148.32112033191,440.796347691849,66.91619585641364,19.406968306400355,3.9091181435757605,3.186536082899211,80.07692246876296,77.7731525866399,6.3529556542525345,2548.2635681933784,normal
1821.7272401947757,3.954331919864696,81.97308383164933,128.74872449184755,406.1776704521959,50.60915419450703,15.062887464578052,4.011641531983274,2.5459653019342574,39.63896224155505,46.59840321025079,13.744742050050302,4857.340165530751,normal
2345.9545161196224,3.531146097644415,95.88071689242376,156.60468444637007,442.9265730618457,63.05524008394834,18.581459719863012,3.8412281168979927,3.114141311917166,80.08017257161146,71.34890682020468,10.940390670954375,4102.829684039968,normal
2015.4796358236879,3.8365295364856995,81.23268813629038,128.47870065125375,407.0863000837821,54.560614701377716,15.67059952810641,4.235164722685258,2.492217525977043,43.12690202572662,52.78670276500592,11.518954278775599,1969.3813360518054,normal
2161.090405757193,3.5899674023242856,95.490243215119,144.22538293811468,432.1945844663774,58.50289651935588,17.361673266723365,4.149497900363545,2.8422756865953143,64.65971106862584,60.470610417047375,15.597150280393517,2350.0797032511814,normal
1754.6164431430584,3.7404177957363447,91.9237305356913,127.2757119824636,400.3090819818589,48.795769205869284,13.852174806557837,4.184551337324449,2.253734359382521,32.48319269696203,39.61992902653389,27.261174109661237,1352.5771537498626,normal
2387.7552545095764,3.4505727036808107,119.72809085751788,168.12160561937458,463.9697857358182,63.62959636208452,18.288112416526246,4.02612121363608,2.7864609331421355,69.96774311635176,69.46873339852235,37.99721548922674,1199.972359414093,normal
2545.9077969881077,3.1906960062379977,113.18424545261132,167.53185282623085,479.47536501213614,66.04162424716876,20.60316356602513,3.9543288030558106,3.4501134881794826,95.65596916032675,77.42063111097995,21.82797463679298,2580.3516760958796,normal
2259.6155630241974,3.8222846593717525,86.25335145280036,134.78084759222543,416.76330128339,60.088079903853256,15.936996454318958,4.124916083479374,2.674681284036697,45.03651740452284,63.765843404607935,14.837571479234352,2510.709219613739,normal
1515.5778554547571,4.101273345127738,84.3081570090697,131.67729681525623,404.4458931517277,43.135758134303735,13.986840473725024,4.182935479252604,1.9934890105182304,34.02967445370168,31.41596420761237,21.720854506330948,5339.509792785103,normal
1726.440810663697,4.026924426524264,80.09194868195983,132.99833986880355,413.1116469550408,48.82678663698524,15.141028045973176,4.172066879867986,2.594368945867245,48.66768018577252,40.42721765020252,12.686957466230659,3096.209659146561,normal
2341.601073686176,3.3297383299551195,116.73571848651376,167.0803522079849,460.1918901052176,64.19427164340003,18.43293579198583,3.9428190490575883,2.935593461335994,73.2325719999998,67.8947775417491,37.421950297099364,358.34664262969227,normal
1580.3197277167437,3.788863337131901,77.51485092954923,122.60629366270237,403.91021182936294,44.7943889231149,15.887413971503813,4.135595089269735,2.520662534816027,56.49756848325869,31.774856236998758,5.429278865243898,1519.826156137122,normal
1584.5008354186837,3.8801634075958136,78.83878486939786,119.05334144837002,392.99812349473706,44.97703103335126,14.490491838103148,4.205887741689766,2.519764262940175,37.41438925189476,32.03678177794706,11.75596234817738,2815.571146335966,normal
2465.7667064452016,3.6617936556335295,88.27593074419693,143.78861948214188,428.2301232576664,64.5175177056289,19.79767872612642,4.188735321998339,2.963410835353848,81.96593304596867,71.63191028595992,0.0031398577390400195,1097.6060243008044,normal
2421.8619147667423,3.3984324975585993,102.28478163776141,159.99506438185247,470.24081938532714,64.26773181089199,20.514437338695682,3.8980127262856503,3.0198913696489327,94.20231433887602,77.30351578037914,9.80641992227867,6023.026805698545,normal
1788.5228987353707,4.042889371607631,71.56752831214513,120.03408189663999,390.8168923704116,49.421507002135705,15.699413416637695,4.135485600116135,2.8464018398836806,44.889613222212084,45.11946749716673,1.8203800516547262,6100.471722603583,normal
2403.5392328982953,3.592704737463698,88.45072841774555,146.8884667707846,446.0882522571464,62.47399462835342,19.711213916906157,3.8173434395306325,2.9492491004397574,85.08311226574186,75.11360134957043,1.2115206514887933,5925.528702755898,normal
2025.7944768198784,3.8899828858118184,84.75314703469164,130.56484434062506,419.3356474754608,55.06027259776295,16.26936542982,4.193781849636926,2.3912198474465223,53.57224234329086,50.95549900118263,11.427225651706232,718.2339172954332,normal
1496.0656977189658,4.116367147471622,78.64039464895842,124.79887920908158,380.91047010704534,42.59039039301787,13.299384294410435,4.248007377203216,1.8160345953495993,23.208645641341963,32.19807215031888,18.008692452216206,5445.102404978016,normal
1714.571100763744,3.6845157615527597,99.7701531250428,140.94337294024174,409.3102032754509,47.41177199496751,14.22625713476511,4.288548123965577,2.1505050552024074,33.76746951525585,38.71928346513157,33.26021178669199,2058.680641609693,normal
1719.6132502826863,3.816572423509354,83.69476682723261,131.55410404009615,405.6798443197765,48.1276430829614,15.842510091024511,4.1131619576439675,2.49616174446491,48.1229083059434,41.26206168974795,10.896356064767613,4183.704892555357,normal
2521.4439274091405,3.297717801705214,94.38935159739546,150.53100832202168,447.27973303791254,66.78803329145131,19.89055643380264,3.9614323891458785,3.1902062043202464,88.56321771499131,76.84585643171708,3.8917372758786666,2541.0092833793633,normal
2127.189745106766,3.446330509880905,102.97658496860937,152.6574842843518,435.83747375876305,57.050497619972695,16.96812211806765,4.104276107885945,2.526477062567548,64.993005227558,59.02701614335153,22.477653130189232,4044.8334611612627,normal
2181.661610747259,3.7865327917271148,93.88807763559258,144.85468664838402,432.8084202189232,59.502768793572315,16.604493461126452,4.040368374993531,2.66444777109099,55.38954317143052,60.36424269649342,18.716063057715655,878.1935643197556,normal
2622.3244999079916,3.533969227887664,92.67089925944423,145.61340218762768,450.8668412950598,69.03929906754892,19.16885641666591,3.981481709152954,3.5010984430142646,79.7084256051691,82.83020969682133,9.094848494138908,2608.6430809475655,normal
1902.0068298398085,3.603619858420056,103.55846572906258,154.84159427669385,419.1813378207818,51.88695353195987,14.828405496419537,4.227931786895503,2.251182450056305,35.55053916248515,49.98997721766664,37.48830227540765,4856.476166445274,normal
2016.8855240531857,3.258149276440647,114.90718820489332,161.01029224465242,445.9522082772514,53.92959295061232,17.075121032758915,4.158625079630161,2.535029362925146,59.31075739940411,54.010871050826516,37.824800581104306,4855.92232906464,normal
2577.970360281876,3.341765581423655,102.62337986456765,162.41777154086958,453.1942447260943,67.89590530057932,19.234822530397135,4.089712920776464,3.225630808325966,78.51299376003551,82.3415086899606,17.627535811461584,4295.605059954277,normal
2034.2690173601466,3.6459853230981443,91.68061725682621,147.27604324214184,427.25968160277745,56.143143642729704,17.2924240716495,4.094022605366119,2.7630515067928867,62.81993952340146,54.71606732229318,14.276570528785093,3027.6858706317125,normal
1763.1006910258195,4.081526709156556,80.07591069644835,125.52948234840834,393.4334410664322,47.17353878955263,14.770063379287425,4.188593943836633,2.14566029135387,42.13810138336202,39.2193268779044,9.512164463802671,3910.9652999367777,normal
1965.231542052089,3.560781559918784,93.76443370700419,142.2507249559512,431.1011760375287,54.314385044784494,16.51002369470682,4.06381660358904,2.749345193676168,57.479898187225515,49.517588478100635,19.3212401970484,1316.7668926331976,normal
2037.4976101345696,3.9257078829171403,86.20827509014843,142.12344183489034,419.9427071564723,56.17771783539635,16.167283339864113,3.9279759550844617,2.683375508263146,55.04454034898277,52.39340386707974,13.97265815379375,188.24277418664087,normal
2300.3255835366194,3.437281690585278,104.6540825353122,158.92762736592655,453.9477624392176,61.599476960105555,18.108825644001033,4.03486857575124,2.733670869875925,66.1930255581714,69.00450942558521,25.02920024691682,4937.288132204485,normal
2391.742646724688,3.6511464801310676,79.80875474761207,139.05220114819332,432.2194597866408,62.512298444519004,17.972546142706598,4.075997701255804,2.87034350142463,74.4714654870204,72.29461688075895,-1.060250817227211,4511.232669599651,normal
1943.4035091326905,3.821653653410263,75.73209126608553,122.85434069019104,411.64252879161336,52.80925950097085,16.62866471436226,4.044592105243351,2.709818004683385,52.81002446454069,47.23006736338718,2.1396215945969566,2602.283261435874,normal
1627.8840152045075,4.067194653995858,92.9206926990387,138.53466163557792,382.296392190093,45.629299948702624,12.149799173090274,4.082805523220057,2.074348097407487,15.554894520125814,36.63948427394494,33.481575861741476,5892.362345645947,normal
2103.7633018449033,3.555564433015661,96.98345042079997,143.87352901476606,425.65696070264585,57.441586774537555,16.756716911121085,4.084492818641643,2.5625456590195044,54.577424466487926,60.70740348057589,20.484486956263375,3607.8471191377917,normal
2141.352070415028,3.692591069462688,71.36586918611987,117.65383421822268,404.1557582721839,57.77972532643037,16.287219849423405,4.063861084530578,2.4792046946615445,49.73903573197282,60.87463314162953,-1.9793060782033867,4094.504651019136,normal
1727.29437923791,3.8309047844044524,89.11935376928862,138.06649493727747,412.12608759846734,48.43476056751504,14.885596841753436,4.151956033506224,2.496669664262287,39.30381903844799,38.68897420203648,21.070931680593795,1858.1717319616337,normal
2635.109254616059,3.2689582032061075,94.43198355815227,155.07192308948072,455.7109210401031,70.67422231691847,19.92504826773002,3.815162171827007,3.3435233216688665,87.84497655532402,87.52047244817747,5.944533154747051,4317.984988644997,normal
1991.9911669595701,3.763320783120583,85.96420731005149,134.84262562389503,407.57332828848934,53.35296262324647,14.762948677068211,4.125597621744583,2.5403104725876395,36.16729020472653,52.85577569687276,16.775607377821302,4577.63910253993,normal
2661.254739644776,3.2467353981878957,115.19465446619272,172.81399540788112,462.4882318408438,70.5976743435801,18.98006939475436,3.970805251981195,3.211868017415979,77.22463235048133,83.91166210325171,29.72470045505328,1389.108917626929,normal
2458.124187454623,3.2621698733027937,104.35868026311867,161.45847280050847,466.8345485262321,64.99925898249045,20.67304519069641,3.8548627423859045,2.970235413553177,89.45929925794725,78.44738458112664,15.82567915806849,5133.079063337765,normal
2438.1285121148026,3.5779893100433995,83.10052608655431,135.2845427325815,432.2620620509166,63.834148658540265,18.532796387004396,4.079156383938933,2.931501319082579,75.33517274822113,75.22201197771251,-1.6235345717256082,5189.310638315478,normal
2672.7071808371948,3.3964423960844368,110.5735515270899,164.51474773444292,474.2638286562059,68.64812300015613,20.287862367279065,3.8761744434556586,3.0694305903753087,87.40282936565347,85.12591667416537,19.729701896890788,3370.226506971003,normal
1858.32197747426,3.7330066551792265,104.45497320687252,150.90519795854573,438.64725743369667,50.42163001330721,15.845719554353192,4.044261932469047,2.4026326111854406,51.75614353669071,44.03934626937504,32.73304286018084,2186.4612914287623,normal
1826.049439065698,3.746526908351688,95.14613157830418,133.25460684048718,406.1320538544632,50.33738301895052,13.769151755267753,4.2736823370233,2.103640837779891,25.104731119935394,46.61317998693441,30.98281033198218,5004.743125759385,normal
2728.19164891216,3.5371441079540893,95.21297464698439,150.27285953071458,439.3017309629068,71.67250897748697,19.219732614017236,4.0135979928449235,3.136850645980622,74.16557192816505,87.70094856843168,9.08343522829015,738.39246410717,normal
1945.2660020401465,3.634214937178481,103.61483567397298,152.5448738462606,437.8407884649911,54.965386657498854,16.1121850111882,4.028462416394208,2.7790690336513384,54.62130083520232,50.67842171927605,28.065157885386974,823.2973313451921,normal
1816.4123457214364,4.212051523885435,65.82608698013073,113.85620326287486,376.36254379237937,49.76989158303051,14.680638838040801,4.3209660415411015,2.389814359403061,35.90870284592466,43.716900238701506,-1.4836017038638187,3677.3507211377905,normal
1771.3504444056043,3.9913216450978406,82.7998624260717,126.95157562655574,399.8660757232279,48.951624932346625,14.941385686348495,4.099664441667301,2.328832086421208,39.22247788978519,43.66912368754763,15.879001180867002,4836.437768760319,normal
1678.6121506539941,3.7912640646331264,93.15397505577474,132.7115122087691,404.55973091434583,47.13632631866697,14.159404431352053,4.1529824918913745,2.2667999394738594,32.03557825230557,39.26681546897583,27.88615409161885,4576.814366395049,normal
2210.2550472831617,3.2825178891130116,116.6440907783499,165.45831077677866,455.3853662201442,59.306470446500306,17.85688973765757,4.010741764283641,2.702524759267932,67.22257216265642,62.22351524791624,34.99789309222768,1254.0942897117839,normal
1571.4778784888347,3.6407943041836583,98.94575189254331,149.5016166076334,418.5984259605965,45.758605271875254,15.179166897440757,4.09066803778383,2.411360729907139,41.74808705132494,33.55510699216234,32.225707667232605,3076.269190973987,normal
1477.671950013939,3.7266488174779555,75.8183032238378,119.931981379417,394.23515629656515,41.560654668198445,15.282323015392253,4.105586578739352,2.3185558239046267,46.79110438285997,30.728892719402264,6.762916151687667,6077.873502990176,normal
2320.7467143965073,3.3925288548377983,82.98361183208226,137.51597848371551,439.7948105360997,62.65963442703964,17.861678421442335,3.8314710505900655,3.175548535763216,72.12864071909394,66.96180216358572,1.6925625665962052,1491.2685038087536,normal
2257.0422526576854,3.6371521814096814,107.09746220411861,153.13058028426735,450.88499491226867,59.51777209523255,16.560385155189916,4.1497583119995625,2.64072013697076,53.84268688730931,62.97754066092459,32.75067189228724,2225.6335328941027,normal
1737.061885161429,3.9595928389354325,72.75266705019027,114.51306903600472,395.2456875673409,49.05665463580045,14.039400525291171,4.094018842535605,2.2061710753112305,36.396437527510365,36.720772258390355,4.955982977379757,112.06309442953177,normal
2335.6810716766267,3.3524026541076593,99.42780277502229,159.93763909019154,445.38672401595085,61.025292730587225,19.03652957023858,3.915034558231894,2.693469989821982,75.59183824345733,71.29797981417899,14.735106392923162,6208.872114560695,normal
1749.4746313476562,3.984096374160576,74.03001437432813,125.9450164412206,392.68220688389135,47.50066262298488,15.789295926885654,4.067794971919927,2.638844693238158,51.21694355900399,41.025892827961044,1.4099952210430435,4696.881593419873,normal
1611.0639985828886,3.994499174787901,79.04287312307365,117.92092680028405,386.86324991019654,45.2608643860566,12.93218576813303,4.108477741839776,2.0190355668112314,23.958550600491893,32.357118714303915,17.60608063174315,1358.5550966875844,normal
1583.119032440245,4.0313553612517925,75.04959797960441,115.4397970378846,383.597486840769,46.69822938938612,12.813007738290606,4.061548611564497,1.8394586948701714,25.671788293524727,32.29915601347717,14.562095898825401,68.44572268761118,normal
2480.231933880845,3.2999303549392884,105.25155994958385,155.04558346151393,462.9438031511219,66.51841504118347,19.08299988091045,4.0994962300415105,3.0516539694593634,77.67292675875188,75.12498463677598,21.3741103574281,620.8158864546496,normal
1603.1493689879042,4.117851522641923,70.65837351029728,110.47852304248747,375.5538184679984,45.243319926177556,12.577884539594354,4.285869376449008,1.8415912629432625,15.261710168690843,32.98830800908894,13.761935340428742,1908.3810489299483,normal
1756.5189942577636,3.826952625713976,81.94352664053659,125.40611808331157,407.3184329249594,48.97202149457345,14.883651024645923,4.119637005501762,1.9237998082365184,41.532103423347294,41.529832951314305,13.74157065495109,3439.864000453654,normal
2738.481926625267,3.421500134850458,88.35551672196635,139.1031752970649,455.9539462914429,71.83657431486654,19.755918198280753,3.98019333700716,3.3299360158330034,88.36499915884227,84.89668263841331,-0.03042525665059448,814.3038162406244,normal
2425.03211483633,3.2707710793068334,110.0299447120626,167.36807232943318,453.28307343534976,65.05279777431905,18.01488376902668,4.019112732335503,2.9977835982103613,68.29912173473069,72.98195708261615,29.15453417489939,1318.0565911128433,normal
1758.8343158200266,3.964373734549701,74.47965970598723,127.91704120655243,402.28357786103555,48.38489573393229,15.158672340730838,4.126531672167697,2.5906533032283763,42.507110722344194,43.25815694064267,8.652688552385708,4936.240264926821,normal
2279.7698953596355,3.7231633545346234,85.5273613456643,128.15896400231773,420.2525289014054,61.49319050368475,16.429595730252654,3.9739382873506575,2.6903404649178904,50.23055019056015,64.5229729910214,11.440887833281366,29.27085037488969,normal
1863.2739576456072,3.453785378619452,99.76901376130748,150.492122426121,425.90693587535264,51.591797405516736,16.52110537949724,3.9474086042017755,2.230762116114442,51.39965128637403,47.69966119432515,27.33747963067152,4767.024765695799,normal
2104.228328997495,3.7087000506841616,87.37742229955838,136.0051800801589,415.12393649915106,56.58004251556957,16.113309577470744,4.188750410563026,2.511571733210098,47.91785400807118,57.606187128272126,14.414253022022985,3382.890464435436,normal
2201.1696987248038,3.5092870720163094,91.99225327949368,143.28055157478073,433.12214550221375,59.23780910013102,17.13033240383847,4.0541391892860315,2.5977719479865864,62.70863592628155,59.009959311247485,14.887934778383514,689.8180437725414,normal
1814.0813392833509,3.7314914511583197,100.5374050228016,147.3480337003663,414.82325000923487,49.673501931428824,15.10902100121529,4.168761452792737,2.302262192775623,37.346832599585184,45.459289189750244,31.576746185125742,5816.280388316416,normal
1573.3389132619484,3.677152052459903,91.25832387436793,135.65829065386578,408.0064334055718,45.66977359838964,14.747782575531946,4.179291028990315,2.2212550232079424,39.96446772931415,31.364545092308504,24.59555032667538,1515.2679534743138,normal
1624.08090863611,3.9878816284215484,81.77240155870821,124.69349203587167,387.55034623804585,45.53274566150115,12.64523229073809,4.433025506134757,1.9484727712735987,20.443039178988478,35.16529442326647,21.476896352697405,2859.3888989756983,normal
2420.882537816674,3.3038452561708787,116.16917751960025,168.75408772368218,466.39884410350083,65.0766768475447,18.268085634284382,4.0115956647902244,3.206466547259885,71.39932534763223,71.63051096336544,34.10898224183014,385.3174515201688,normal
2046.4459254104834,3.844355725588646,77.48488686239735,122.52449853913801,413.2103617009537,57.03569265215862,15.964555826960938,3.9300898925425414,2.8804810756164323,51.595013551135814,55.28342180171342,3.7693329734150858,381.38026286239835,normal
1570.4217771818026,3.804964158837332,88.50882039719005,142.86809311673375,402.46756884524325,44.476208668273955,13.739655752443223,4.151280188685089,2.508591376607686,31.497743507109945,35.601977443829874,25.431497961718463,5862.442921814413,normal
1999.861024370544,3.5988545080811134,79.81951831975537,123.17730276627496,406.1831226368242,54.384454503340166,16.025814699311237,4.162510047909694,2.6499349837111024,47.370613169306864,54.623869199726734,7.765466998615281,4420.66492767605,normal
1643.2887160197893,3.7699243986965403,101.60842058964379,144.8471569487401,414.51204628726185,47.84995003902397,13.73151989991621,4.126981151404095,2.259769493965705,33.943807597479974,34.52113950897354,37.5699705709451,252.2268821588498,normal
2726.7381243532263,3.24362127935549,106.45010678036984,160.06699455870725,464.99799001002555,71.50093920497143,19.358682516981847,3.97406014235683,3.1664251985291383,83.71994957554082,87.39122410689168,18.87347777424735,2006.9803941977302,normal
2545.25643272581,3.336003106753838,85.85486275151196,141.83289691023796,436.52474363870664,67.30033280586748,19.814917638122356,3.879897277792272,3.1247599329481344,83.94490520119083,76.09879400830796,-1.8492187253584969,825.7318776311545,normal
1677.6058609468257,4.0818621605544605,65.69584817984583,109.76218085965937,379.2649942965989,47.02821816093675,14.110230084280282,4.267680631625848,2.262439243040256,41.29659227767484,34.90304335444442,-2.2337634135738234,2470.313442810005,normal
1974.4356114563204,3.531627590962893,80.10806878411925,135.13384533708998,420.77276906261795,54.237602642311806,17.241027208445328,3.950590045141436,3.0471561170504726,62.897513786326215,53.92394719914892,2.405187191303831,5472.154200178667,normal
1741.7191754726016,3.8440266392088795,95.45346225980632,138.1673565237156,416.0373442768025,47.31578037746283,15.114224388373435,4.237858483628799,2.426090942088355,39.47826523071328,40.04441041881085,26.219474486363794,5048.187779148991,normal
1613.5930172672195,3.962480858598346,71.86779644389246,108.62381902612393,382.75425075833044,46.25568294533515,13.990658409755508,4.149848135406762,2.192995034145981,36.35841872550693,35.1800223384493,3.8832450978903514,2776.733523755943,normal
2711.791756642162,3.2532428345970095,92.41447929897764,142.82128170476958,453.5994485961096,72.1303763207435,20.80802420339718,3.88038456705933,3.634529422505667,90.8760986653493,87.65030990209684,-2.2200325603618305,2003.702594975423,normal
2688.2032523374596,3.220831458614178,118.26445344163145,178.36046719635877,474.75719193934276,71.32787336957239,19.91948474278127,3.8691545342192466,3.3707286013120825,83.87556500773677,87.27487354185749,28.624965089472504,2875.3115959739,normal
1688.0040619160566,4.016221233561843,63.91010166506714,115.26683085953675,384.4934842953772,48.22498584687146,15.052457205202723,4.306420495681814,2.3494206876153583,42.47450238576626,37.35040368950193,-2.520842244499512,2479.826272731775,normal
2268.2068697911377,3.592216190666483,96.35903520151776,142.9459539961008,437.6373885024077,60.71544850202624,17.089983122636568,4.032190767167873,2.89858685312972,62.10755440904945,64.30215627351954,17.904431827696285,2136.9354544960715,normal
2625.9505895038124,2.9111775603570544,129.1965620567944,188.84744297106758,497.31376653991504,69.57963426126335,20.403270075950587,4.179153121675204,3.51671183271228,93.20334447858582,82.71507035847827,34.425405567510175,2078.318804680903,normal
2569.4238825346642,3.379177310180132,100.07387928505774,159.57436233263735,460.0755756793155,66.41090343472641,18.999320819489906,4.086970886550895,2.9979004588431963,76.85989459372507,82.98205358662511,16.582073324508276,6446.887926152324,normal
2406.520634132104,3.11591210303692,117.53131479332374,172.05215041555266,476.5085960655553,64.25160596140198,19.200526961129917,4.027727250913542,2.8710401111249477,78.63000158054673,74.5780959441174,30.798190483470936,5168.291828907748,normal
1821.3151542081732,3.5425583254861963,91.92769197001086,143.02887052062212,410.8821129403452,49.621133584551814,15.78552344184877,4.13282562953256,2.4807809804149277,52.03590159512546,45.58517489762115,18.339158204245706,5489.391883964931,normal
2410.8173688539828,3.5882482200337615,103.80894540530831,161.3458628552592,453.9905905825743,65.09613352731121,18.670106391372116,4.005091474112475,2.7318147723323345,71.71375513486318,73.83512637349904,22.292884479822145,4015.3519722138726,normal
2014.879157736339,3.7003868133834237,101.31714674090937,153.55970511261174,435.490578734973,55.03449372190771,16.074508015936875,3.999588696483048,2.7300773555822735,50.372448998949984,54.07609938091597,28.97557126257478,4227.094143806897,normal
2494.7377417708826,3.352687434772702,116.8379514459057,164.6766296987734,462.39702932161464,65.38617300417744,19.22003152665429,4.074324715141823,2.8058158602831402,70.4266350888937,80.68529591818228,31.494320879660727,6411.288860224346,normal
2472.317374010308,3.4586130374563147,111.68375684548356,164.04393861281974,461.23224603848575,66.28000101849577,18.756139299928222,3.974022698887528,3.0528137093090972,74.5274134065393,73.89158719191147,26.88456432782626,593.6492775466132,normal
1706.4673018951396,4.391399164997532,60.92190529234941,107.84290570851917,371.10019798022233,47.26484579620941,13.014298947716544,4.084105504866283,2.271811562419017,21.097273287216797,42.40099970661899,1.960982480530296,6093.403009176604,normal
1885.8044518842999,3.7734953360615466,100.5137502715636,152.6406112172486,427.3762022749527,52.393719062274734,16.65502234684692,4.101431187242859,2.8109624956145747,60.67342354047656,48.53656416262847,26.517747454556467,2673.358417573196,normal
2709.1893865530687,3.4206107615426693,92.08658537067731,150.48535926102443,462.00407155569945,71.41935739572949,20.766640236373902,3.890426203524195,3.5715607001452527,95.73811793262128,86.48115319844136,0.1149609298041605,1728.0237601317308,normal
2625.238662961543,3.3631149704473837,104.82990028921775,160.25485219998237,447.2217163243976,69.13188605722848,19.063937250536924,3.9381094130197667,3.1325362070843656,71.11074876600418,83.68579259075337,20.264136755153036,3503.860966364709,normal
2062.232081827294,3.7030518211287062,77.79260329668786,121.43511472913467,406.77101620730593,56.8478508037798,16.263312366153475,3.9029141192784165,2.744694574773791,60.18912094977988,55.99824180019516,-2.454870773525516,1342.2540550671722,normal
1963.2296013676441,3.833375354582392,109.6817128178551,159.87747754067894,442.60077081419416,54.17935573819171,15.809795710957681,4.0500873275568114,2.5212283336364143,47.055140344448134,49.91411449189012,36.50592042743565,1691.098661624835,normal
2546.318918404698,3.2157736196561273,124.06212168069274,182.1518114260229,475.1396174308352,66.26866520778128,19.311220602131,3.872053142490199,3.2495318665560053,81.29814646668913,82.22491200568238,37.74628723351667,5838.043000572445,normal
2472.615775944296,3.385155235117319,110.24421367011966,164.95456394516646,462.4691834258542,64.47013476120918,18.388071307006985,4.127613303775978,3.060330898730514,68.97475800683988,74.90142461356764,27.126567406411596,3825.17065513369,normal
1729.8096872765204,3.9574448561273874,89.16888220652491,129.5751759731999,405.4682829754314,48.52177136762689,14.867096692169339,4.132981077506749,2.303088671217384,37.069495991544585,38.86773783887665,20.680624292838846,1985.4351365192101,normal
1994.4961433018784,3.872435801663637,81.03398300092564,121.71232318227868,400.18153345637006,55.21445472010216,16.52520879500848,4.104709737572333,2.464017702749506,54.34323461599787,54.07329902214818,3.8821162458793372,3746.0603333814734,normal
1784.753857389355,3.8573380175733996,69.286910062831,127.99861477602232,406.03905808683373,49.72802123711672,16.37003640309126,3.969859229011746,2.817304138521752,55.994122234256125,44.63509144202976,-2.7778468136276637,4989.48178691589,normal
1560.1225005733006,4.23851851127751,61.08400370987087,110.55023359000702,364.92080122254976,43.00846628962821,13.505347987996448,4.222033366367292,2.0893782954120277,24.9774803665192,32.78617119306995,1.177547191924654,5912.450778689186,normal
2141.367909097949,3.5020573743765997,99.72855530572366,146.19085875399827,420.75378579026227,57.957657981449636,16.419408934589804,3.9759628228655135,2.7527817739270333,51.851659817263304,59.35429251112866,22.795216489355372,2758.418552982483,normal
2566.933226540774,3.3486226428974772,109.73914303453209,164.73910838151926,454.7835097758641,68.98553795101799,17.682010385941428,4.07350724360786,2.646463836676132,62.784977283047006,79.93925056428603,28.127863427237674,825.1842536386574,normal
1665.5305925096268,3.7894072341004685,96.28163305745748,140.2853334727476,431.9492061934793,47.98643515268259,15.153373067524823,4.129642169308508,2.46733619245611,49.21012172457843,34.494978592171194,29.160190566996583,54.96324903398936,normal
1516.4566830416265,3.9219921586467685,86.11669224681158,124.66658208612338,402.4704924169849,44.849837044236374,13.750052366109731,4.180049231605504,2.4560842473672744,34.67626848961076,30.048464368448986,20.557600310607526,2077.548997264549,normal
1733.9632776923872,4.029018290259242,70.00530512272368,116.65543473653655,379.33965269598775,48.25514278726191,13.273731568244116,4.105456210746484,2.2743526273379215,22.86097560372918,40.50925698290034,8.101710759877205,3770.5675106268186,normal
1801.9974557200887,3.734220280310614,80.67607504111373,128.82937068646697,403.753485524193,50.188720920419726,14.620219636063482,4.169351317207284,2.0694441101016934,35.23526250420727,43.86733108900261,14.564921968833255,2989.174472320817,normal
1630.347667486236,3.9764637800871996,84.82672205987019,127.85962385658236,401.8437045815722,45.76090385831511,13.947747072101198,4.2196540672244165,2.180421731488872,32.33925971134018,35.163886543717254,20.132763075756614,3840.3067188475334,normal
2694.8291103651954,3.4174613532197853,109.37940341039484,159.15404542379767,459.2380127577108,71.33592954993522,18.644930293170056,3.857588751321113,3.15570187343905,69.72002973440078,83.77145544794021,25.091476996071698,343.6039236885644,normal
1822.1077967812587,3.859728816203607,93.10614523150515,138.34506586193623,405.54692947934296,50.757441328857794,14.04615259578223,4.255496784444545,2.1748163815234225,32.064465988588694,45.506233199687216,27.131633239563463,3651.608464114453,normal
1628.9364785346927,3.9354192973858155,97.65284564109832,143.96573676314935,416.18044756497676,45.192484800684944,14.083260855418413,4.247438686039538,2.3688119805435814,36.093775302725305,36.936864755102256,32.92841375445193,5206.755200666964,normal
2499.077689112115,3.3959960975577426,105.38221572650968,150.83920242455414,449.46295759582404,67.38904308242512,18.05885997105324,3.889672910968902,2.8372831221134502,67.33142080641309,75.42400019121342,21.00832868843419,156.05008305608186,normal
2724.0057547741503,3.0671384457325743,102.29851288397859,156.75004956107009,473.29988104805693,70.95025071568547,20.05664570988986,3.926873945193974,3.144693120752095,90.17805897480582,83.86359179887269,13.331010295198439,214.01387452052083,normal
2070.310760626465,3.6223906048436705,94.71765877482636,149.81196486477444,425.627940543683,55.68057489726038,16.749829625099828,4.043314548204731,2.4792684622031635,54.63059206412621,58.903439584982195,19.522194421247054,6404.265120709541,normal
2469.298545287629,3.5130151396362796,87.86392846033215,141.44838907273012,438.8285717390536,66.26727842414455,19.51206490025745,4.003553803873637,2.971185213273483,79.01986157509059,76.71098939910713,3.761819299578953,3970.109935359294,normal
1744.8282733801475,3.800696860310176,82.96810188240512,136.6902534700719,402.6621083978359,48.18519242237978,15.23081884192477,4.133009420365104,2.5194189805746463,46.160098639357614,40.84036486881051,13.438372085188302,3763.1185570030552,normal
2520.4318353973363,3.027392577549089,119.12708470588349,174.01385709826326,471.4445165701465,67.59870167391631,20.12025958888245,4.061267223606991,3.371354408830189,85.95701579335284,77.22546803424683,32.99187934649487,1013.2471083568477,normal
2726.4741293882985,3.2087058440102223,106.91746497442858,159.47135635106642,462.48454000658256,71.23086399966667,19.724667070981784,3.9154443785431314,3.3959770499371786,85.09209979164686,87.65530243374666,15.629325981306948,3212.893685627155,normal
1928.0631919178884,3.887226657907553,104.1042352886667,151.8874235856269,431.4425586398852,52.482919145969774,15.850618923499319,3.9769884523820656,2.41128452662761,46.051544914915404,51.06229816788349,33.11686541345537,4009.815201158699,normal
1562.1250537348224,3.9180817918261117,94.95157247975501,136.54543337829713,412.54368154511513,44.89504103017312,15.11193686665482,4.235910561476677,2.40705630965167,40.37593803464799,37.18827477634134,26.099123655498992,5720.957657790435,normal
2157.181532346899,3.3949369506533946,105.42605215466857,157.43441305544053,449.13732291059205,59.20571238205582,16.426615509335704,3.985139586749497,2.8277613903008074,58.64803230337439,59.05056915088335,30.521112955241975,423.9251811122783,normal
2056.269617747849,3.8508493956150596,75.60135465767728,118.66457003901444,400.0169996616509,54.83107271919309,15.917686743609957,3.9838714743911585,2.5974712920613148,47.800724417913386,58.26216277071853,1.9399004031867606,6482.783361423203,normal
2347.1143449689753,3.782609700508248,74.46289432902901,120.71959859644913,409.92057888013323,63.62287983474023,16.88835535682251,4.140151777738685,2.4997325011199973,58.12912035682166,69.16392965115266,-2.782112536106446,140.32136975553462,normal
1923.1652757431095,3.569893599116448,107.22588877464118,155.39073644538044,439.51577062523825,52.82752072572993,17.15375001206697,4.0436765154043846,2.912619045130108,63.7641714767675,46.88207437538489,29.1712263512909,1946.3928086029787,normal
1680.9412608149953,4.140153256630396,68.05317954764321,107.57077739287142,391.008945024779,48.03598443902246,14.489751109067836,4.125887858908111,2.30476772207233,40.50802204062005,34.97006249380709,-0.938864513248554,74.46721450337512,normal
1549.3313414389338,3.7625886227135306,73.76955942417793,123.47179238422166,397.06860269893104,43.66924525200867,14.722087263120901,4.337184812933808,2.1888152631172693,40.89724507007623,34.41287795041186,7.683274395433862,5774.860641003776,normal
2690.9784714260068,3.1165461923526965,108.59569320045361,167.96623432653283,466.21040436608484,69.28262388043323,19.40323307746412,3.9789361211188385,3.6416072333805567,84.35627080314181,87.46663900635633,18.96778175951802,5860.204436392679,normal
2294.1024331162007,3.351265320855459,99.07792521773094,151.79954155945208,453.9151977221815,61.23618557281427,18.990766850832145,4.275389756146889,2.9710927563882557,78.57897236104299,67.91285024519607,13.895295887423028,3855.102886120737,normal
1906.7490720460999,3.9043418182204572,72.27472941139781,113.55693289928934,404.6373842193763,52.27798213247699,15.956120480067884,4.018517862964818,2.2926768973694793,51.35554598646792,49.31671316410683,-0.4896842566729742,4765.964537781687,normal
2040.9905076711723,3.6387623120244696,97.83933751210307,141.31579222803177,422.607022928578,56.006305823808255,15.046741141906434,4.154268002454139,2.412464142391144,43.52524598259586,51.790739170141386,27.163833601503413,219.7922392292001,normal
2095.080900235913,3.9175790548767657,71.65699032678074,127.12348993179685,409.3128495881226,56.250924210636825,17.226981997513292,4.153217269847063,2.770013412175331,60.58081130756192,58.337358918671924,-3.4377978846774004,4396.578979017741,normal
1504.738291385012,3.830622112687087,94.77366633020159,138.0396794786771,398.8158721959735,41.89872162393377,13.914974824328802,4.113281051223821,2.2885273774510386,29.466729599247827,31.664318308119288,29.650664493982298,6333.629967386668,normal
2454.971616313425,3.7443952251422004,107.87466462219645,188.6393319102276,482.23432431986396,64.26760073265656,16.690237197927573,4.113038496299458,2.7321679964827723,49.55249784996303,71.73704834498996,13.353450127412803,1816.6140139078154,overheating
2113.44974706861,3.415120338586172,101.87364411356685,170.4069705895996,474.6461195390667,56.52707955363374,19.023963132627905,4.0260519183145025,3.1523881899400443,82.60544108683357,63.18458459293457,6.915396536567954,6334.188125266012,overheating
1633.3152171285176,3.8686060947709224,87.63519459964118,168.9360096342678,447.75561622865376,45.35105107571843,15.398485652414223,4.102311446905199,2.4216411059846314,46.627210959121896,38.21363981416229,-3.004505309567417,6269.764465916744,overheating
2240.8738456212523,3.4731282514724393,124.38842194363843,197.81389771221782,486.5307776929684,58.891233124951434,16.801547781573575,3.9615882918211756,2.756592078094336,60.36610319807676,61.30802545803801,30.236708875954378,2413.805476258454,overheating
1800.3789687170101,3.865786985904203,86.3727659551172,143.2843298420061,418.9847914946608,49.09592481953946,14.191916342352204,4.169579477627179,2.536258927816403,33.56132320863838,43.751305884242,10.057492939706673,4138.595195163034,overheating
1577.844724558606,3.8060320038595283,103.18636743215791,167.52685697896905,458.9220380787528,43.34045171308459,15.647810477025358,4.203302132926646,2.447840797053392,49.89202558559147,34.9832212185005,18.62475294431172,6333.292650420089,overheating
2598.375378653959,3.127879362870231,128.23645498217394,224.59041700875468,528.1070396289152,67.31671297820371,20.192035486507322,3.9670438284983596,3.176571959912303,87.97603550851987,82.6960135515571,18.36769554516022,4990.957418804981,overheating
1700.4109886452775,3.812972638439342,104.37342790728844,187.89631586871297,466.959820574544,46.99290556836519,14.632534238260948,4.106276170032142,2.332727651050675,41.51465867325113,40.78324349893462,17.230227497756843,5812.0234354860895,overheating
2501.8207032031814,3.3034351890510703,110.55146783288548,186.570659415883,495.95245333431274,65.74470083282564,19.318146395535432,3.9125652434446776,2.926997138918928,80.4977055090005,77.33364865695403,11.155894314313073,3903.4555531754545,overheating
2373.203659624125,3.2524036795717017,123.7669773087741,200.70741811877937,499.5294759124224,63.50718059756017,18.392348491820183,3.995517991966601,2.9664496267882257,76.51109811532902,69.77859208292041,28.187984259501164,1550.0474985187716,overheating
2527.1054262608095,3.023978974413983,145.04611413149604,234.8983346822784,552.5950047613788,65.82753620560683,21.129739999978803,3.8621712033340274,3.6100190000472736,97.70579508824454,82.02538966661747,27.9667721749322,5929.347711032373,overheating
2439.416923140672,3.6419625650626406,103.00499311513646,175.52554191717695,477.1743853124785,65.45259388439835,17.9187498472158,3.9460341368141667,2.8435907690913007,69.84539680482965,72.92891029065323,7.876901839662502,1814.388760141187,overheating
1732.4243866160036,3.9501109644895145,97.9366020321134,168.34841169093022,447.6833985289059,48.53605596356469,15.177730630836585,4.185903873154497,2.4705251397960883,44.16021226093171,38.39803372301156,16.599163879422726,1952.4272100795104,overheating
1727.5845000233933,3.6044868852709477,116.2535911114888,178.02848358074658,464.5131830935943,47.878676965062155,14.752449379769219,4.2284987475780635,2.616530854245558,40.26980036792184,41.709598868976165,37.5620360320098,5785.728562111056,overheating
2720.438142264082,3.1734176098152482,124.2223518059692,203.24776804437315,507.3757011480261,70.6345252049567,18.586993210613635,3.9214231986637667,2.948093674611831,72.16762016013553,85.42426819938004,27.674215808418417,1739.6028751501797,overheating
1601.9335638496223,3.6665339524278924,101.15497462907742,166.16151977838012,433.0707533893855,44.954919594338534,14.46628423530331,4.162240157332931,2.3563264216042836,40.784128177941284,30.421339120718322,26.981459256945996,346.18635109696316,overheating
1542.2895505957333,4.0257246171193195,88.70581539828575,157.08877239740787,433.89851648037205,44.349716941005326,13.232785883767571,4.102755463198282,2.2649714106995877,25.200536126257678,31.079188507007192,16.0863254632018,3214.2301635633053,overheating
2500.6476669150725,3.361002242389036,120.75899022779511,194.6432320259915,499.11453962393546,65.72901683588255,18.255397344584477,3.896336323126543,3.1347477266386363,70.82777754746924,74.913882887915,18.467347350992036,1917.8250623082063,overheating
2331.4666191666906,3.0776731336795655,101.6865097809014,185.28489720638828,478.49008497113095,61.135012395719194,18.82754736708635,4.049714725572472,3.326926337028953,79.38344460297236,67.52801519943964,0.09189319666454998,2892.155334652098,overheating
2754.0033397958136,3.148030847412889,135.9785312768556,221.45480213023103,534.5975770783787,71.94075822919173,19.779883543027648,3.8174311086447905,3.2770371115992085,83.295580786713,86.6098161081457,30.132509067026117,177.25067073170308,overheating
2481.6937806395704,3.116527512867407,125.67855118280993,204.73282699746306,496.9555083800593,65.11607248143915,19.204381976839954,4.091552846753707,3.277899477698029,78.72799314386695,75.39398601063606,24.860671498029653,3790.8060016865693,overheating
1740.4434438981443,3.9479711356408775,105.8590401071028,169.35387948014835,434.2913259672555,49.258511811872935,12.506876169837936,4.214146941468642,1.7868335967718858,19.311084920396663,38.17136257383027,37.77774193010055,202.84989297641997,overheating
2632.5198289734913,3.2613079249803523,119.50205023632398,192.19257867079318,487.1217871566554,70.19920870127416,19.465264697570344,3.8173182105373153,3.200829210347036,83.16434278330736,81.62272622560197,23.45759190356666,1437.618298726743,overheating
1658.3337640246416,4.275634535034349,68.76129218948421,130.52361964845292,397.41111667468743,46.45547081623452,12.414697124337724,4.131811345736377,2.285427682236424,19.987962422727183,33.629467805495445,-2.8691261326716186,1690.618394953779,overheating
1671.2964290670757,3.9152657984057964,94.11736647169273,149.97052928738597,419.1677221236662,47.15894615603189,13.494217885676399,4.210657518864631,2.1445124082879907,23.985841576762237,33.68027645679151,18.779223635620106,473.17217068400805,overheating
2539.498959898991,3.315303514853761,109.72975619345121,192.9375119286276,495.4028781130537,66.20706331756399,18.803083600077247,4.023655597291827,2.9442522532320123,74.65351352342286,79.45022144828324,9.756206764403075,4396.1571113959935,overheating
1590.5529809542195,3.9202651342869226,89.91353516740963,169.57989150994118,442.97713324388764,44.23168487385659,14.690766959691635,4.1990779017064535,2.528024920506717,39.52365919187989,30.172550458328995,3.22081982576767,2011.4816106735705,overheating
2273.2715103210526,3.6220117942751067,100.03963785234305,167.30069944553134,448.92027453040174,59.957392578573085,16.990284300083122,4.248400616996428,2.6667424881361526,52.01162509644234,69.53995986419943,15.640068616147019,5962.198586260121,overheating
2512.826002646134,3.6100456830287078,94.95451670304062,175.485306754283,470.1965106362616,66.89881826129208,18.87376292088841,3.9177802678478466,3.173202507755242,80.29837231795881,76.96345724621088,-3.0156674293084653,926.7478837536664,overheating
2564.1454637611664,3.212460661458782,127.12706426709912,207.10290569219404,510.123037940575,67.93686932331269,19.20622332356303,3.939856927704053,3.2944357746132686,73.74534507429564,79.78472646122115,25.422481617112005,1024.0556011452272,overheating
2158.533679332375,3.6689586611379252,103.55529003129907,173.54664454245238,451.9375955987877,57.59098204047279,16.423421922341973,3.891025996411294,2.559427682912047,58.21144588966571,60.17075136476985,10.713283273799588,4247.3313258084645,overheating
2071.2468758568684,3.5993106647509148,93.53289355832521,155.68251021752803,436.39220724035096,55.74083902837682,16.854741247301945,3.9416973580501278,2.640567625300676,59.66074567116396,59.64057464853751,4.502278848926368,5439.519483441087,overheating
2023.361235963292,3.692855705391302,92.02541637178047,159.72943967985975,461.62468077353145,55.14718445093031,17.06358629577233,4.220770206183275,2.5754488506271604,57.168800760103125,54.67760410134523,2.079150260091554,4144.562244788513,overheating
1754.3500935859663,3.8030728481169156,99.73750864895275,160.63444872313528,443.4415358268542,51.08025929315282,15.469415089454497,4.025076576709961,2.299092375760791,46.38177677834587,42.114160111070994,22.544104113365634,1391.9597175773124,overheating
2371.131844138803,3.4551086031724694,93.9135681870695,170.37954973910703,468.82998783403275,62.28649328778402,19.575990802063682,3.9593604378084373,3.1979130815100656,84.01293678150573,70.31259527044588,-2.1858753984865635,3952.7339871496965,overheating
2022.8458745925527,3.5986049383050047,118.92276088196266,195.71866793191984,490.37100669543247,56.518103289249865,18.222416401448307,4.190548128708293,3.099097628804517,72.14270977782152,54.93651979872559,21.146870354679763,1712.8592372598466,overheating
2449.435709598983,3.504444672273075,111.65046795830943,189.2848679655284,494.65678287052106,63.86679882404834,19.40652928973041,4.052444685641237,2.8295808136105323,74.49071050599467,73.92218209071204,13.328043810318748,3904.9196784534065,overheating
1994.6488174952808,3.4512910869703477,116.69191977449117,190.85948693893454,470.4357565132673,53.9739992464771,16.869242302112045,4.112413339397607,2.68386214071001,53.26459066634801,55.22915251356717,32.86766416811159,5753.355196519989,overheating
2405.981510480721,3.5450978650489495,88.98954680976011,143.2236716534207,449.0867241469034,63.774033270599965,18.019203505914017,4.010909838373207,3.0143657966613198,67.75344861024165,69.98532242536449,-0.6006101258125778,671.7128330170473,overheating
2138.8104016332077,3.716455286296654,85.26162222339936,151.19368696700215,427.3970081796569,58.308512106795895,14.7081888497376,4.230763200212772,2.3512984460120814,34.80620170508461,56.73618712369799,6.27417563122829,1490.5023862130643,overheating
2174.613698464722,3.35885390545402,116.58173329088166,196.1518167254922,489.5479919758086,59.58344153170202,16.460041478024298,4.002608822686916,2.609713020923934,53.92092431184279,59.64605324566304,22.819481018358623,729.10038482302,overheating
2677.453480778325,3.2711371811898853,121.55367033627695,206.29700152521661,503.0017612922411,68.61976613006419,19.29459401287411,3.96476245687238,2.9622395757896305,79.62756381904047,87.2660088257021,17.84346238653805,6138.013352573137,overheating
2211.8554297558835,3.160855907327635,112.11191713180625,188.81191634922882,487.7169932820699,59.273295287348,18.438667197416976,3.9671910024239394,3.0862741105334233,75.28744596400317,63.14658171696338,15.091333915503464,2171.426727392709,overheating
2227.4661004282066,3.6891311029820146,95.53216167370125,169.6276132629287,460.9850214229533,59.21621919727667,16.899976617989914,4.132692468199167,2.8289147378616724,59.370309531874994,62.67787246582442,5.482576186560156,1760.58436670524,overheating
1672.443536099444,4.0029743540388925,94.84751334745398,157.98188425794962,440.19048251212183,47.23488706244457,15.027506359253875,4.058103211187843,2.4513176335390012,43.27178807412733,35.706089125792886,9.945989821632995,816.1786143950516,overheating
1579.4735376224335,4.208148411676425,69.2551787989529,129.37969611981978,399.66124425594984,45.261751374738196,13.262659797004892,4.2720488761552575,2.0559245323485293,23.993280781767712,30.76637285839491,-2.425305306096572,939.8109447198086,overheating
1826.0264815145642,3.625058101308141,109.46648833551538,182.1427189640001,456.51492335228596,51.31206001661853,15.11427577461765,4.2314714104067175,2.0294040782368143,36.02324941499116,45.883347215908934,24.61566709068124,3481.0735372471213,overheating
2347.0670970582596,3.526387534083905,113.11332883463892,187.45551748332016,478.70874124358784,62.00778666819386,17.194116178606606,4.141893292143382,2.673582022099142,56.9990351377579,71.86950799751827,19.693357791294005,6360.3581007062585,overheating
2146.224211084215,3.2419045062135523,139.25813907528047,221.07280312210872,526.9085914356766,57.037883265456806,19.352875972117882,3.8877701656183605,3.2998410153671194,84.0084821106297,60.6074893327962,36.74986730237275,4576.776057445437,overheating
2264.3653556810254,3.7446862237189715,92.48428965296713,159.88772047113204,450.7930389852006,58.43038184355266,16.666208157344407,4.015591510757578,2.684800723540213,54.26534313214215,61.74497581852809,2.794058419749456,3233.7333848821636,overheating
2049.5491409304686,3.456734591468237,114.84403722269023,175.89230829965126,461.6277055287037,55.50488905723657,15.62111603056046,4.17593875695392,2.7239925499633415,52.84595907825329,54.05873440882973,28.405170465830476,2300.2875120586814,overheating
1621.144387577904,3.849584725876806,97.6349290746261,178.0951448755961,452.17456574856567,46.622899196989636,14.185038521329295,4.154563827693439,2.2670648309638306,38.05970542103054,33.527453536170405,11.48412900984454,1478.307212207966,overheating
1824.429526576992,3.745259814014113,120.05603117694693,201.00169311551593,481.8596717854702,50.431426357033374,15.710575401393493,4.080162451336998,2.826340582164469,45.48868294619568,47.38893208240696,32.799637625009076,4894.270833268403,overheating
2441.2411449778833,3.295497886088269,130.76868846250383,212.54373749393815,517.3000469282362,64.37972149124352,20.190355259372666,3.919791721164116,3.1338209153215,90.40709232392449,77.50682620138518,31.102393108799664,6180.724229699798,overheating
1531.3873831876401,3.883697435419646,82.20233780839251,151.15878407151962,437.4868655014376,43.0711127911508,14.506553746633305,4.024619927481986,2.303995815696356,40.539341929270265,33.07250432103678,-3.419581364943175,4409.078470866429,overheating
2086.0118892148885,3.586804752252557,117.56399600190224,205.12894348717208,494.13749334273257,57.87863432324459,16.90476534683085,3.9773616940784255,2.591985043652959,55.52924860810237,58.381424628000545,19.033429478280393,2296.3506459367713,overheating
2620.7147904883404,3.383179872300486,113.31673899232852,196.77058659498462,507.4552979014821,68.24474014459265,20.055168398664794,3.899750808716009,3.342179176513006,87.05839944548883,84.81140679322847,7.352102442518349,4650.890917724095,overheating
2271.841104969121,3.5650843564609147,117.7438526699127,193.0643356414579,502.4930601851062,61.88086704396017,17.627903969334795,4.051868585636937,3.17653999365291,61.98679776710848,65.25678823088148,21.850414287309313,832.9311406204905,overheating
1811.0214818489292,4.043810743790827,99.62704076848935,177.11105883215063,459.27667914522294,50.61791992604905,14.804543843113462,4.003463394712195,2.286997950542264,38.58164195746944,47.52784668214296,9.987833267404717,5506.850650929546,overheating
2264.9499182136233,3.4090833774513722,125.44074010038058,208.75342695515704,508.4971568974492,60.44169153635372,18.012093340550845,3.8982271443811483,2.736647644979244,68.98898720761662,68.7423562655339,30.31680772305879,5403.790181391752,overheating
2589.8538852411793,3.1876817036122196,121.82486752363872,192.10520653756998,503.3462507945464,68.4443378905035,20.435445278398795,3.93653239293636,2.989584022177493,82.81584991088532,81.6038250774703,25.325237257295523,3096.4002952951787,overheating
2284.841498261563,3.8752242672336807,101.90728020794114,179.26061873906198,456.75142327654953,61.88361921166951,16.67094284261109,4.061810007494792,2.779719508448398,51.267907947332006,67.57319055956235,11.346360216051018,2568.335916064298,overheating
2179.336519922571,3.422259427468432,93.17994276788023,160.23819729135352,447.02319189192235,59.001880445725746,17.69064342369354,3.8069745473811842,2.8891295911247825,67.18920799167573,61.43536497936102,1.607679518023954,1704.8335109162635,overheating
2144.394007257569,3.5825278104639002,102.55086815543191,193.3195259173609,490.1464250920831,58.26998715222364,18.376731428167577,4.030048547822853,2.8064197856476687,72.94888790537067,61.27467606474113,0.353638661355252,3922.0034726047597,overheating
1989.4882503149656,3.6452448083871514,120.6174173792111,186.35102646100475,480.6509073654931,54.037383582099494,15.726361706392549,4.064961959662083,2.71243732224533,53.699923569034816,49.45145106864912,36.361238739898745,1192.7155337226743,overheating
1528.0189172466012,3.8910855053656226,77.81382024318714,144.51770147729522,428.5917144298945,42.73607555648018,13.318026107344041,4.29813728770877,2.1889425259238817,29.005270392102833,31.332093174361212,-0.14189332383321385,4726.028344775528,overheating
1887.698081031734,3.659455696376322,123.31458266167542,203.73031814926733,477.95670457658514,50.55360720760295,14.91136343632701,4.1147907836640485,2.194654385671993,43.42634217024119,46.82375405434673,36.0009497683872,3995.267055515484,overheating
1947.68437076285,3.7315564356261803,106.5848446759427,164.62417262203033,448.80306020910035,53.82106026481678,16.5942952056312,4.104845666306138,2.8457074681790795,60.66824054069164,49.50091536981435,23.121009421092673,864.7632992427194,overheating
1485.5853517625162,3.9418506999262637,95.76127285658576,168.86667554597733,446.8049524830079,41.88241828831336,14.251082811291377,4.290336160617713,2.316201933155738,39.42349788576105,31.48313555850496,9.71047883693504,5881.547583434673,overheating
2629.018913316561,3.3635699682685876,102.69855787640648,167.00802551509994,469.161634864479,69.56855430735446,19.052722255134842,4.049023982269627,3.37180383293089,74.29194079258501,80.37252231783027,10.244591523996428,473.02312256805425,overheating
1930.6529422363328,3.568166852881388,125.33714569392365,210.89797270951044,486.55998039339295,53.03851628070601,15.596019937497953,4.198907660117529,2.539976878894963,50.063566767990594,50.12655656862737,33.53727593997616,2991.8715807349295,overheating
2417.040404750457,3.4865235531517222,125.69726984852812,188.74304532257023,493.0744980005136,65.27465160940926,18.650804649809736,3.9305417014314488,2.915641476870079,75.43987243675744,73.31178987395367,30.152751795350135,2164.212963310704,overheating
2649.1100548986306,3.076385843622301,139.77417502753593,223.46819109183394,531.7574251474831,69.44118183048688,19.961563982522893,3.7926986590462315,3.5164013963866787,86.39796399720055,82.47186959483322,30.599170304870423,1478.3671392366218,overheating
2182.2238517918995,3.3997965853354883,127.30482292595852,208.19939389583908,507.01890858017316,59.5996964458542,18.053946320783673,4.1367623553088,2.8906313142944513,71.78794101615792,63.52865755226305,28.00316388569907,2995.424482876914,overheating
2042.7465346610318,3.3631297334703603,118.82490469047666,184.15437517429774,472.6937147876562,54.59366649980943,16.598865351931664,4.250646256270508,2.8585710773227127,53.383127815599565,57.832287416285965,31.726401809881395,5998.159877231026,overheating
1530.539178199648,4.016510374193501,104.00348294338575,176.5380509079212,438.70365402200224,42.64804520621744,13.647796806405424,4.123450474123589,2.251416282559074,27.71082934357403,30.816534820815033,23.37358795196874,4780.484136387804,overheating
2145.3810949625877,3.5233550148667883,97.48295928626106,162.19168201627303,453.91158149657093,58.22343586394751,16.931227243728166,4.079804444462397,2.932566253387088,66.82355232220088,59.616199736155636,5.317301461459599,1795.9010663152271,overheating
1576.6888589873147,4.097153806509647,82.57254718916703,141.35722761210548,414.8655153205227,44.022447030958006,13.756216550206217,4.246766572369215,2.306104776334084,30.40354330878432,36.4928023397941,12.047067459986936,6393.076812659794,overheating
2063.1360044301296,3.5270808908778792,117.97366176857244,200.40753914829662,494.0405296381819,55.65154851854229,18.111549051595322,3.9153996838183227,2.466040930752449,64.54130033928922,57.82676867206839,19.50650078553342,6008.330877351064,overheating
2651.2603662108445,2.896962230832021,133.5908251427487,227.04103290752965,541.085470397303,68.75674584487466,21.344891304966474,3.9693588216056295,3.721171673008084,98.0,85.41421687195519,22.004768000219315,5759.612344686061,overheating
2364.341410332067,3.350636343058556,120.05172969954019,213.1165907180466,515.2080139892694,62.98819788059505,18.54384581841753,4.066648365065516,3.139044709367843,73.64152975821641,69.31376605087826,16.74454775458848,1831.7458031417216,overheating
1700.6686900782129,4.0097427893124955,83.71429583622921,160.02821222806492,439.9007631052702,47.7034913486244,14.175997608357724,4.135228065151306,2.4140542808657934,33.552620511840665,38.21071229471888,2.365671292846494,2072.0348951366477,overheating
1667.5352682083558,3.7949835312112046,123.83765713897827,208.3881953385802,488.79511807522726,46.941669269092046,15.868485299579541,4.075743063244274,2.6540065896206406,50.55676149950412,41.064615147053445,34.01187125257869,6307.447302823159,overheating
2113.031413470658,3.599262864337666,104.72485952446988,196.35393309324732,485.746092120883,56.85221200866234,17.560813458613055,4.104596405327937,2.691612277526582,59.88727296217327,60.81229663371714,9.408084448915652,6093.746534859022,overheating
2289.017588084601,3.4262595247273646,121.99706654320805,195.48524914111007,487.4029129760529,61.242030194216426,17.729241307515668,4.066035771177411,2.6595956335361297,60.016805806897715,70.69545100488435,27.791042844606665,5895.274635283055,overheating
1614.1630899632983,3.933127526466207,95.14408251965432,164.5654241911287,439.7120208958649,45.96117805447749,14.112703570318494,4.108907790193192,2.118955671606136,28.246242759699484,35.90255042715883,20.08777399667589,3365.1895888812314,overheating
1641.0291076484762,3.923159000341914,82.78678368826486,149.2370150189305,417.75648548009326,46.5455718591347,13.62981333082174,4.2107291711920904,2.3039470111347216,28.89107229788742,37.688312359933775,3.0956132527258666,4622.956218853271,overheating
2520.6796616209263,3.683573591940017,115.20481036582979,191.7847886874647,480.65245266108093,65.74814083244401,18.19337805161646,3.9534972994511945,2.895767534192489,63.0442154395256,80.5620412974318,18.59437797048957,5565.187239870258,overheating
2508.490803209379,3.5104188458107157,109.09640086893657,193.45173660307714,501.00868604831413,64.20699395628476,19.94165949706603,3.955390490781304,3.23967035668161,81.89680194462863,78.91563524826147,4.8695201117588045,6471.32021722942,overheating
2153.663111455073,3.5002099513424847,131.0266758345087,198.19524182605562,498.6069536190896,58.23192463047142,17.1342827487846,3.9542384513504,2.633241925284776,59.918166991480604,62.14896217455507,37.748037359603124,4850.882991430963,overheating
1878.1119716039132,3.8358169821216497,89.52975290249975,164.6193776869004,460.80562868633695,51.15791506669116,15.512222945523227,4.131118455566802,2.4565530075550357,44.89889219551146,48.15232812820891,1.4727613375902877,4833.34309544458,overheating
1572.3158395280643,4.0962076439198185,71.34426988253264,129.411253209537,401.5845483472136,45.50612502626282,12.786884560817867,4.268615824389902,1.9906100332982688,22.935261705735076,31.4658192333457,1.7376162958697106,1139.725845080292,overheating
2606.0394185419245,3.230219016619343,132.13266240061355,209.89009869925496,515.694022776474,69.31175891959259,20.84350156877029,3.818371437713075,3.0557206613100045,90.02175861805941,85.66874832749734,30.14545414402795,5834.759986889852,overheating
1707.2198135089518,4.008204575471535,89.52950793626883,146.62932091219042,424.5641337467408,49.376071210177805,14.574350199823465,4.23906031637296,2.1668957321080407,34.17197019175849,40.500188055682656,10.148772661681429,2404.6148970174595,overheating
2070.9976274659207,3.425770738609731,128.68099849174797,213.94734103001076,514.9110382628951,55.51401513709768,17.456276470832186,3.9330790146994,2.700004414997704,67.71198170630612,54.59456083485736,28.329433365775074,1793.2997578496334,overheating
2554.63255096654,3.231984129943133,128.89318212808857,219.7611642280038,523.2576053811641,66.99600644960488,19.86886677595568,3.9625819420745287,3.3908158366348093,87.52808738604007,81.5378231065047,22.54767590980357,5560.588775149792,overheating
1892.0165325669661,3.727376049445145,117.96098293948965,200.94967490908672,488.11020999825325,52.4733137274868,14.83086562429994,4.228049392668887,2.6507350816418134,41.93143724922882,51.512419443863884,24.86644074225058,5311.453564866883,overheating
1687.8575216374463,4.041704054460113,72.67269505627976,135.40503512479262,401.0360216580901,47.61806287678261,14.255188631902938,4.164458414753056,2.177655462160236,34.65234901725102,36.76224986673825,-2.8293196701218357,1726.4661976348284,overheating
2018.203511953941,3.616223383791109,111.04488230021491,191.50541053345646,493.87782676587267,55.17564475102267,17.865900910631055,4.037545149075985,2.7789593189848305,66.2016743715578,53.637348890656334,11.985054613103951,2623.6060199597714,overheating
2041.175600139286,3.862213866364523,109.95210198573245,201.7094597184054,485.5801269305183,55.084222876007466,16.310625824155657,4.150578811519545,2.714893090281437,53.028827182543324,57.358903903694326,12.406939974476526,5717.742057010262,overheating
2587.389097685653,3.3300084104447354,105.8677435577774,184.52513563205557,488.97795784099293,68.09284591102275,18.812314940098535,3.998118134019598,3.169682062617254,76.26732972846865,77.97457310151944,3.824960775677476,238.18046645466973,overheating
1594.9032615076703,3.9165098884491,82.07655384082615,160.47968365950916,431.45337522686964,44.04709623086384,13.392237197572506,4.237816235387532,2.019245269361114,30.58071716094153,30.026219583596667,7.255826719946762,1767.856985534544,overheating
2580.156734416871,3.172477013476464,132.0901832267261,200.88919087071557,495.46967346451373,66.75285840805839,18.697540534792576,4.0298257971056,3.07188249033617,71.86498461462112,75.1160364831089,34.82681382932313,5.369884482126164,overheating
1585.1929777331402,3.9668195272105793,87.17617976602841,144.55185482823563,413.4764371928173,46.64862052524935,12.930041135094177,3.992958269114191,1.9838329238161923,22.141996103500183,31.83534253122055,17.039348075528636,644.2860440724459,overheating
2344.9165596891426,3.3907362348280277,130.6864304733548,212.77622538770567,505.70930232969334,61.31305838860655,16.95181515184995,3.9626639146437452,2.812030575296831,58.159184937693496,67.40774586241578,33.77785368426515,2040.9871309714106,overheating
2114.487977181936,3.618655047874565,124.72827129428387,202.2913606152005,479.0899559351986,58.31597477755862,15.352110107226993,4.087675445323432,2.556572221940219,40.53460748392153,56.62160635159707,32.79391116360142,67.09569776838752,overheating
1617.077031524174,3.8082278766057756,106.01300381147153,164.788579180011,430.8148206128447,46.159175239624865,13.079485243165484,4.11926828064597,2.19705086608854,25.56725607702353,35.1187852962062,31.686759211722695,3809.6494439126245,overheating
1643.5472083071654,3.7517896969180775,89.04535338806711,162.9587517254243,437.9042738016998,47.356003391209846,16.352566098662685,4.049983068234432,2.358776448044053,52.19437533791397,39.040100205465194,3.0725452514256903,5121.137446341085,overheating
1728.2970768493897,4.040624841802534,82.86711015912726,165.00278996998543,442.4035654550241,47.08415223266833,15.370279383711594,4.193100704548535,2.273689044035241,41.11950942821272,40.26462696960251,-1.2368720142772547,3595.510274639229,overheating
1641.6283322704273,3.901592414593837,107.87043734271346,180.38363324672224,455.0392827122857,46.64689244049503,14.425309052745915,4.1243556196832065,2.1151022408858915,41.01719826556561,34.80311811306051,28.72464047080137,3437.9779195516094,overheating
1871.822648966667,3.8395544474520418,104.27104653526611,172.03135296925126,468.14789963031103,52.63702392866687,16.092864192762587,4.07301735676736,2.7005838988034685,49.833080420637934,50.08046390204839,21.698427755685056,3928.4652845765504,overheating
2215.705372863739,3.423179404521522,125.64412912570165,193.58124816098254,502.03574476329635,60.14191572719364,17.743119820304823,3.910274140430007,2.854874368262187,67.79548349269837,62.33273003798963,27.041921339145134,1278.8112784029006,overheating
2306.2375926269406,3.3310555334400287,121.45496328495737,196.16076697116597,493.02563739003926,60.65425871355914,18.07806606570406,4.029643209966434,2.7972275268631086,66.19443664036471,68.69788806892696,31.229047263469756,6176.219056356058,overheating
1738.7947950692194,3.9425675868443375,94.45582641227922,164.84815006040282,453.1543066042918,48.55866635010982,14.697657968487732,4.203109415868238,2.22255683034379,42.14911872839844,39.514305658077966,13.215843157494504,2731.2917412077636,overheating
1974.3252580357068,3.7507794427214987,107.49033726491574,169.08293456578167,448.8797545022194,54.56733086256414,16.046600628818428,4.072192428537959,2.4152291801424344,49.18333116739019,50.35762050131988,26.868728951678023,668.6678470741223,overheating
1831.8150513621752,3.713725086788404,95.92777155428475,169.81042968290433,439.33658981747476,49.21931885975009,15.244725532385754,4.144191156410237,2.5294698859215656,43.314127690513004,46.295550612585494,16.352270220775814,5816.0757468166785,overheating
2365.1667827851547,3.6092753347326263,89.83968203163379,149.7246508332442,444.4352523076375,62.604409699644066,17.19803998567721,4.072183157196169,2.469061569347468,55.823402601569875,69.7985645674701,3.041472089661909,3205.3450803674345,overheating
2720.7664665026014,3.3080466617791924,126.04483014179164,212.33328184710808,510.4297657663595,71.8376719136434,18.397495875407213,4.067583039923806,2.8915569430067385,70.46398754466541,86.18839832494024,21.31390186641906,176.32898539644188,overheating
1694.170724745202,3.82549600497871,100.70954191162913,170.87502101589502,453.10000966717456,47.950826217650494,14.7419912744909,3.9913222502078796,2.4001288801713745,40.68449558427584,39.31813920190403,17.788619231405335,2858.563977116427,overheating
1960.4882254067516,3.556313294928717,116.24067053941604,192.03325629301327,477.90923632167073,53.28235256122393,17.565288767699577,4.123764594707904,2.515211970424666,67.0392420770333,50.95750220140873,23.47278361807187,3876.7659338894387,overheating
2709.6037791575113,3.1709391331386083,144.26430663055294,230.88229354763354,545.8907655121502,71.2696245911212,20.24736048204001,4.073763130266365,3.678614890570813,92.39837704391125,85.36973965493306,30.38498587995485,668.323472787744,overheating
2305.4863035690173,3.6451547758159277,109.28945913663338,198.11083936327535,494.8041580571886,61.64896768732833,18.378397666230473,3.9742053106504622,3.0400631266883593,71.71299841916391,69.64021927145264,7.241588716696495,5312.45276237102,overheating
2669.4498697517174,3.2383002416418916,110.96333503640301,182.8776827482687,478.02868012266555,71.21450364002271,18.860095130259626,4.06625080723649,3.130071246729889,74.13147262985188,85.34180964719513,16.482673396342793,1725.0011377420635,overheating
2314.980731993937,3.362864056291316,118.56589402774546,182.93901983940128,473.7589438103161,62.380339129001115,17.935316292346844,3.9994026109363947,2.9359244482069187,67.73189211277887,67.98337930688318,26.874717795873675,1644.5864543403964,overheating
2586.138212956093,3.4229537516172934,102.31185481294492,185.9658969281934,480.7337111282116,68.67546214534418,18.770679477303993,4.036505644338631,3.6525139684695187,71.82444225635837,82.24118629064108,5.7683340167842925,2667.1390432882977,overheating
2638.6520419256567,2.8207723010395878,150.34746070900022,242.24963907758467,542.7361262555626,70.21887216378079,19.979669027135646,4.0530046163619,3.427524838264869,97.98961386664249,81.87657195709572,36.64880700204868,167.251213348301,overheating
1803.4151501259832,4.001457314414892,88.4206636594975,159.34296344540684,436.85956236103516,49.79706520539908,14.761441417666303,4.125997745622925,2.180298319845545,35.08908164112575,44.870222431434534,9.96492047386544,3962.7178012012173,overheating
2541.5058342198668,3.4575785584194447,107.13203231673128,176.95645278421958,482.2883656303304,67.32828571219598,19.834614326445287,3.989210355636719,2.943241296050183,84.6528082151952,80.19210385492096,9.398581272485542,4783.332106316051,overheating
2226.1962622067313,3.5026761652991407,114.1808099199914,179.05924815735054,472.336832167581,58.14174260591835,18.31904226038777,4.128436711636822,3.103951320531709,69.34888307087571,63.44725975454102,23.698504680345284,4455.217542092533,overheating
2758.4096890272,3.0799137090623434,132.74610340813763,208.62535336083945,515.942271238284,72.28627909557223,19.94882880330091,3.9440611441482307,3.23199525587098,86.43100943859109,85.9427197077583,28.877883972040827,203.7178053892068,overheating
1645.7604023180581,3.7385408300748,95.930551702151,150.3509916941723,426.1244775942988,47.15085515450894,14.225694347318877,4.151057634433025,2.291723306706384,33.865370396620044,36.04466410650026,21.598835427919784,2500.570441660542,overheating
2076.146672864247,3.9954339713101215,106.73688162043148,179.6115168156942,463.92713917830946,55.31907530056774,15.477447459723901,4.295606509819881,2.4982976745824153,40.14435678564331,60.172875251226124,19.88131580909177,6316.845312123027,overheating
1520.1498149121617,3.837018568656911,104.72308915616112,183.26779719105056,450.7698093802049,43.67255902889643,13.620173955467168,4.131792627035413,2.014456327957514,29.076872824308772,30.670116332229462,20.25281106501914,3179.8661357889196,overheating
2432.099274271375,3.570286975028956,129.06622243211532,211.41833808542108,506.8930750406405,63.905713875960345,17.55134827989799,4.072206237413237,3.0130070175288592,58.94539034010696,74.96890972197109,26.87390277457819,4180.331557388232,overheating
1935.0361174662148,3.5107865372944267,115.3105586088427,184.48629215027583,454.2372702328786,52.648671043677155,15.595761852490016,4.016307696554479,2.7078623942915856,48.810159516480105,51.32417703844025,32.877554350403805,4191.579041255244,overheating
2334.1940197474,3.71301018368021,87.00159887089042,152.25635437841467,451.7818374650968,62.54782333197058,17.044862878335415,4.134626063727485,2.7195676530570627,57.69576646225294,66.6682841671443,0.09083684951544146,183.55901645715937,overheating
2469.6713394648973,3.35133102235185,122.09770842813609,198.1536632709328,496.4964564106498,65.08694155990183,18.828564923756037,3.843654923665862,3.006699411000034,74.73117210726176,79.52009623960524,25.033385749345307,6427.261637279899,overheating
2382.82775606256,3.2877760432877468,122.29990552799337,194.4161646969694,490.4527327855669,62.14492503465359,19.00830825244375,3.95813250323646,3.042682178986842,68.89052685479788,73.3155527984211,24.431416983182,6260.437413358267,overheating
1937.3000690887602,3.443428264742768,120.44614538497073,182.71556899519115,474.16167126710457,52.59891438678286,15.813119226965437,4.024737820066671,2.5093854618611426,56.09704129491068,50.67265412740435,35.95621506763819,4280.561823190916,overheating
2457.4937524812267,3.373970300902551,110.64685189078612,186.96791051800335,497.3990865969019,63.634327132685975,18.621862706770298,3.801507029537081,3.1846430032122814,75.77510067928216,75.95273072862595,13.02387535457456,4427.430146388861,overheating
1671.6220474629267,3.775122833480166,116.77451019603096,188.8990799335564,467.5983624759379,45.719103095284034,13.35793774738989,4.1328882838141014,2.2101424006726367,24.455895110487653,33.06220822061858,37.54559587833844,1219.9698714494868,overheating
2668.5447171381015,3.2372987377274,144.1166138066967,225.15492143714425,536.1587824448258,71.31511351299204,20.744215989745204,3.9260703265950063,3.612813475855671,90.98821314027194,86.45964403205507,35.0815773030613,3554.0196675475986,overheating
2508.1691067415563,3.2665894847806816,129.33569308231023,205.0767523271203,500.9669117970471,66.21464981154801,18.867493113444418,4.010721540482677,2.9816326730395533,77.14864816648395,77.12557638943358,31.72408372399334,2135.6555389786445,overheating
1661.1647475598106,3.712068823208607,113.46029251025426,173.29876675105038,447.5558970800482,48.244592121570015,14.102412983810385,4.160562373685083,2.091365347376597,37.20212672844224,35.20673155738178,36.99425730670347,1226.4261805233043,overheating
1788.7190509333477,3.7017756388341487,124.76025519675815,200.4169203602349,485.72400424889634,50.40011322586966,13.949812511582762,4.296677394383435,2.3382323673301584,30.852453523281266,41.64526260018496,37.7492592128639,521.3526081009036,overheating
2694.440794237283,3.2321199581116726,131.18851258398158,199.6435306960184,506.09898597295245,70.98318231834624,18.98732118967632,3.9571122329636346,3.113274811439787,72.51332941144149,83.57369992840277,37.48759713708268,306.26364973941367,overheating
1672.6224835023988,3.8495912760431605,101.41857447631129,169.349248122225,439.8629887439678,47.6804081015616,14.73796605094501,4.160915640577922,2.315020809505474,41.52481468116663,38.54493910763766,25.118183394934512,4012.663818357431,overheating
2232.811593473714,3.5461417415155605,113.63719228990513,197.62142428434387,493.1365488569116,60.213947658357114,17.152286720698626,4.185167106762737,3.0357664139545917,57.78121284993815,63.981230128953335,22.11111698139237,2278.1478445150055,overheating
2311.7448237879767,3.344801075423332,112.05220424493717,193.35028161550417,493.8784069847609,61.89800478133267,18.330443959249738,3.920288150466658,3.0831408436483514,74.65774184924099,66.66254747725422,21.371840936540295,1622.4467014672223,overheating
2376.1612841709,3.527643810985522,110.6606654092063,187.05739694386193,473.9988180226517,62.892998302513554,17.266537945588805,4.247561816051242,2.6954263306634294,60.9084943327065,70.50501047368921,21.498071873096308,2820.4671364031474,overheating
2433.239150875639,3.4394772058761975,126.37037187706353,205.54808555088778,512.2370654731634,64.98409743673145,18.243536156982874,4.012962486754098,3.125834888560552,68.57279261916455,74.61974702019306,24.83525506448847,3722.286250413852,overheating
1938.3439518512967,3.850867027580116,86.03966234505677,165.82807066725718,449.2806593232832,54.198361524128664,15.269456490423444,4.25190289754814,2.6014031173694834,43.121600392864195,51.42892897068018,-3.439918127671186,2601.5715038113926,overheating
2162.776559432296,3.6385252224199554,118.97566791203481,194.6888186742047,493.0531536644953,57.63138510129553,17.545952612719347,4.035645210640768,2.609798229342642,61.79309032480569,62.55514079226896,25.65131392664391,4181.927307250953,overheating
2456.3270947134283,3.387157838160256,111.57676522347461,199.79947476504287,500.06017740986147,65.38695779890615,19.1568277268853,3.942336356682843,2.8744919871860803,79.9090866854162,74.6218428887439,3.502393582711645,3400.144687673166,overheating
2346.518126332488,3.474493826490211,114.32123403104649,192.7973895687083,483.39935370469004,61.378211351516065,17.899249682597972,3.9098313083640135,2.9875576906855033,64.45413164652503,71.05995105867896,19.68305735190555,6187.315860777799,overheating
2644.2573693855365,3.0816316638321073,119.16470252838275,198.76784901990055,513.1820836869654,68.7980381663918,20.78413904876683,4.0762929910067935,3.734159201628195,95.62511294964415,84.32480229513924,10.83618195587115,4034.3833832332302,overheating
2529.851726010364,3.3631765485428335,116.77222471741837,198.27608338466462,504.55865946033185,67.2652408937429,20.458052150235915,3.959405054516438,3.143192499389522,83.30098966773757,82.29072675247504,13.526627335557711,5758.254294303761,overheating
1634.0054680841117,4.275128412386932,82.6455343414089,155.03484905772208,422.9227046163685,47.04625524608427,13.167625060797628,4.206239054945729,1.986816085828953,23.47954562744346,38.56778296859224,-0.7061016425278188,4731.988513956885,overheating
2164.7678193553393,3.4099115880437796,121.94774788625189,205.79229727232396,501.42947781024986,58.56681794019714,17.56248969847654,4.149390165749218,2.907227988295626,66.08870569094162,62.425648784674706,18.283070174450195,4390.846921456583,overheating
1695.3543524828813,3.9722913364321513,107.31975974295399,176.76258918968782,455.6526425073877,47.82835045194225,15.071847295458321,4.099180379705052,2.6410973112405833,41.019443881703666,41.37041862399834,26.148572816315472,5743.042590533005,overheating
1870.314374593773,3.425807049055292,123.51115693047828,206.00909702674562,492.6074624518408,51.846887204781815,16.586020455609486,4.0801753680793285,2.6448576276176765,58.429927374130685,50.427126039190796,27.838046944857197,6094.105375116865,overheating
2448.3748282116753,3.223518401318213,116.60716225412557,182.26639207798,482.67288808804307,65.0816075812528,17.90916335084682,4.132657676547203,3.025769462633849,65.31753806289447,72.89578092057872,20.04086296574851,961.1050474086572,overheating
1683.7893194500675,3.867892023658157,109.75688686542222,189.637189888093,460.51318521831746,48.535543682558774,13.429180595552431,4.1322984194697385,2.060083066720764,33.31876230048162,36.46786638508116,26.71566882989745,602.0317967361161,overheating
1987.1986084217635,3.768503549711932,89.92773823849416,156.09745214050693,456.8646435605888,53.95443755721567,17.101811495982652,3.9980456175529135,2.65783197027492,62.626168303871296,52.79032197734983,1.597147749887898,2718.183135399584,overheating
1708.9797465535132,3.9599938096363747,103.35572560402196,172.61021037003442,457.3858280597498,46.108525910840754,13.39052482043921,4.30107046870517,2.3703702302015506,31.146222254944817,36.21611894154602,18.8942659818085,2745.3595087811323,overheating
1895.0268291251891,3.652194947512334,93.94479194381793,170.8759533051891,464.6755755587823,52.822308933487115,16.43046578721639,3.962372414543465,2.6186142328371003,58.97234527177197,49.203653963819804,0.5895818317320374,2327.835052217763,overheating
2474.1812783013074,3.3781453358382225,117.08570594343851,206.20648844574373,505.90276550870607,65.75775345320615,18.34855242769521,3.889985044316237,2.857269676974726,72.64105901288526,74.3911722143094,16.79323849439023,1299.4150184705197,overheating
2235.3371730331523,3.5279987456019346,111.12546370075485,184.8396390885084,479.65000141054156,59.55386797595336,18.56810030512384,3.9976685266618897,3.129476604498706,74.40310108589588,65.93254855527375,12.143876872319527,5144.900549354002,overheating
1909.9201953186644,4.047534104548771,97.41279357831431,164.37635764094492,438.8890816798323,53.22988582916487,14.940876273882036,4.191084116098371,2.246051549409151,38.032048928951525,48.51480943068986,17.664006951332443,1539.7881171208878,overheating
2681.162457443643,3.2937638003323317,109.79449543385152,190.2095301308339,504.28627889845404,70.5365522661942,19.572237288105143,4.003087540729438,3.1495275917586674,80.92870622821837,83.43008486116005,5.54940761900271,332.77446437543915,overheating
2192.4220681212896,3.6259957557882183,87.46257417190232,158.87202842946252,457.3505710638212,59.975768840714565,17.269396532543528,4.019038046492539,2.6482882521200306,62.7383708673562,60.60688103706808,-0.6021472224963251,572.5121106569385,overheating
1977.468149436794,3.596067885200512,86.06464090320675,151.89461274803847,450.807984682309,54.79133082895799,17.184600322268928,4.111090027013652,2.7989366174253902,68.85876714397828,53.489341667872644,-1.8112170564672612,3276.4222932198923,overheating
2548.9752023132046,3.4882587389958664,110.4875074203051,193.30881440580367,490.7201841585244,67.48314926329824,19.608306957467136,3.8982950451419507,3.0681475389583612,78.02569914370416,82.2215415299154,8.013043085245872,4825.450707545588,overheating
1699.5710771173424,3.967176368975264,101.3445430874652,175.3934270194881,450.25909752149533,46.58554188678637,14.0256569076792,4.212939027364147,2.142902955010998,29.68655589456541,41.14435200171227,23.89057347094973,6294.5636568221,overheating
2018.0485978193099,3.752964885462458,118.19073181618907,195.036800123993,481.770495203275,54.436488627605684,15.616905684054831,4.073224336212995,2.5041590602688433,50.40413379814779,51.27883667853952,30.21422139241973,1594.9744768693456,overheating
2205.8448304436956,3.7762743753223025,99.53305896413292,172.68044727689488,466.6546355240378,59.593856804845046,17.24864487289905,4.100912250842248,2.620223254065418,59.950434313468,63.46093325250486,5.340273854486759,3146.4946636413847,overheating
1949.5175186367621,3.9207007373813827,92.60657259303002,170.77792220538333,448.5644021287436,53.49919352385547,15.12427214647416,4.096866779619511,2.4894957324194436,45.85388907282346,50.925242613051495,4.411149559744107,3652.3882646104107,overheating
2657.2957501642477,3.2447933223373404,121.85478601346685,213.98791076773085,524.8433697966474,70.1254280832963,20.677961815286427,3.8043522329248294,3.337588614237841,92.12891830259814,86.28452660153808,7.049118618762716,3951.6297925923022,overheating
2591.339769905135,3.111111274887657,126.40060542673064,209.66349499640657,508.55354727775233,68.69153715509032,19.521200329370807,4.1110910038878155,3.3566646449750572,82.9768641126661,83.50763139789333,23.34889665417211,3477.077363798114,overheating
1735.8294967614888,3.652572295218648,82.81971633326998,152.84692642986104,439.2125229829303,48.54303667242764,15.601299189704244,4.007459609266121,2.2750383763674344,48.27692586818654,41.3661190245042,-2.8133233676560803,3520.941705710852,overheating
2640.350882249518,3.425057041111111,108.987026655797,185.36165047882722,488.49990469452314,69.48595044647257,19.946819531905298,4.002352369290814,3.0592432922242407,84.55328016520338,84.884473187711,10.146627455185264,3765.8976302474907,overheating
2669.829563697988,3.399179785354129,102.3138275377402,176.61647729385348,499.81732436542603,68.97709035649771,21.436342448542433,3.9564475526275764,3.4759837183475555,98.0,84.47471258629945,-0.3549251289767026,3263.466388940357,overheating
1990.127007970529,3.6897031862217533,117.22906845767237,187.47816923914533,485.5296343999506,52.59056135463049,17.070398456598685,4.17441713917612,2.5822182443022696,54.99720348940549,52.06664074091325,25.296083348919183,3961.0275977952856,overheating
2303.5670055300693,3.574616167711068,123.96639873613594,188.08056367128827,478.75683683916697,61.16855649610618,17.2263579436298,4.1536478769603145,2.878125500435252,60.669209674432295,64.74059353954665,36.55012691767036,1669.9767723818582,overheating
2237.634162109371,3.617550246243976,112.29379767289863,176.82410077084378,474.24659142476025,60.727821407315616,16.761927506744666,3.9389152791497732,2.8111527823994025,60.190571994329396,62.50161133145026,20.82572524140341,816.905925644421,overheating
2123.587345046087,3.7034067378412816,90.50462996460524,165.44947028259227,454.6099013230428,56.81685285802614,17.083969682372594,4.190143805964948,2.7452234001469673,56.99016150900996,59.803040425351504,-2.95564124994278,3768.74834816804,overheating
2572.5876795456893,3.209642557296876,141.53768851285656,228.77075032437008,543.9199159228033,66.75897665014132,19.93471901928347,4.080003748342603,3.0842359443281797,81.67788554747308,81.50710235612762,35.091895631032756,5705.446297442388,overheating
1557.1945605939086,3.6123568915171567,96.21258354557591,157.54142955954794,444.0662072029146,44.321642411616544,15.138661697256817,4.002813620537686,2.2205948759361243,46.502432279317965,33.99744259277804,11.911796198306977,5343.510779428333,overheating
2557.007251378379,3.308717177236951,123.4644182457163,198.7004020334578,507.6032742666524,67.87873710044424,20.628901398512557,3.799250716627248,3.236304518618351,93.58035631618017,82.3694058167359,19.75480895665905,4604.373724396997,overheating
2545.5954114002025,3.227968523518909,127.81625635824815,217.96275305975112,524.36352225795,68.19942362269934,19.124420383338467,3.955578013580765,2.9324261083182974,78.20971285250481,79.03329811156384,20.711999791445606,2067.6802058480685,overheating
2360.9612114986185,3.402781450563713,131.02096099940528,205.50999677800326,516.2084508864111,63.66297842961596,17.558991362521123,4.026620214910774,2.985635407786072,63.65830767653045,67.93649637062262,33.7004120649982,381.86770121304284,overheating
2346.4718638549407,3.553437489797679,105.43036492406091,172.97454477621943,472.6411244452314,61.291759035798464,18.153290034953365,4.026449449717998,2.6772852220420256,69.1670903551782,68.66418897669989,10.505037548146719,3542.23459582993,overheating
2430.355685578019,3.696431912243172,112.89226679950077,196.19030663530535,503.2222166126717,64.47228392506833,17.463861907132856,3.919490810518986,2.7335722046490702,67.29846208211731,69.53392017453086,12.306918812989784,450.8911284937069,overheating
1619.1354953982814,3.849546605203926,107.94737912328507,184.8001215743225,461.4025642406207,45.908874673081264,13.803132845529385,4.217517026995479,2.1375719516316556,28.03204484215956,34.6776704619251,24.790189233021362,3213.6918166533846,overheating
1864.0838404291856,3.6708546572433236,119.82445101641704,191.4491144235415,462.22873767912733,50.35419527208418,14.985693448882348,3.986658624898864,2.2723352457819255,38.35769497224504,48.188860573826645,35.39227057730983,6337.465269355312,overheating
2192.9697175509036,3.549781629767663,124.66248716800933,208.49730186520026,493.7341760822021,57.67927804276604,17.250465618294275,3.9143098556516556,2.4807047175795978,62.914390535656814,62.45307545390647,29.291150591649718,4540.4762858711365,overheating
1555.8546441043309,3.966667240939387,104.28597747242054,172.97984240277643,441.82583932602205,44.06999047333878,13.370763694495967,4.294399671707792,1.9463814412585752,22.972660885169823,32.38120089454401,26.947077950742784,3708.8854386197254,overheating
2550.680818791902,3.3712639953649672,102.28700952872522,183.63772564082788,488.96049289857456,65.86196635152433,19.935462641473617,4.181348677264783,3.450261020025887,84.38388145982675,79.75333033718177,1.2369073609481098,4496.345029005959,overheating
1925.6257213870124,3.616590102857117,125.64982733625516,208.4254114091555,495.58346652262617,53.0741834916173,15.200803661934918,3.9833139604229872,2.425806758189553,42.19260249620173,51.78730168576094,32.71611260044703,4931.6664173071795,overheating
2518.890913681125,3.5125691226678053,110.8614069662143,193.11745204300507,486.3078736066481,65.81875867188538,18.672490070170145,3.9885883301762566,3.1231206416264747,74.51175837055075,76.35582421833382,11.18623039627525,2329.203444717169,overheating
2386.243363433364,3.7402249148350104,92.99288074806867,176.08992811675384,462.8076574566699,63.118154827209025,17.80594707589366,3.9913840769963684,2.4736312351999867,62.94513322053852,74.427512358467,-2.440627352537479,4977.59993536494,overheating
1730.3860147642463,3.8923659829400314,86.5874137192931,151.2344041687524,426.3541278052819,47.35272645548044,14.136147360524113,4.214037512651451,2.5219553218741275,32.468520278552276,41.941108236167636,9.910636856694707,6475.423404776456,overheating
2203.337521014109,3.518436619933199,113.09120525280964,185.30855626913925,466.359478963226,59.385000729887714,16.470294992078287,4.147843371068772,2.5530624698151376,54.289496086512585,61.47460794146413,25.914544296926174,1535.5389119673357,overheating
1829.5704898943259,3.7114742179772344,95.78879579774734,181.34784790811347,457.47243103191954,49.662970255169576,15.546949279118483,4.158081890195023,2.5395641980529606,42.810260754785425,44.23673138488763,11.608867600914076,3677.202657439097,overheating
2270.690495660078,3.364287263345351,112.97886708203386,186.24968706157,474.91089480758046,60.039457426117686,18.07120330832212,4.07446225822333,2.9957638444069397,67.17604232709039,66.84998269230688,22.88801127691987,5444.976289175987,overheating
2146.3812627046327,3.465207081144869,103.84107195642795,176.05558615768845,478.0314086558195,57.04033060307678,17.261266268228162,4.022974191564893,2.834527362438226,63.566421739564376,58.22064179325651,10.696337909684816,2304.220358518603,overheating
2481.5320076174107,3.562882464187088,107.17144599476514,182.98956466821312,490.9965088738676,64.45154739799679,19.95656353153985,4.085469648950452,2.9740125383928415,82.15155124863406,78.3940802027768,8.898379183799111,5654.370350969452,overheating
2593.9951754957115,3.2561621761108577,111.34729226378224,193.1539996502394,506.43965629226193,68.18529268395999,19.410948509442218,4.006437959343296,3.030183080424204,77.33866499795234,83.62004054667119,6.1150143903661975,3947.401622866617,overheating
2529.607497110872,3.147745356848878,96.99443716957524,177.80713621073463,483.00160235903263,66.68750853224343,20.65529025250405,3.911981716668668,3.243576707836479,93.46409446715049,79.84109117973301,-3.4052396872922266,5496.233670254497,overheating
2242.035871793327,3.7441022151732737,91.6308291552518,174.58561704725156,460.54417828300905,60.075429348371586,17.043838747958485,3.9531182549605632,2.3908754896793734,54.51920651710384,64.10266701475284,-3.5664352304268467,1958.3143837086986,overheating
1771.687539761013,4.057725365283287,86.56743156393802,159.37580246360125,439.70522864288085,49.82464885090663,14.208430411458439,4.198655698947559,2.0922191019492904,29.68876297423811,40.061587143814,4.793081682525168,859.930324237508,overheating
2062.0706499657094,3.403348817323635,121.49516046127245,204.2006103626523,507.47655217241754,56.74952661254678,17.183757250435168,4.048328494755346,2.9124565720449866,63.05533707458217,54.4251141464802,21.98023993959026,653.8281388529936,overheating
1784.1389991226106,4.19750862331319,85.30525867895776,154.8157773003647,442.4090801975005,50.14161050635467,14.115196951829061,4.203773051874037,2.3159695440302066,36.2895503093113,40.65065331428786,1.8401680551241204,505.71704329541757,overheating
2493.181622848084,3.5327538076765435,106.75674418714549,176.10442980327886,461.2864135244674,66.70949692824934,18.674166705499932,3.860905169533573,3.1513260132705483,65.92644928935115,77.83358589609742,11.402395904871408,3920.9673652145616,overheating
2316.0960205224046,3.4610996771790767,92.15831035506474,170.73464442878728,475.33618999314524,63.51642141852257,17.502217479361555,3.9946633828517295,2.6874716840137722,68.65144873667992,69.37200351276229,-2.180473043629288,2921.947340359158,overheating
2027.2214444795845,3.5871807844779044,105.53693193953438,165.52030609555288,442.36851191810837,54.425191680903076,14.551030332727066,4.013751264709358,2.2516561140902596,40.04790002859154,52.4884606651218,25.84596787032229,3108.177762667144,overheating
2385.8821760398614,3.562416232180999,108.3628899302964,181.99672710077056,483.20465147960726,63.86563896039396,16.592418272990557,4.016294060207992,2.473056460788906,50.331850666956726,70.95399238539821,16.228289525975022,654.235774045179,overheating
2359.3420833238706,3.4997043896502307,116.13526749175891,178.53735042439635,468.83544873714203,64.03863959035895,16.96007484866584,3.997976529072841,2.785848147830015,55.74923720463701,70.1128848015248,32.37668071674585,1203.2511244848436,overheating
1712.1306264613938,3.842947644947435,101.23261612512638,164.66103207841007,441.9930060997813,48.3216756507153,13.296205803893923,4.192151387535717,2.3054669269568704,29.78035906374116,38.49266046047221,22.176028542408456,1784.5370775793797,overheating
1533.1312429765412,4.081451000692961,71.7275985355559,128.53757621590677,400.2824424757164,44.12006690994061,13.036135272496628,4.306065592136145,1.9787000301213835,20.151177758403737,33.45207303347615,2.179383159640849,4307.9927453792125,overheating
1902.063797692493,3.629160161956414,125.13226155723191,202.8077018861636,477.02340933223326,52.5749868134657,15.094068540119354,4.1829915158027395,2.2517957758820306,41.36332323495239,48.55063977816075,36.58000992811425,3365.1255982279577,overheating
1812.37205547448,3.6513029749555326,131.64503971822586,220.76269655807494,502.75294450846343,50.01301251881193,15.969117926039067,4.2049696048860685,2.3025046482254905,52.597421563415345,45.854329443531256,37.21755712672866,4825.393606507188,overheating
2340.1692570572463,3.6525554493612646,113.00545584768506,184.3971001173844,474.34731586620126,63.208800081517566,17.700292819315614,4.103091557876575,2.959495423430493,63.72966352470161,71.39182881052065,20.359278492955642,3912.738233396154,overheating
2391.260709674847,3.1460349268335808,113.13928639167668,186.8031317986881,492.5029031201084,63.98030564946296,20.095641867064415,4.006563083621245,3.1105443886018818,84.00005024367749,74.51873986194099,15.168743553370842,4520.32106506634,overheating
1918.9148334574263,3.826371776411741,97.62971017934277,177.8269787803381,469.12322576048257,52.17370001280812,16.0083416788101,4.013973390326496,2.5197741733759518,54.521491355572664,45.249504992791785,2.719528689480634,1091.0906999299582,overheating
1558.2038892667945,3.861876863704362,97.0059071256156,162.62048161104101,447.1080557167198,43.46861304304651,14.60671755040751,4.220418811012791,2.337214875106403,44.16346992228503,32.05990748165926,16.401044566111274,3034.5411420362816,overheating
2153.7566067155476,3.6547290007585778,111.95280121198012,170.64929296018545,461.0307548764623,59.67744122026303,16.667529895572642,4.098539993625565,2.462000902138957,55.796113146621785,58.269241539295315,26.88415599047027,47.853359800688445,overheating
2550.8691387551808,3.105174995885637,114.86530206718614,187.22117163875618,499.513294996845,65.63012195132606,20.84856053331622,3.874420017739316,3.3176627005926767,97.05167327291576,77.851397950078,14.545329330595923,3911.3322791012065,overheating
2016.4991772025096,3.6588532085252012,99.59008884251442,170.88276778035254,454.0579343178925,55.194987066808544,17.23112485343101,4.037025941458383,2.530935853304517,59.11407734983135,56.04387916687531,8.089329121395679,6075.3468857034195,overheating
2349.6005525814376,3.606212387805075,103.89066605045355,168.13648258884476,470.4350158755818,62.0133885711702,17.143641309319413,4.034669762432912,2.791819994393291,62.82303083780522,66.79489857100765,10.539855799652177,1564.631288412274,overheating
2005.0866993533027,3.7321663622903265,101.68237579618835,161.46723202330904,451.9429897506995,55.362049245460454,15.701975290187907,4.033889794778022,2.4299134147161894,43.216904015976816,54.027070682670804,17.12125768073409,2702.9331357500982,overheating
1750.031607178879,3.7409931676544947,114.59084333048402,194.39177646051144,472.63590678931973,48.70471842982779,14.533661973774775,4.171132889704012,2.3352984097095524,41.36447653730921,42.29130181448917,24.17734681966754,3942.2694639970564,overheating
1562.7223659214756,4.019134068817202,82.12290415185741,150.20922816542725,423.92767821276465,45.302336473341086,14.523184399836106,4.180871736137531,2.1595071925939395,37.50183337775816,37.1219147088757,0.3983362831935635,6450.168152615061,overheating
2543.1687112150767,3.255602264976929,116.44012903863008,186.86703215648083,475.5348604620983,67.23728668369748,17.70641460117616,4.009570220230841,2.911212486980228,67.20663064023582,77.31966289084426,23.818904409413378,881.5519411359302,overheating
2513.2113225544194,3.25482307039279,117.64607343538745,185.77347807667334,484.200690287005,66.77611060062495,18.84575494556216,3.9959013213234447,3.0166329379078434,74.15746186775023,77.36923137291316,28.50489291670211,1979.2898896594536,overheating
2158.995602119028,4.107101062915158,87.40659508725308,161.86290612594465,453.68415097109556,58.33127060888899,15.897465439803561,3.9653481208026666,2.4779949152477974,49.648419915059854,61.30507492897036,-1.3906541424929013,3631.463341695004,overheating
2233.9508910069517,3.4288969288181548,107.94965648443231,170.72793035018617,460.462388005178,58.916144979380206,17.10389682381313,3.958834132779249,2.8630404587883067,57.02836791925937,65.96422992723144,22.774531453362435,5469.940258426169,overheating
2267.032299592188,3.7549048017107376,90.08009242161432,163.0791048507605,457.2556689648808,60.95041500341563,16.82536276550337,4.125770265234503,3.010415548817108,55.688856653218224,61.794490669158506,2.290094573620948,185.58847873949287,overheating
2668.4817999827146,3.0611620875106134,138.5975833667367,228.38164619579243,544.37386114756,70.07082331104426,20.081716281758915,3.859991631447714,2.803773009763619,87.24908018193213,81.90265891817216,30.404875203804824,729.068372648512,overheating
1953.5757755067007,3.8676920485347,99.27860868125373,176.48495871728963,466.40704549125593,53.49869493892154,16.292359824732788,4.195660934958004,2.5828479989457946,47.60401802246809,49.7911721812486,5.476212237603348,2245.1502100884477,overheating
2582.078992626251,3.0850693215161735,137.56114822234832,222.58890418310955,532.5577234208573,67.77134296672105,20.01220782106664,3.8797545922778287,2.883176575850774,85.82370150806818,82.34473164554808,28.095113367782105,4603.008254340109,overheating
1513.1806011343347,3.9915521882184475,101.24566493452495,175.8680859226639,437.75669166242574,43.688247817768456,13.069437228665715,4.1616247014218555,2.1724065627603695,22.310889311861523,31.585512317070396,24.96900624204,3706.5636638327596,overheating
1947.1019694262532,3.90572231726168,100.7254755490958,185.317494502741,459.0657390858061,53.12854970883185,14.720603224327657,4.263935253580472,2.443099195297306,38.0266393230264,48.49370512913492,13.679433528956425,2112.579496359226,overheating
2285.9208864359853,3.5170847249802293,94.39814933572713,178.60998692943312,471.2504990897643,61.6992327725047,18.65719479939606,4.05203743170039,3.0950997950911106,72.61406950157861,69.17995526257354,-1.5811460556018788,4586.724825323822,overheating
2375.081480975721,3.6863753347639445,115.24631417899982,202.03262841411768,497.3184973221689,62.73045334912325,18.74155836610427,4.093542697024956,3.0374431371077852,71.44716052130931,69.35963579400874,12.980943479078412,1730.8196152365135,overheating
1887.8379614616824,3.489932378695969,118.67653157772092,185.68534650403132,463.3157051814066,52.47400684915131,16.39870235126233,4.243049569927362,2.32087885706062,52.766330737592895,46.48583138269914,32.657894380116545,1661.4759881800726,overheating
2353.9783907596075,3.571413008245496,121.94608630863243,204.67739750404002,503.93026075222224,61.63973143376033,17.51708824490208,4.031350656337149,3.2646542726839436,64.78015164497852,69.0602599690231,25.53891513824585,4277.642359599824,overheating
2034.3020526881057,3.5840114307775264,116.28278314074781,182.37597779228432,471.54068121171923,56.317591090051685,16.42009556498002,4.069108826331929,2.481623357967479,53.08411461481338,56.241773668549236,33.775607322368735,3535.474175431794,overheating
2629.8193874058393,3.2316770873093157,128.38185796031217,213.13626068281428,517.097344226268,69.30685191483892,19.683355767664818,4.099496114882883,3.089679470992353,83.15452073635504,85.77204851301076,26.185916269800252,4397.496766916497,overheating
2500.0131345559807,3.35315372358234,129.85004068240303,207.26810162415484,511.8534760132179,67.10381627333884,19.955762896733326,3.963701595260321,2.9116997308291857,89.0387544738069,77.16433161130935,32.43485892811605,2070.7245459049427,overheating
1638.3905966326424,3.8493092585421036,116.8669529906702,191.86711636868674,469.67710440775375,46.58682298852964,13.010110280228776,4.290661084143873,1.9783640619516483,25.12232415420635,33.62846322115552,32.35357313556722,438.8739848169434,overheating
2275.989098493667,3.5712359530402185,126.66695995087849,216.80448565622842,503.7902072246,61.79385793377146,17.33996120080167,3.9302983351571643,2.811306038606945,61.72870538436496,68.6996876445169,29.370988637629452,4362.456662454052,overheating
2609.077130630634,3.3359134482401456,99.35584019400335,171.48787089088745,483.31041284724586,67.44518674692861,19.666660654931814,3.962975413067451,2.822900077915082,79.00886866217817,84.26121394122849,4.457093849132566,5782.2234176879865,overheating
2541.208680333958,3.5259529268827485,117.38994973168828,202.64205730638324,501.274764196625,66.93414107282727,19.01943268310061,4.054714550120024,2.9461359280314183,74.87028691674689,80.79236775706764,14.148120058781863,4721.001351946967,overheating
2568.237893900487,3.469189946815952,123.01049859795388,198.93074951763455,500.2351274888883,68.49782247494184,18.451057914716262,3.9320147302554043,2.7588666806851565,70.71825002116043,78.10677654012729,25.37047008809864,1017.0414908856,overheating
2687.4644365903387,3.2259671450237395,139.40911535954314,222.4344008573585,525.9596098738883,70.46336577421448,17.810793573122076,4.1102392259819185,2.815052799265052,63.743812931874004,84.12618303866095,37.2610373744765,2157.322683933405,overheating
2312.5941662420096,3.427260010578232,133.75700097175343,215.73951111241382,514.6640132514257,62.06713183377679,18.40307130361767,3.886905095592756,2.859700265304185,66.39201692562838,71.40986952536097,34.700475410680376,5673.037344518134,overheating
2049.986898026606,3.986832112430957,95.23770697481478,171.16574813964453,455.91858066697046,54.886023005789625,15.107081056505614,3.9702076450668318,2.5328245039539454,41.347808901752174,58.593458246466525,0.6102029731518026,6261.256005204897,overheating
1696.884648665654,3.7767845408401417,102.73143820558431,163.01648885162672,438.0237161423672,47.05713090557342,14.797824873860495,4.138596421889536,2.412573696775918,42.730892961113206,39.53355992055479,25.90910689068208,3850.3426511296975,overheating
1454.081061778295,3.782283529494983,106.93703377734604,193.9914297852233,468.8705359971448,41.324605921708546,14.97709406805623,4.12212558215911,2.459164526682683,41.91139989907647,30.699012381242625,21.45499491261696,5916.148199415849,overheating
1534.1940867631429,3.874389811765573,90.71208353559206,151.28713761843335,416.66053973362506,43.677584573994025,13.094718504157974,4.22764336016603,2.2848071395232146,23.27533703133215,31.88367108781446,17.817245317666554,4298.147226239484,overheating
1923.8126609496608,3.660410028749035,95.0566672467915,163.32338042561452,450.6206037280497,52.07726016281504,16.73972655687881,4.149770897266302,2.627830724186067,58.831343550084696,51.034033023096185,6.557826708422816,5646.639592131444,overheating
2051.8093821460043,3.7566597293481307,86.5130214159469,148.25907038656007,432.8081904086527,57.11557091576861,15.93518672324427,4.15898116730317,2.378669688208303,49.87753487811668,55.28621866591889,3.9375846218851596,689.0026604430317,overheating
2236.6450610710813,3.5319037376904694,99.91584666165058,179.57035953670064,458.7434733838673,60.707285386789444,16.952262233004348,4.1173161656313315,2.6300813239272616,56.51780744634603,65.28656321970531,13.176359956453993,3973.6091563560294,overheating
2419.882055802116,3.773064789372826,111.28265200490996,194.69489326049631,494.0965125620309,64.46828131188354,19.381598476070472,3.891840306307015,3.0485502684447403,78.05069009030294,72.41136373614022,8.53294917846979,3131.002844628132,overheating
2262.431387248656,3.82975310008535,97.73349580933336,174.274592536949,458.25638206749665,60.56819205209199,17.002952646321074,4.018857457062923,2.6814687223110956,55.54030397567944,63.51950432940984,7.626638405574705,1259.7471356818573,overheating
1879.8241123316664,3.9896848209770956,101.08035696923831,178.62338105050065,462.6391932575059,52.78840824892688,15.615912814469784,3.937274307151895,2.4066313835740183,45.51460752107416,47.846133658274475,7.162862532080735,2025.1992337776508,overheating
1893.7151238089978,3.8311149756076825,101.2768918114869,177.1440383044518,453.0440469459148,51.87762456493137,15.045785087519493,4.160464956170374,2.3878864769057815,41.27869149206958,46.170525404351714,16.80764159777964,3111.6147166998103,overheating
2027.5592831295628,3.5787662325082192,94.60737859014756,161.643102887131,444.0623442792196,54.917214230719885,15.594715665446865,4.258137419054222,2.5992485422077,44.00983182675428,55.5087179515855,13.484609045619342,3715.9385954418517,overheating
1813.6722364916968,3.5532043244222544,118.29400821005578,184.29423303613044,473.7765563949363,49.15464646819191,15.26136811406165,4.256564618439066,2.4740390089068294,47.25375918384038,40.39794729855021,36.63204570213548,916.8266504526853,overheating
1619.7705165460823,4.104918773523127,95.10727090796911,167.62258218189123,449.66501654728165,45.83974972459014,12.708900200362557,3.945735135230086,2.1901289330599436,21.23296562246132,35.39943589624318,14.37848890727084,2287.269367694904,overheating
1749.2042560435257,3.653748376666215,100.80784238433247,162.7511841837615,432.9149595303803,49.07582935020488,15.106142619116627,4.2770000468984115,2.231166476645826,41.573137299137144,42.3180867907516,24.521543493766334,3478.37244018337,overheating
1519.1203180052341,3.823661169901138,92.93157464745501,161.29268990663192,433.4251914887254,42.944718654962216,14.636298913047652,4.0718813407630625,2.4469046322424126,40.45822519022038,32.0884422663752,7.271236948532179,5316.7850145817765,overheating
2143.5059374385355,3.801586441356049,126.18702294324285,196.8139272453424,495.2525491338207,58.1054707662617,16.628232826679795,4.140920572251262,2.6047367168668125,56.682002901908504,56.555190171310294,34.2980182623658,710.1452191031191,overheating
1856.0650357683674,3.8348618356904396,82.7939516007069,139.24905812347762,426.0461360120574,50.11019905848011,13.949172162227656,4.086848838232072,2.406375480162156,30.229693990890993,41.99111684046975,6.086797579710012,800.4778272111977,overheating
1676.5624454490958,3.8504870195873657,101.3060708799113,171.67273877952195,441.8339916393045,47.24853943940002,14.525434748504198,4.049470992816535,2.1919688556719645,37.302435702238306,40.60656842815885,22.36761854060773,4675.436548148124,overheating
2169.955891487652,3.935544783140046,77.22585945787077,134.9427428124631,422.376288835295,59.74323896238109,15.326109252856776,4.134265779963708,2.281496969083147,46.4169170086486,60.438385447658966,-2.8813871342441333,231.3197717899584,overheating
2491.3191009183133,3.0855035012213623,137.69724910290847,224.07391829697525,526.4778570192972,66.22955660152562,20.56251809896279,4.039372518734523,3.423488493649744,91.74564030301123,80.93314309683045,34.47829434981957,6374.534997498317,overheating
2392.250217199172,3.1802091018520087,111.53773569883847,184.73598316512914,481.12799095600803,64.2776136172975,17.922816510640658,3.9222461211350943,2.814807944541426,69.28667048620974,72.63788934389595,19.338233328273713,2633.360477809786,overheating
2377.0166969152197,3.3321073614735095,127.16395527206834,221.39496385256533,517.9741900089682,62.20434810411935,18.258761651932904,3.9449134258962824,2.8464838856750765,71.72820964994702,73.42028540824161,25.068795919388663,5994.269287185016,overheating
2443.429052070558,3.236716841354041,118.31339365422362,197.51958692454485,500.21700524619894,64.26107501653907,19.104349294353465,4.054249424296155,3.3611963822725324,71.74343092796086,75.65631337378595,24.423431216625534,5255.885612066993,overheating
2277.8193729337568,3.4022458447538124,124.30857796215331,215.02588597860034,506.7426692479384,60.51316393299314,17.292026395626998,4.2441076277397105,2.713477287294968,61.59024907978629,69.24730543019193,22.86138606132626,5256.585214791981,overheating
2142.254397934365,3.7246045473004683,110.59529795867715,175.87034796908802,458.10103121425385,57.497472560762375,16.485296433181777,4.088897834649729,2.8525536549178097,52.72439737747606,60.82818505987696,27.268586255716517,4130.36595372228,overheating
1885.5701132132879,3.9822748507694072,90.3956960285754,148.15911784109028,425.98554271546834,51.88778438519061,14.636815448096781,4.126149197753365,2.457402155641332,37.34537543837025,44.27453875841969,12.910203018883491,1000.5466558772349,overheating
2694.2605160396215,3.4937074568912947,115.95249266067987,196.31371408355443,517.2157989074647,70.29845323468558,19.854643314225516,3.9051585141882006,3.292166730681621,88.97770892626055,83.53159453813784,4.450200270633107,899.0841607931715,overheating
1647.2944974756542,4.032784921115908,101.51414496099335,175.60380490740195,448.5940499159627,45.671595030986545,13.722495704782869,4.154482671530051,2.279406276654993,35.65430721403997,32.60160954382764,19.43323705142475,254.10961389135878,overheating
2094.689521287558,3.49148242525999,103.63753390136799,170.12876555311198,453.05744083070647,55.336626394604615,17.094233556510257,4.065099894886121,2.46559969189265,55.9225274872726,58.82125299391181,14.690147158188132,5619.43580184901,overheating
1569.8999093914113,3.8377847434586667,82.94301535820108,139.29131869776876,421.9519838890635,43.20867108025668,14.092508438670102,4.26794781382332,2.373252484946576,36.23958967447649,31.939582141970646,7.270574598812303,4734.098829459445,overheating
2010.1720009984517,3.513631552004581,131.93236028071945,210.15754295999443,508.7943174814516,54.19135913517324,17.343320848642705,3.862577953537116,3.014105569511079,63.68474170922162,56.810221205694646,37.47936282411611,5708.6684125905485,overheating
1604.2311750226324,3.842131411549237,94.66262823632053,155.96696497306462,433.80535907462274,45.855452689720444,14.327090358366924,4.05536440829048,2.205578937812471,28.24505714681331,34.44601080812019,22.48892574469486,2639.887024045893,overheating
2043.9305909812933,3.8873716242936025,84.35044393920529,161.25759018460056,451.41699085419856,54.484083951136405,15.742348318915122,4.112024412765328,2.632618988730404,49.440133784275936,55.7217038991393,-1.894271104797037,5559.130773371787,overheating
1742.9386994686774,3.6038183826448282,126.52365586077171,200.10012724238769,490.9414973008659,49.089931255909974,15.995009861634626,4.175672286053003,2.6911155173012262,52.55615847397458,42.371235915258275,36.231575177595786,4496.512256707318,overheating
2321.7384584648703,3.45560780844658,99.92512826143995,172.3342101375982,469.20098297630796,61.58229716937448,17.985921405356855,3.9998990662494323,3.136799966134398,67.63440016606786,71.9389614421357,7.708056357564682,5820.398664833185,overheating
2439.598086497815,3.230943357020496,117.48728433509214,192.48491128756098,490.5602973871727,64.34217321673903,19.214261426459075,3.9460391109324253,3.0248485685136552,76.60180290968773,78.1493581715289,19.03316912511154,6089.268914493114,overheating
2487.4238525011865,3.3730140550412204,119.68829551268668,181.56104408505402,493.1654539044993,64.77818184068897,19.794146682933242,3.925460812276274,3.3656824311313507,79.83449279862981,78.6040477197572,25.741424549502508,5598.863028469489,overheating
1544.4709874766231,3.932148331482528,110.48903536528428,186.62759844658711,461.43217814145567,42.85737885228311,13.338078533471714,4.1533063225365225,1.9696156049293174,25.619225929178143,32.670921666122005,26.995580301841528,5771.940468775041,overheating
1985.409111030518,3.821877041067177,90.9077626868081,147.78386807460674,435.9996656428059,54.267543728983824,16.20115330363855,3.87567193092625,2.8193057832286437,49.65479109938316,55.65100519577669,8.179084437144057,6376.769136060771,overheating
2053.5091832373732,3.6112808119208912,115.3771254391006,194.67147521091982,478.14301316216796,56.09582756715764,16.844116031771893,4.094740216792746,2.6664295920895835,57.513981539103774,54.960567591278476,21.607207284380703,2402.4052890400276,overheating
2368.164106321615,3.5922087348853435,92.76849995533982,163.05324223652698,455.907254409904,61.455185767770395,17.09572134024175,4.1745676161907905,2.7855502941845676,54.54023261307253,71.4453384873292,3.9199839400463667,5895.841399495362,overheating
2714.4724081639165,3.382646890879704,115.55306490045211,195.87226058774732,504.3923443966049,72.60555403459419,19.61029181302425,4.090537960335096,3.218293871927537,80.3345423241271,87.23927521094267,10.282698669715357,1810.219687222963,overheating
2535.587286242665,3.466442215302621,109.72174741947038,192.06116685966137,496.32227800364734,64.59517002406844,19.793685927544576,3.937324724300467,3.2397825803468048,86.83748446268721,77.74819914138368,3.3424517344936033,4982.883226933617,overheating
2034.7275328868277,3.773911917588659,94.20748384629465,158.62886322465923,439.1962790505747,55.01655070504478,15.705032896402543,4.1127914399965295,2.572965319352697,51.50653512831667,52.983726951167355,13.400812762467043,1422.2493826015966,overheating
1866.7686024309407,3.984761308055443,97.75071109711949,159.94084679334543,449.3722369073728,51.4564466826602,15.24170790029236,4.215859958571725,2.5891565338443185,43.28983240772177,47.692180806276056,16.43322015534134,4568.558814782656,overheating
2659.024293015845,3.4429644034102784,100.73222620970898,173.44542652181886,459.02889738822205,68.52539132552825,18.850942319353248,3.9164158625158243,2.9829591626476364,67.71064625953305,83.49538714854215,10.091960287021807,3870.3731123455327,overheating
1758.8166326689802,3.970037825009095,84.60065100358128,147.02999205840206,424.54551468007423,49.08911663942707,13.826871843969654,4.102057288969931,2.2685597075841764,30.00027579399789,40.714125194376976,4.967227732107429,1866.2491167916958,overheating
1798.1877044572307,4.0255023176230935,79.37448056930145,145.35713728588482,419.054966909869,50.712592610769505,14.675826215832545,4.1560573113183725,2.1488329617600526,37.27425832177331,44.63668390701428,1.365984677553784,3641.2373386150275,overheating
2071.7608201186526,3.9070742123594577,85.19544064700588,142.88489670508244,429.17567741655523,55.8157041588381,16.130180399472316,4.271859336072517,2.82542555466685,51.05063352324069,57.87897552806055,4.7791986655390835,5035.312979220656,overheating
2140.0357163460985,3.7209306544825553,102.53400291489439,178.6156177145953,470.5339885369821,57.385566515614975,16.622597457115187,4.017312915255628,2.4140187919924743,50.545645893237754,61.20451796983139,16.247524218467987,4086.969745320947,overheating
2427.6649329664174,3.3790587910450403,107.021381086921,178.6555153523438,487.1550262650809,64.47699999651014,19.12895912322327,4.148619235604318,3.4471664321370072,86.39382547143751,71.71640288146234,9.785841772871256,683.9209536679859,overheating
2489.4482363233196,3.332294847047828,102.06801449026385,181.46819702511755,484.75146308266176,65.90499258654242,17.957944645200474,3.9870889432199235,2.9415657621094224,63.23508624280254,76.04697570902134,8.30367640328757,3218.075143357255,overheating
2519.10447102013,3.3820709135995743,111.748395018791,206.35498020173966,518.9017333147508,67.32451795008751,19.848484924769128,3.919691842584553,3.3545704174377327,91.26397959753591,78.60227325641557,-1.9897088936546417,2015.462723106413,overheating
1524.3170264228181,3.802489494183481,102.12621021676529,166.65356977420245,437.1354467645005,42.62103113423141,13.867619075784589,4.218297350793075,2.208514819562856,35.00748225639999,32.31174063069601,24.278892199844584,6231.561900239711,overheating
2756.982903900405,3.0845218075331795,132.2781787726796,201.61853913364362,509.6811502542562,72.5095263977029,20.377860903882947,4.048429068081605,3.0935890132895594,86.01858548291987,87.714469683755,34.91646731389039,1052.8227011718348,overheating
1892.1872937062049,3.7737875170588153,87.17199225009088,149.816591313563,434.7265081426558,51.972760131305336,16.248240344342022,4.006536206694021,2.8318622823733737,56.19445647116721,50.441496678571156,3.802713045704995,6204.825852254937,overheating
2169.760066130878,3.6068195423602982,111.23991303240004,175.1848624747921,459.6789735358357,59.052653944069164,15.83421972898849,4.045166142022975,2.4941878493889234,45.79421318904558,61.15905298248349,27.558364037405145,1710.6990427539758,overheating
1550.207585309517,4.158077993914438,99.91585360280455,171.9280102284858,435.4193257184222,43.61361222801367,12.76482641697669,4.094886768638555,1.6860571328703235,17.292163632182234,30.083345865614593,23.37033734385458,2648.5785845721007,overheating
2570.111844100317,3.5384253375557364,105.39600893459351,191.56467152079347,483.78343793631393,67.44534206651993,18.432197959475687,3.9666465659831864,2.562363124042695,65.11195305242461,82.94737693306048,2.9906562575146496,4506.389734198551,overheating
1750.105629710834,3.6703976694094704,105.02235774183531,185.38452921779407,466.2956195423886,48.55301608037836,15.1568913505774,4.040594116628624,2.5633125095707903,42.921932790087794,39.5835830760435,16.23977173918386,1839.2015520277496,overheating
2407.5848154465975,3.213477063044466,124.96949838566638,198.49240507191413,503.1726271144141,64.6632463195739,17.3527277372548,4.0973538258770335,2.6601947635459906,63.44686479289284,70.04382284635771,25.112767159336084,368.69634721692194,overheating
2667.2118716116493,3.390338779332294,106.36244064051505,177.17912225240747,495.1731235394358,70.12161485243256,19.94359313628278,4.093369061201586,3.4827181228903057,87.11123280871153,87.43954188478259,7.726081733565811,3904.2864137069027,overheating
1717.8356387249632,3.742766513514215,117.12210395515814,188.55549911134048,469.85441992650004,46.978044854779334,15.549506581737807,4.036089140603193,2.2338256316783047,46.95457942520389,40.112574240643255,29.943877409855446,4441.272793084762,overheating
2275.251031195704,3.655759415813091,102.89665486511568,175.46895772195325,469.84352913409015,60.94417881695221,17.59286731461559,4.092493311716512,2.938776964178924,63.77819958302493,69.4015157432103,13.079155004145331,6156.460282594339,overheating
1822.583887673578,3.8529842004076387,94.4267787289925,158.0419590773644,435.87590356211547,48.56218170150666,13.71111327940608,4.280077295897553,2.2634144477039944,27.721366966418884,38.62697492061761,20.52728205631061,1079.767272744841,overheating
2511.7755379279515,3.207384022219841,128.2015957213968,201.841826826035,504.53922559867635,67.34426954389822,18.93262071605864,3.9907774664407842,2.947726686131859,76.13081399525171,77.96223353300512,27.129963132128225,2024.9502357477297,overheating
2268.6009757637357,3.1582739886541327,128.13933983698269,193.67296108653682,485.9319344357541,60.81718415322717,19.18692484583858,4.086929372147163,2.849023994407945,78.36399064597124,67.46952952330706,35.898983698568856,4591.90969697344,overheating
1786.2723741141126,4.005059067663911,80.03208135901104,147.44965001964408,432.6716253020255,50.74875822104913,14.656358179441098,4.221839116679559,2.139117634797689,33.86935839851939,44.60015917551696,2.0729038335301007,3667.6438960273094,overheating
1600.3643891961567,4.1483118743013065,110.0350573085564,171.18771322622328,440.70422819747506,45.42056684715518,12.540568048480253,4.203087994145067,2.1985842796891992,22.839299427300062,30.133588581262323,35.3665680463375,73.18801267721503,overheating
2683.525164132109,3.266457971056701,122.16236171045529,213.3323584859426,523.8346829447564,69.30134241110078,21.22284222660706,3.9480052537850336,3.4220708848284977,98.0,87.50585469210377,10.856358285195258,6178.080614880027,overheating
1924.7496607947276,3.7598697753799137,82.29297567806591,143.48143384586876,426.14640618119114,52.975132273783835,15.487558871228016,4.124648419343315,2.456118266728176,44.229691275153336,48.484456723815235,2.810351651952722,1507.5217180747704,overheating
1760.524760944473,4.104421692894133,86.61884951342525,165.8488210863879,433.18943521758194,49.71849206543126,13.89626359959849,4.221300530324684,1.9944982243869256,27.963039279298734,40.758752134674,2.6506239800311207,2166.7288629615246,overheating
1749.6380447146935,3.756775662976776,107.42527826396835,185.5649249503621,462.4794828835355,48.19801053796479,16.049217260872886,4.077266829897863,2.354836113808093,53.56312986888598,43.356945409095275,19.084504440721958,5994.099848020701,overheating
2630.5984058454437,3.3377636730854747,140.13025192966256,228.05032243604958,536.9380743481194,69.65006018402009,18.103816504078566,3.821660042874241,3.058585528680492,73.39842047732931,82.05753557405639,35.617091272346755,906.9202583447593,overheating
2635.6645026564865,3.499257349823896,106.06492973740609,176.15848919666496,461.0574464027465,68.57137017695995,19.455643974659676,4.091772178546151,2.94024412688705,69.72014661734082,86.07847555477615,14.640334972438355,6052.778673387183,overheating
2625.8892553013848,3.3379296619234626,117.19401332699445,179.94480889965928,481.7239371239643,68.567329335137,18.852476513869487,3.9198306112222627,2.9241414316766114,75.33958991596693,81.22876866465823,23.49032519019703,2678.1109909135066,overheating
2458.598328129687,3.2678221418709743,120.76509674148875,183.07867811815555,486.21262212548373,65.15763046327105,18.807569402607047,4.009867942447494,3.116425628395928,77.082906041727,77.97528166269903,23.62124865606509,5907.160868514701,overheating
2529.6461706514006,3.412414282899106,118.97010530561512,189.5287526080316,487.33602021493186,66.71648385596394,19.370042085826626,4.069262320278485,3.052113217264153,74.56471804254484,81.59071554279538,24.321673497169595,5693.0449865750315,overheating
1627.1106773903048,3.9577940956486226,95.64987412985653,160.51351386186104,428.1983379696782,46.326435436586465,13.675731832170714,4.202554519849226,2.348959621194204,34.46962813643878,34.23471476202427,17.10982897077735,2245.6571183088095,overheating
2320.1245990726025,3.4580561325957038,120.36277836843638,212.8387956916621,505.1217074053774,62.363871696209756,19.19799257300362,3.988413992455979,2.924292973360873,83.37392069322604,67.25088735089813,11.688660320485758,380.5263835505837,overheating
2506.93918877867,3.297594540557993,119.58492565458862,211.81180713684915,506.6002321754696,64.71496761967302,19.720899947062264,3.9765528532082355,3.202817672193488,82.43046330778056,79.37139899348196,15.642134147135405,6309.252973009163,overheating
1914.3398647031913,3.8069790124294514,97.11196268467441,171.6776919852777,450.4836747302005,52.46074070564896,15.119046103582319,4.162151645116643,2.50649767307591,44.864744808044534,52.162549905623926,7.3910753112792715,6491.590033253836,overheating
1870.977893224917,2.879584512117339,101.06873352636096,140.7683620043621,415.243681269228,52.22108443410007,15.152276429364672,4.112080588337232,3.208992399576161,40.720054920580914,46.60061984015735,27.672534915843645,2685.800779664813,low_oil_pressure
2099.2290023328146,2.014036552384399,79.2550183764348,121.66813572124866,395.8233546180459,58.655181370458884,15.678447491657112,4.030994913018029,3.9778887060286627,44.56029206387503,57.06592044873493,-3.1697330273165285,234.44526877837507,low_oil_pressure
2705.9593268207723,2.3337131414807475,104.14386862926544,151.03319452611035,450.96213228878275,70.77179987367464,18.75099893276245,4.084253619016538,4.007245992292824,74.11982956463109,83.76415316216222,12.96393788399983,412.85570587850134,low_oil_pressure
2444.4454870430945,1.532307372209731,114.62860977557192,161.874273512953,456.8893057665316,64.56800187712683,19.066119710075057,4.17407910398133,4.4732444863922165,81.60875377364403,74.07436578272305,18.88810837952534,3353.794392180694,low_oil_pressure
1774.9174518009256,2.738728732436667,90.08899056147582,131.72187549694385,406.3440314266937,48.957000079792394,14.682377464689322,4.160533702153993,3.2457896794207772,38.38740889125076,39.32917521295256,16.805670764243008,122.68395187688874,low_oil_pressure
2398.757250061791,2.0270412275584855,90.59482339959659,137.30799034003456,429.2833353274091,63.48003040692936,18.555191767701643,4.127407027134843,3.985737485651029,73.59804360272939,72.74786863776642,-0.8460228462729198,4868.950926262956,low_oil_pressure
2679.117040777281,1.2298011142237484,133.31383976148618,179.3939073501557,478.11485227019205,70.68255526409648,19.74354415690104,3.9559285032404192,4.649297732995965,79.84993684051929,87.33432137040818,32.77141694830103,4731.17726114873,low_oil_pressure
2134.489069631743,1.5249901771268508,119.0305527424859,164.14182509385634,437.4991916946825,58.532810936289124,16.25758521379457,4.1889957551671255,3.978953771514244,54.09692587439336,59.89980453410038,30.289986437579373,2323.0965360182913,low_oil_pressure
2540.5353055615815,1.3315092625578409,121.68735699781526,164.0618405590755,446.1709063908837,66.6206904053139,18.18615254229559,4.1880803822155475,4.60809131549116,67.29389119959079,77.78257169530276,25.513817568591218,3222.832504134565,low_oil_pressure
2336.005107737544,1.9120730112104762,86.14503200039579,124.55302287843519,406.0986378696591,62.22730292578367,16.7992207570791,3.977414076646925,3.812396724888373,58.85319235672435,66.6544100472834,-2.9626851852349176,2152.3158754215233,low_oil_pressure
2468.998219877982,1.1915492250472304,130.00329590350654,179.45411339329686,465.2951011503599,65.04189125987129,18.2389952018106,4.056167081849669,4.506467154684845,69.22967765174644,78.06059421457337,35.18288102575586,5498.451218951863,low_oil_pressure
1688.3319996746525,1.7311024472504384,78.5854318208448,110.98273287807041,379.8332973892705,48.48870284195775,13.991147901695042,4.074173948368732,3.552346148998113,36.2716689592595,35.82496822236842,1.2466630516803752,272.84102584363825,low_oil_pressure
2685.0952242881976,2.460898758504545,113.90685512474668,162.79725349618957,454.89984696692346,70.99923147384773,19.040088351319444,4.082021847793493,3.5811795217011424,72.06441124629228,85.46073781537467,23.935979999661342,1499.2313975693344,low_oil_pressure
2064.60026020271,2.800194852507733,77.86429854267743,109.03162205763157,394.7903935132737,56.17685698005876,15.823722941765336,4.10707474491832,3.437670662638016,42.38037460471657,55.383618078179396,0.23607483331956747,2130.9581204233814,low_oil_pressure
2148.0403540710467,1.7971970899681848,117.87856236734972,156.69349737715143,442.7321232604032,59.20110988171479,16.965637886741835,4.106409156703899,3.716680230789048,53.81624499423972,59.37749048537063,32.36109923080703,83.60671271157183,low_oil_pressure
2534.464689777025,1.081863800480678,130.0491365645234,180.95290352839265,473.7472182498592,66.35615319965176,19.82833109900397,4.0866195765520965,4.459542960748774,79.03104978923477,81.75205379838653,30.11724985007966,6293.350369643922,low_oil_pressure
2197.584530916033,2.592781520823805,115.15168828892473,160.32738067789924,438.12962381112595,59.7509018434122,16.165894707440398,4.134884467850154,3.207769695824739,50.30994243262844,59.19170784811465,37.948408098913,57.073329665603964,low_oil_pressure
1696.8488687998451,1.8019009257220744,94.63696687703205,141.95587501878606,406.6223766963175,47.081569868141656,15.697497146509761,4.360126676943694,4.241241159692151,53.09739876242199,41.02315103636222,10.341742772930944,5775.853778274412,low_oil_pressure
2274.084499395381,1.7535901283596151,92.92843075127487,139.37176472331024,424.74655895597283,61.243490138396645,17.92771632294242,4.046924616970515,4.283906765889637,64.910747972801,70.78735545864257,3.098139129513564,5513.921965851334,low_oil_pressure
2709.042669544733,2.2958203264021604,100.77105714002988,142.56248786739394,449.9306840406671,70.18367993878486,19.2268687214722,3.9612120682731016,3.956115669760236,74.10880567424405,85.42289427535123,9.637902043969229,1803.4784706690778,low_oil_pressure
2223.713428851018,1.6484775985530704,113.9537578535552,154.73494758609917,434.8936655975851,58.6557211405501,15.898252402847673,4.0439481024049435,3.9492815585640133,43.96980987512309,63.577656616858484,31.728346010342367,4163.389558700456,low_oil_pressure
2001.9205524985616,2.815781470033028,92.78015130426829,130.05533023551746,407.18337942925905,54.10029660552609,16.57242796253136,4.0995842784558825,3.3736420214590943,56.42310916889366,53.691053770761755,8.105130475140804,4198.000938087186,low_oil_pressure
1836.079204696505,2.6350526151400024,89.96087760980235,123.20516642067689,410.77476694914424,50.326861179660014,14.052097830370696,4.243860780330644,2.9628412712828456,33.513908537296516,42.25596379603364,19.965340318430528,1918.8267812585038,low_oil_pressure
2299.566001256102,2.1496520721541934,110.74297237415594,162.5940732466968,460.2233168988651,60.77938170810196,18.930845865441785,3.9687019447522585,4.052341398528245,80.36973936595376,68.63083876062238,21.876823545998924,6272.5916827993315,low_oil_pressure
2681.031404245014,1.7099177766692282,113.51266952728471,168.236550789921,461.3364433519247,70.62366632680346,21.32276843255305,3.9967497340438314,4.528999493307147,96.06263452250943,87.38166689921599,12.055895113155268,3331.797247936983,low_oil_pressure
1564.1447795593208,2.5112007855906358,99.72120920694982,135.75109204186646,414.15243961857107,44.3213843617453,13.84904301185224,4.176037535729468,3.1522093622409413,35.72989622097468,32.256870160524905,26.87887493831268,2490.2755366429305,low_oil_pressure
2588.5590445395446,2.090579584605928,125.29139539634916,175.45083507515074,484.1349367277106,68.65676160568754,20.177317720969196,3.777303284709854,4.1637014998122135,91.47636719629301,79.75436890584184,28.566808348650067,986.6308635304969,low_oil_pressure
2532.2278010316077,2.348586947958918,102.74444553791169,146.1884773700757,441.37924649853284,66.80019267437538,17.776513692368887,3.840294987834542,3.5288208446588887,67.32062077143853,75.94045696329734,13.984908023154693,214.58354769971538,low_oil_pressure
1615.7554336049782,2.8143025184307877,101.91008128126006,144.99459979699836,426.2489003671026,45.17996386079683,15.076840928659955,3.9305943792255764,3.2555174277648966,51.49848747863406,32.25125377194055,24.139216017129364,2528.469701489286,low_oil_pressure
1996.3019780092964,1.753163744023467,84.00981170197657,113.80323493215697,387.9487108060445,53.84975486119626,15.41954374521871,4.182350452332801,4.058745273896994,43.57943165709041,49.453446697297494,4.1496841878816495,573.5811786961528,low_oil_pressure
2600.7432654147574,1.4616383084435072,103.22063328503893,147.8023993044445,443.6703684036018,67.83793918479238,19.412107078779318,3.931590639522531,4.509524677281712,80.58883143854304,79.434871751404,7.8089204197191355,898.2683757979016,low_oil_pressure
2592.731212778327,2.3107478151333627,95.90662318067409,138.09116047499916,448.7330478483198,68.53256270400027,20.06056695659941,3.9786570245146127,4.052892148452974,83.4759466351379,83.69445078254884,-2.8219281870166384,4888.5911159686775,low_oil_pressure
1838.6642631817651,2.0354412300750715,98.96001797476627,145.03581776461587,432.90081539467434,50.937347394526306,17.275488968780365,4.101589732631542,3.7497015024751024,58.61865835803944,47.54368459424842,13.814316054414869,4842.921649824459,low_oil_pressure
2116.7969369374387,1.6394571514812437,104.21634252708925,136.37990324681633,412.9094270904321,57.06551720589872,15.868482760636782,4.186569779050874,4.268494793161145,46.52058683799949,57.53289421672892,19.087064131677142,1025.91971204975,low_oil_pressure
2677.913163436949,1.3500979510051727,111.07388936548074,150.24585577733657,440.5925124526874,70.76794059241736,19.725073097273455,3.96926441791009,4.666773896593731,76.278082191629,87.46921244170058,10.888139487087209,4222.748770823214,low_oil_pressure
2438.607096247949,2.7192187155033665,103.63782991077564,148.87610036646473,433.7009409415486,64.48751483632768,17.240814969067184,4.084194550432745,3.6569244204238514,51.923345679959404,76.62903456207171,24.34093656020993,5248.838802971834,low_oil_pressure
1803.9303276107353,2.406800224560717,103.07354781371599,145.31699921119076,415.4544551183435,50.17437604405763,15.128232456878012,4.128657113835813,3.5245400356136694,42.621047530032506,43.944413981655806,24.328660311424954,3119.646881391171,low_oil_pressure
2679.603808477587,1.831678225849815,123.04355861809071,169.0649665808728,475.4027277281879,69.86871468512248,21.048910489262106,3.979659696994956,4.3088626963343994,98.0,82.31925235170173,20.634628842292223,140.3314305272636,low_oil_pressure
1926.890347044392,2.5661500540346944,110.56811143477894,156.0217640038224,428.4041751425288,53.45348570646057,16.08733408358887,4.1011661685159115,3.666843238437454,46.552579574036095,54.501760334442324,31.470141751321986,5453.973943968423,low_oil_pressure
2634.8752378679887,1.984410526389485,95.22029070180677,144.40244473071596,441.82828622237804,68.92535858959741,19.309520596021024,3.996710157008107,4.22785682885152,79.22452627166658,82.62385650512203,-1.0535091889739039,2595.107073428175,low_oil_pressure
1664.713276296024,2.2741803579531004,78.31649745805323,108.48514360110968,370.28202822377534,47.3438231930705,13.4905529234698,4.118207263869933,3.4990453678418874,29.15507315701771,37.84201975053938,3.119867151216552,2392.889742645375,low_oil_pressure
2369.852343832925,1.6243795625857484,110.30357624682543,162.34846802238326,438.27353122888735,62.77395249159479,17.924415600042266,3.9349450696465116,4.36576995321945,67.08569566469352,71.16259691189038,20.023145458252237,3163.1938367048365,low_oil_pressure
2501.584159304837,2.234854751542902,107.41497500996851,154.3848934961023,454.4842583318217,65.98877216719409,19.792269754057298,3.94963625653642,4.0831983678031945,83.19216814370064,78.82427020918992,11.364992779837214,4454.500686590781,low_oil_pressure
1917.2625718859817,2.8188327663419055,86.29449647024818,126.58428875658821,405.8194949248806,52.431244187669485,15.890554691138888,4.141915571694236,3.4241179599513742,45.8982226749119,52.699009671170636,8.9265369082275,5567.688157092545,low_oil_pressure
1914.8817116685432,2.703172766955222,80.75575869746547,124.28373135985649,409.7655879002514,52.236181617988144,16.139416213914636,4.134120111439451,3.4818563432162613,52.594722826346235,49.12734693671344,2.2881014044312415,3804.4392616006735,low_oil_pressure
2653.23257725687,2.303800781796318,100.85738783021262,153.55237340315242,464.3327803209137,71.63303708598076,20.621073734852313,3.8286323357963505,4.532721904523229,95.32658032305592,84.28170923804987,0.3818917305488252,203.3203404189103,low_oil_pressure
2362.7807525855433,1.5123080248380834,134.60920360001936,168.53938855834303,468.6029701175646,63.701047157684755,18.42993199464815,4.162004980070747,3.9069502781010446,74.84817932332338,71.4019994465464,36.30647091392298,1919.0435780157218,low_oil_pressure
1970.1324972586438,2.198604285277703,92.16709607513403,135.83039297181227,416.3124404549815,53.85810055136395,16.674960630589766,4.075312333422074,3.87967024350021,55.819206308034104,51.79807074513557,8.8002446468667,4291.719241220877,low_oil_pressure
1775.5433868185023,1.4131839984030439,122.95445027176848,162.72418826792455,434.6435538251917,50.154117471986595,16.10850640220969,4.216330262525659,4.080520001557104,55.36760972721876,44.30757586047237,36.82204391669967,3807.750524632267,low_oil_pressure
2647.0022626722316,2.4806530895487384,101.33257313170104,154.4671044734252,456.86466834919565,69.55552202056376,20.024135884084195,3.9452141148317987,3.907155155331832,88.48121623840584,87.64425738449546,3.6506843343429085,5771.9267698786125,low_oil_pressure
1489.3409027324478,2.2106860229642775,111.53238241483655,141.80307658937073,413.6019743054681,41.672880341217606,14.55257058200206,4.170830948591609,3.2547598275126584,33.075851767946915,31.292355868147894,36.6284359748364,6185.421573564627,low_oil_pressure
1813.65351726773,2.577481450199695,93.51544310906976,130.04624708891708,400.2258792958749,50.812873160460846,15.210677144627798,4.038699508937986,3.051054211495658,39.663652248823546,46.97933183575418,17.80715684951734,5354.992384215321,low_oil_pressure
2582.5353339811195,1.4547215829435252,101.09093418617753,146.06623976796445,450.3038587557675,67.49037998752594,19.84722124136009,3.888146144043311,5.099069459799951,87.11029728373181,83.31842135688042,-1.5553011096052625,5656.076780291719,low_oil_pressure
2433.7664678670267,1.3311021095904456,117.64012048269055,162.22832004304607,462.8573551787558,63.900606562520025,19.493851429699017,3.943218703647381,4.626465969465315,83.27075070657068,75.18418979289899,20.03140058012311,4376.822848859089,low_oil_pressure
2647.4624370094557,2.393353198844461,107.61534606910486,154.9890616437728,474.5713711761159,70.17971362853407,20.25035808471751,3.863018024752868,4.312509308017021,93.642500546359,81.75858047404832,7.982789078195195,185.2838948742928,low_oil_pressure
2428.477337708654,2.08450843999916,96.92374463460425,139.7763359543567,431.14947752596385,63.809012129452476,18.28385606009674,4.001951053660333,3.915583859447109,64.51380993404274,76.29197474347295,7.4331763377741,5623.287216670824,low_oil_pressure
2662.143710340459,1.6286681545166832,124.11566610340066,175.78560176258878,484.2002545709023,69.88729157112368,20.06465527501932,3.9991621717706343,4.074359747661708,83.80074257738758,85.97594235317075,27.805880954006227,4398.434260661725,low_oil_pressure
2180.6858324262707,2.302024998109819,93.74657003166502,140.62897313986497,424.5405120615826,59.704471210330205,17.342784495613447,4.054945171699264,3.799179852855077,60.95470423424393,61.19688640910301,7.6364390765520795,812.04551971986,low_oil_pressure
2214.4706994151907,2.899638367156931,91.87634423918256,127.90857271441249,409.20191842436765,58.927599777593194,15.813160180242514,4.1926706794409405,3.1496663794531328,44.39458487065844,62.16657315799511,12.035567765001325,1614.4052511402786,low_oil_pressure
2125.776477759661,3.004500319860983,76.60295260171016,123.10766382650621,410.3685649841792,57.03470081611301,17.039798586022673,4.148425051536984,3.2304773715345823,57.867344542500874,61.1411366195304,-3.4622985752472815,6063.630716765737,low_oil_pressure
2011.5651507590162,2.3807907123364265,82.74577438996972,117.51785145782034,392.6481601675259,55.719101219006845,15.768642849348666,4.081453422879098,3.5617925889422484,47.99028122403603,54.29365206203523,2.040244901009759,2980.915069445052,low_oil_pressure
1856.894815314083,2.033117323996292,114.16770653881142,163.12524235027385,441.4410180711794,52.40079690183165,16.923103119707893,4.0535556189310755,3.8351433899049834,60.81559775277764,50.15603372704817,30.940117516540887,5047.19064374713,low_oil_pressure
2202.791402775962,2.497594220774787,81.26044651275183,129.12204624024605,407.0677336656204,59.32847027351449,17.42987131706125,4.037845751185862,3.707561501645947,57.584206957143266,67.06914783184911,-3.4344236414578564,5841.864219896385,low_oil_pressure
2067.6906532969037,2.161801207415601,108.88002459721818,146.43396310331872,429.4574952774717,56.35141819623098,17.013318214448322,3.9273023006350107,3.3715151784266606,60.75452394269458,53.89073857779641,24.167067123941987,30.83904475284427,low_oil_pressure
2016.812894519384,1.6764159521037372,107.3272541363692,145.6238853316107,443.46662706524165,55.52118124063256,17.94096604034951,3.920054317999179,4.429935910865432,72.51387414777784,53.92016542216225,16.52505471753089,2371.699139716113,low_oil_pressure
2484.9385521462114,1.9113194546912484,127.84235246460479,173.21271355426595,470.1903677763011,64.7570571107587,19.099949576760764,3.882626534328334,4.11241627821653,75.17071220094137,76.42799792930813,32.21367377925841,5394.988144046177,low_oil_pressure
1999.098398663386,2.512344218627701,86.30470787813921,129.1875975222915,404.90447334312404,55.69910106945288,15.40810709642786,4.123855918485084,3.376673716274289,47.81008339291501,52.08082755115066,8.807288744742706,776.121263679194,low_oil_pressure
1601.7909756391693,2.448688124368096,77.44572338324195,113.05866524306613,375.634748232346,44.20874376469983,13.44495982678168,4.128623381474787,3.376649187801536,23.346943397530374,33.82427767461956,7.283559339121003,4651.704397670433,low_oil_pressure
2411.27175758387,2.614096918220406,115.16830419922182,155.06111123286996,445.09230735975626,63.970043645935554,16.83433725045024,4.017673090954889,3.6062655334615403,55.592161872783905,70.68401620029016,31.911988813412872,1046.3639177349423,low_oil_pressure
2577.8530734996457,2.2885517074229194,120.88509267366071,169.99837134351472,463.2855019150888,67.9193604030717,19.294534946945696,3.9302967204821946,3.5016845075754164,78.05278900490553,79.34055019896591,29.473860638464203,2018.419165214615,low_oil_pressure
2205.6203932862063,1.5179931236608941,84.45784445664461,128.72478220370996,413.7696527613593,58.01546045138039,16.906384921950405,4.165245184581588,3.9307829892843715,56.281269216339,64.8456161390691,-2.084653962175193,5614.827130923695,low_oil_pressure
2163.7829818554324,2.5160540789965298,117.70742595763757,156.29346387603607,458.3751174610806,57.49129412704477,17.76041161905199,4.083626075768212,3.3716088250015366,69.25661513973701,58.23523880122207,31.26823668987665,1560.5700106746792,low_oil_pressure
1560.5748902590974,2.9743563245685767,99.16338139012491,136.30332094107223,407.3731323182873,44.68320703239445,14.565233445574982,4.215103113404891,3.2207421406900947,37.444141471749674,34.48498123272208,25.628734875739116,4962.035156755444,low_oil_pressure
2544.4915392911303,1.877774049143632,127.40888879492877,177.57709599425024,474.9984201166318,67.76012439447126,19.702037985133625,3.8113868259101125,4.309990556995238,82.56031316677428,80.31063941515319,32.1978549489228,3945.7504608186287,low_oil_pressure
1793.954300231062,1.9816969512146045,107.19448824051807,133.44119730730395,415.1700288738824,48.86357648694479,14.819677467437796,4.300056573641846,3.631032905123897,38.55164360318592,45.276221538160804,28.398533024135883,5986.853876338775,low_oil_pressure
2475.9724973398784,1.5909299405785864,116.65838139565068,149.98506571390482,447.16647435889195,66.58551637207324,18.44566437802945,4.066329395674356,4.307230406050665,68.9877072956844,74.1559472290985,20.24765118476759,738.654124675456,low_oil_pressure
1644.84505797066,1.8707056819812116,97.86327840482244,133.1729601315311,401.64762927894424,45.357398043579344,13.913230655658507,4.234053865563534,3.489940692975077,27.78673999620587,36.33052469991341,23.848147511521297,5512.917740192624,low_oil_pressure
2400.361928667714,1.5619491077684151,129.21105576442145,174.59000881323198,466.3108737365198,62.9006977961821,18.53760429007634,3.907799557906484,3.905278068434038,73.41097656061568,72.82699807913923,36.098630905097224,4705.825531632073,low_oil_pressure
1772.851382580409,2.4571111921393767,88.42758479069856,128.43447788247767,400.4327852821004,47.56768907299852,14.70256548061402,4.178003743530881,3.172820089957643,43.069153548538935,39.712261360941305,8.426809502394184,3672.11896193413,low_oil_pressure
1581.6689282554619,2.4961423055067127,100.05566641360382,130.71195213557095,404.66883286107526,44.44577604612426,13.698855102903188,4.154354245908576,3.15003544421399,26.87065398859385,34.70083994070327,28.491911907947202,4823.477853466992,low_oil_pressure
2313.136644872986,2.1882533528035273,99.86594130499816,139.82257969825037,434.43775078660343,61.8740261455814,16.864808600881027,4.212275286806843,4.072277856197481,58.98127873879562,66.5165201178538,14.686735260205074,1402.8441427280536,low_oil_pressure
1636.1858914008305,2.9843256220695813,106.05460188070286,147.4349437274833,414.12479065337584,47.24220179271686,13.572916654701409,4.113814170184597,2.727624725180751,30.367202839874324,36.951605243205265,35.3216587579634,2992.5502100730605,low_oil_pressure
1810.601966331512,2.266763722595095,78.07874025475255,108.01009692541744,378.3784424044209,52.524748391858665,14.300587274864721,4.001271606151783,3.295086934749616,29.27131778503302,46.31342277103625,4.128522563405166,2168.7570249940386,low_oil_pressure
2252.4112932540875,1.3052229446164891,125.40402821725284,163.191192466275,459.5074616161227,59.80774382832153,18.247833924083146,3.9795887610814615,4.4510761465247874,76.91715930359013,65.55245766691466,27.426003131488777,4209.489688354678,low_oil_pressure
2257.742814794987,1.9073322671830746,114.21512214685814,157.3133834722683,466.0870302982601,60.51152422129395,18.314905561347203,4.008110555075355,4.053275417447616,73.71516661392118,67.1306430338466,20.972255170832874,2993.531813037839,low_oil_pressure
1656.3043819368702,2.6369240966027125,103.37302215291001,137.97688672767828,398.80905791700013,46.80790515240367,13.50603922924201,4.200520912563079,2.891202366254153,31.6275719107604,35.451939391310226,29.06829472989046,1649.8900320332032,low_oil_pressure
2235.1637887253614,2.2593022995025125,109.69483885299584,144.1107647954085,432.74500762997707,59.88131098541497,15.653441261565796,4.037654290176341,3.732238335038259,48.79483956360294,61.65907301452446,27.242962048709963,1164.4846178018558,low_oil_pressure
2177.6038002303217,1.6340112388071037,100.38836936190364,138.44244364968603,413.214568232629,58.221893956848994,16.958428857510626,3.988540215124018,4.145050111640684,57.73381023435293,61.53386038263424,10.40303050873512,3217.3492831356402,low_oil_pressure
1763.958604793094,2.5728126227702677,86.03135498166839,119.64974888407248,404.2377492415747,49.148091472854375,15.893174243341633,4.116747130927585,3.4904307103013723,48.82435497401841,43.85695578884105,5.427330696852043,5683.528134460417,low_oil_pressure
1854.2677347610722,2.7800162138956535,82.07388227903579,125.30376038220075,401.1696229766118,51.918355101216065,16.023897937919973,4.144970672765952,3.1136860024934454,46.69035620858403,46.06863719600182,4.19118283529817,2138.8733251862463,low_oil_pressure
2133.0732249683406,1.27893730588357,122.99278770311186,162.6272484987643,440.72064301206274,57.07619509577329,16.386960537811284,4.187786333296594,4.409469035987559,54.41655043679174,59.08870664327326,33.502564228064934,2540.751808210494,low_oil_pressure
2315.095360583137,2.4936728474009406,101.36803031831894,140.2611417408083,432.1885057814394,60.590309452596586,16.67925916742355,4.025968413124021,3.695021634461434,59.89915632132264,69.16228689285073,15.886274843433497,5173.749936402224,low_oil_pressure
2397.4500111394336,2.0870856429532845,100.24729563829663,139.55084366570273,449.3940223724258,63.75652911715309,18.79068331897671,4.065469022448225,4.309419686131582,78.93402612868884,69.40806651334627,7.786197665693542,587.4933962857576,low_oil_pressure
2078.7565459472394,2.2751368379908765,107.99066696684453,141.86636629813518,443.6474310651355,57.14663485354772,16.66233375336091,3.898277734349977,3.7109722490263506,58.50910647725135,55.1975276049771,25.059946444604293,867.3945689119524,low_oil_pressure
2333.0027621248955,1.7915257916652503,100.69816029291805,143.38041640709028,440.74921685544905,62.15309623075419,18.713938889108885,3.91679782658878,4.181520792788722,78.24274499854434,67.53172760606321,6.971596110360334,875.4382567030179,low_oil_pressure
2701.0256158227376,2.365542970727922,98.48629647055319,151.26609826206152,456.20578469675866,70.69837261710707,20.986303571725777,3.885146062966815,4.089730268603995,98.0,87.46518063406323,-1.418696498514393,4161.1989066827155,low_oil_pressure
1696.344183438865,2.5809622419775238,82.29091765828565,121.08086365125874,398.60607663680383,46.77677704157172,15.159894627424098,4.163951024683298,3.572392327186097,45.003676383371335,38.109629694444,2.248516733108418,3735.840937579174,low_oil_pressure
1908.6293727174948,1.8819178629234237,108.28406559372561,142.38897475491285,426.536938944642,53.60048280642834,16.478263716935256,4.196694084230896,3.681961095082187,60.177069188034,48.3384190882431,20.68208326190929,1601.878229680078,low_oil_pressure
2429.8601575512153,1.4156073419062183,107.32564786160685,150.44255142046987,445.0405947018037,65.4432032088731,19.265936659641927,3.8421231805481937,4.757392957271621,84.24557463648448,70.0758465477029,8.667614008052006,7.7249027130705255,low_oil_pressure
1667.4519994202196,2.7341766737005697,98.20250227780495,138.4513998672339,404.2571586619313,45.30305862657406,13.543347562890668,4.13806417667069,2.738256014574134,30.794288641982483,37.32684383054513,26.292552652995322,4304.446708869505,low_oil_pressure
2062.7024680693153,2.511246534836751,79.77083473698453,114.84172560044401,405.07685449380074,56.448715707003146,15.985732810989534,3.970388338463503,3.6491058304161617,47.29221674250663,55.29421328995454,0.7233956389568894,2454.6717110475793,low_oil_pressure
2632.794385859853,2.3194705068601733,123.76133946858833,173.48998345225263,475.89551883437304,68.9038832055064,19.729461463132907,4.029461459241899,3.9949435260991613,83.02769098767862,84.10476400755716,30.07195074897444,3533.5130501104486,low_oil_pressure
1653.2507649313998,2.4997206168863224,99.43091687123778,130.73273494926784,400.2981698392948,47.57712873916737,13.527727032765164,4.274283176056913,2.9372139569436557,25.98167178000896,35.40678666441285,29.02969314640637,1129.0352324992575,low_oil_pressure
2712.856108280834,2.434996762176487,102.3646931620901,149.66947207169875,444.9741634454839,69.86015550857871,18.007057934824342,4.187784665281576,3.707314461313209,64.82594598820091,84.56713722693725,15.42684226777665,2446.897735375457,low_oil_pressure
2740.429087023967,1.3558270323515496,134.97520476492394,183.090591486534,505.8668354625378,71.3372511584865,21.146311327825543,3.9893493583510398,4.622012816005486,98.0,84.80986451276873,30.911339103643773,1090.034986104166,low_oil_pressure
1851.815707611203,2.5497685395925473,111.5757758048908,155.43299060311557,433.99399528421986,51.779779389687505,15.097391588322271,4.296135599703275,3.2396757250530643,47.024869539969735,46.04999209326599,32.65900499522961,2255.028078669437,low_oil_pressure
1879.974982884655,1.979246783140001,84.67266699870781,122.20252595940626,406.362779070208,53.65171868567165,16.7379658521081,4.156000464405077,3.7149303359734276,55.621304079780565,49.50766490251159,0.36607264141551554,1061.7897965377201,low_oil_pressure
2426.5514480804236,2.3687802709885823,129.36573261481888,185.94889518143805,482.35464949348625,63.60286867391956,19.80161647955254,4.00275552844589,3.7336481007345887,81.50839875571323,75.41278370221497,37.932780070541234,6273.722356956042,low_oil_pressure
1635.7556000806503,3.219772203368479,88.56509052048582,121.67211356757869,387.1721317837656,46.11752812840681,13.306759873161843,4.258262993917576,2.688362639301629,27.04191287808794,34.45979679473895,19.48859085213456,1623.052616909044,low_oil_pressure
2240.2055849366034,1.7095102013693309,85.42846996145218,118.81327985534493,403.9893840449292,60.687760747841395,16.81916052470882,4.040220437668754,4.042946668655677,54.91569677500952,64.01765134802852,-0.9566347163167155,1888.1699846576232,low_oil_pressure
1845.6913287119128,2.2782524573074068,105.52039507270528,136.06431593225645,419.9171750016603,51.796951949177114,15.301124690656376,3.8989763491728113,3.3774945394590072,47.76459030327598,42.92626034383399,24.644720629002407,118.27957729991806,low_oil_pressure
1578.1486419672651,2.175695418283845,78.84464921169985,110.22246667947158,376.9473984190127,42.65745901006539,13.175928115820868,4.208494629189618,3.435537747225301,24.204089845297137,31.271244555782573,5.204591107784685,4742.315981689396,low_oil_pressure
1893.6258668548346,2.9635307381495997,87.83254421684529,134.09943698407986,410.3118549772947,51.808960205117984,16.305453448112033,4.199148297752181,2.990946590758049,51.969934465927494,49.53352954449015,9.48097241205243,6213.47421787052,low_oil_pressure
2132.00872925944,2.123673143105261,101.77705825315348,150.3610927527913,427.3225407192914,57.278991856433926,16.816163532729934,4.0374601808634045,3.919841586265938,61.41978379706981,58.55998070177454,16.74681806994316,2753.6285378355306,low_oil_pressure
1590.5382031528645,2.310130986122492,81.78658318448174,107.9179540741163,376.399185912638,45.58946201078506,12.852570798640096,4.250710268961362,3.4547982762424203,21.605779128208777,30.13399771547171,9.250349093497018,371.78427789133184,low_oil_pressure
1550.137296164511,2.3826425582869595,72.17496777462668,99.05548993838698,375.3052030530232,44.800498538803204,13.5680300736093,4.166965371918792,3.381902981739095,30.207561561342562,30.127036562524122,1.1460603991948777,94.53068790058732,low_oil_pressure
2699.685318573852,1.3453246813076685,131.93883282376765,179.1395928810728,490.62541411951076,71.05788998279728,19.65016228976924,4.03114140233392,4.612005531261974,85.64761289266556,85.98272493782834,30.73697521785675,1504.8524762994914,low_oil_pressure
2550.0354467323505,2.4441811576897985,116.05444870824854,172.28841741005667,466.3326032933696,66.11526132197538,20.014083713123803,3.9492751100360026,4.164453428229904,85.41801760113421,79.98583104127894,22.72548024049191,6059.9813732636785,low_oil_pressure
2117.379257869802,2.2307798698326717,87.2396479704785,125.32816842052772,408.92229772129525,57.8960940965404,16.80176094474033,4.321964762403514,3.8274434779848963,51.749352799953,63.847493800860576,2.3987247924557185,6252.504970490448,low_oil_pressure
2001.9260895160887,2.693223099646446,92.73481722672278,139.0405399773596,427.79276580314206,53.338512837425135,17.425637768966634,3.988990456503504,3.6258378556825837,65.72164896412325,53.59859560044019,8.25593599521471,5129.915310242073,low_oil_pressure
2681.035520639951,1.3729084369240563,112.08331966743607,157.67097972551986,463.3179257105322,71.3034403531132,19.972653871501247,3.806122829296764,4.506891274182282,84.40174685535996,86.46102770332615,13.864760270119845,3612.4334233902837,low_oil_pressure
1816.9028020625283,1.8489747427938201,119.6280745851203,156.06437742652625,442.22748119104534,51.02806184240997,15.781922364017015,4.090824431730492,3.8975381121267985,50.95089397524872,43.50939094952824,37.68759609649132,1722.819056260772,low_oil_pressure
2007.1599002087373,1.7267078260877888,92.39098540493967,132.41172387458542,418.54641306958774,55.23745266401691,16.482754670609783,4.010832359171347,4.081918374305884,59.21858808233984,53.44932576912343,5.0895659582902635,1844.5520889956986,low_oil_pressure
1986.5382695863873,1.6491285883364086,96.25597895383599,125.70230447046404,400.96984319658355,53.4060275406184,14.913516156333975,4.049144583490833,3.6215200852680427,38.16940970741638,51.505287926390295,15.773096751277748,3066.9613023922475,low_oil_pressure
2383.7802969199665,2.174039813692434,89.98748623178402,128.38821162462125,426.7699342721054,63.211090381639366,17.6755309128932,4.006522350837695,3.880945570594604,62.07065154786426,71.98834005006654,0.335601582203114,2175.0574613481176,low_oil_pressure
1629.3882283465987,2.4941347472787543,115.38216490224502,154.767145471086,429.1978962928482,44.64836005296655,14.761111031506001,4.103304384784276,3.3039696818154063,47.32162640478107,36.69373996299914,35.18442771613504,5250.861490039968,low_oil_pressure
2654.4897464628257,2.22446024936601,103.53816011238207,145.40969571383854,452.15290342876034,68.67710556460277,20.965303341170156,3.8483332811542095,4.131571181861517,98.0,82.8315393953658,2.725828055000063,2828.031259829232,low_oil_pressure
1772.0921103729147,2.659855730209168,89.68782212721361,119.7095636802734,389.6067765872645,49.70736167720511,12.831492701059739,4.151737323378958,3.192023075696144,18.81160573034658,39.031449389979976,19.548243253226865,328.44486439633215,low_oil_pressure
1702.2551305482484,1.8541598429718933,100.25963650445553,132.91922988694608,398.0632312377668,48.76363934983163,13.865169389145757,4.259744866722065,3.6813121810167604,32.49110813947837,39.84995772247584,20.86438789652698,2110.178983244636,low_oil_pressure
2161.604433896388,2.4450834174696796,100.91366318160411,143.67684973366337,429.3866916186062,58.17422998681232,17.38782183963348,4.074030536961261,3.6000974363456226,57.58621745971428,62.70924254046265,17.218360245035086,4374.2115760821525,low_oil_pressure
2307.4612864480036,1.9869606984850334,120.25943531395056,165.40796392531303,455.89056253060414,62.30766887675707,17.14160847541266,4.074826851176201,4.009749585000586,63.97109475381796,66.26153346047695,34.166055848115874,1355.4846779754548,low_oil_pressure
1581.739731966177,3.237430461851546,67.07083849761493,112.88077628902096,367.39928811913927,45.77985003319599,12.598372914265966,4.214985744017298,2.5868234085299195,15.0,31.97506052675679,7.232016026918544,1236.4672815781987,low_oil_pressure
1646.0816029812609,2.5768950684824805,74.80133603316672,106.87476107810181,362.70506105329906,45.10837455216844,12.893080138051403,4.284619398119547,3.292037136335109,20.085506775048856,34.263470196825146,4.5219758068145275,2784.061631891321,low_oil_pressure
2038.2630063831587,1.859523488310017,104.97754073701711,139.35934501694302,427.3066795938896,55.6737815067442,16.7907125010606,4.125917098955884,3.886103490043101,55.23318147865857,56.87293690284606,16.840869662618882,5161.679434687447,low_oil_pressure
1691.7012427647842,2.877776247017594,97.2932764853051,131.112268244632,398.1214822418139,49.135755372770234,14.364039598006377,4.135768136754915,3.2278699806051794,35.67416435978628,39.95039001784093,25.900334307367636,1202.999979514548,low_oil_pressure
2232.012139185416,1.521558615531045,103.46190842346878,140.88418460475654,424.6939161005842,60.86677535407842,17.33524119346401,4.0339437064114865,4.521931349918988,60.381181731250884,65.67830783660604,12.156791422892399,3263.4419286165808,low_oil_pressure
2203.901193199325,2.328706898661494,119.56259772359549,166.7039485593935,453.5847996349379,59.86526462782779,16.658278250488255,4.104153091742964,3.3385172972679786,53.998086867553624,61.23466136759939,37.635495579144994,1451.2615562097722,low_oil_pressure
2528.7093863165283,2.1092851353877067,112.27167914111962,150.79973621649154,453.48010658316076,66.76006141501786,18.664959630662405,4.07043234343174,4.015807084824412,71.606544963269,82.05694462679988,19.750731612385035,4558.692306108174,low_oil_pressure
2433.0411217953542,2.441297549460862,100.33143523663314,153.38799442660687,446.9343132799175,65.16338584675823,19.12719800042313,4.035898043843567,3.966620709807258,85.75517289811532,72.89179936884635,8.460067217131439,447.4829424075156,low_oil_pressure
2702.9503416975076,1.4998116781925712,102.05083895010323,140.38625162958826,446.2721161880584,71.6664054146748,20.093357620035118,3.8813152049086903,4.567895366389024,88.36755281271988,84.10965668844095,2.193142534613356,120.14636472516749,low_oil_pressure
1886.8038562349461,2.3455952994362557,79.62491004227334,111.26717206364803,386.86951576078275,51.814240863823265,14.976440478902301,4.20008187057376,3.4067084393699494,41.53656486009989,48.035468439563424,-0.10819800805807955,3439.7806384941923,low_oil_pressure
1768.0076410668973,2.007491661704673,88.32091134880446,118.36018937400492,398.7531926014025,49.61319791387009,14.232356998196854,4.053505692516234,3.7584824470430456,37.54893172050123,39.075847789426916,9.742844813621893,495.7556866648915,low_oil_pressure
1683.4334286456344,2.9041283853364854,71.63524283516796,108.70219185789767,372.2373074336318,47.172107487064935,14.229894066969575,4.043746829638316,2.9737408221932182,33.4048420324579,38.22696667335423,0.1344223793171211,3616.4074655652366,low_oil_pressure
2064.8450378273806,2.241460869015647,114.42092147831892,150.9952648021509,442.4314723358632,55.73758331870517,16.06067541751302,4.079004084151149,3.8788172221999515,49.49910562803347,56.766671956196895,31.508505126455578,3594.5964129339927,low_oil_pressure
1637.9205863606521,3.21436152027198,84.585883268463,120.0648713818632,385.2802070197272,44.871773552032906,13.501699358583158,4.166250156125845,2.500235415040991,25.9234544278104,34.005606396162285,17.25842566035544,4284.170445253683,low_oil_pressure
2366.1093662622056,1.7295724754594346,121.48740520154556,163.62602438904565,448.62750096694316,62.279054235822535,17.530124775574837,4.057171891551867,3.9101110369886714,61.08334336415602,73.0049442485828,31.516625569379155,6225.414038863442,low_oil_pressure
1918.6119535377097,1.8197642627504527,105.29321569891576,143.46869225058015,413.6414058060812,52.466032122407796,16.00571114310808,4.034191039037306,3.598862261454817,49.23015273633373,51.12409060211219,21.66663333722696,4148.95776329897,low_oil_pressure
2151.1345080602864,1.9304594989882038,85.64404448724025,126.62197931080183,417.6353215348074,57.64867110680579,16.918751573908867,3.886553489932938,4.270572427974562,56.15492910610895,62.881433164912906,-2.2882161875949354,5481.430062861137,low_oil_pressure
1774.7640374328796,2.4672477190739297,103.16204205492913,135.18905942302015,400.69271373455206,49.844133375770596,13.513353863481873,4.199214098155761,3.1019961731826022,21.73186676376438,44.087765164227754,28.7575059306791,3791.633051650683,low_oil_pressure
2056.1623906757814,2.0610215827438507,80.88499944148552,115.19340402187856,399.628011170102,55.63937822492523,15.672455639462239,4.158612427567479,3.9617262740917303,45.63038646722891,58.374049886393635,-0.7531663219442304,5508.540544740052,low_oil_pressure
2253.828211571653,1.4734439511337198,111.06788601738944,155.23753100879054,437.61599554618823,60.410056326446025,17.628623667156383,3.8872546567224306,4.272386018282827,65.33904751842465,64.82762272613742,19.560569920309298,647.8076490606952,low_oil_pressure
2416.1937542617593,2.2021446975873946,106.38696815998864,158.55324731314903,461.7180888692029,63.98646672774702,19.184709315951142,3.9885343206096735,3.964599100061054,76.80599550058383,75.12297352817609,16.095731204769237,5458.220278420268,low_oil_pressure
2434.302463841648,2.8518535287186024,89.82460813034155,140.48058978356582,429.7038411908988,64.33353394784645,18.229347904995446,3.899851694484763,3.3525945174640004,69.24097960770574,74.34786257921962,2.5879318359329595,5222.604857169632,low_oil_pressure
1665.376853323132,2.626014655877081,90.52818053390318,134.5566510158807,411.3299968744389,46.340405573911156,15.85270036828129,3.9888665326192023,3.4738104697965393,52.802047684851644,37.94729004188122,13.524257776703667,4259.561272597947,low_oil_pressure
2362.6142524103298,2.200255051819166,90.65278934472757,139.4545641850817,430.0075333934867,63.653477329417164,17.84737120266713,3.8034877555082,4.112984240946162,63.62299589776654,73.50204431776973,2.2294864230874953,5054.842722150956,low_oil_pressure
2317.2276430955694,2.3160655366458593,97.78810341515593,147.5217083491093,439.41810623861585,62.707919886090785,18.317791366975136,3.9653301743426828,3.9678038445790462,76.43281415240912,67.11798030467513,8.538031668228395,1092.921407442745,low_oil_pressure
1552.4525683361305,1.9295436890431308,89.9542410187735,117.30259172210907,395.1044676939002,45.05758264912037,13.795057318701296,4.208898373841607,3.7137858021328998,34.22377805112525,35.01405599875718,12.539462803309869,4408.205449904339,low_oil_pressure
2383.3497140913396,1.9837115213037526,92.31221853565384,134.49522568676792,428.5512554550835,63.53735803561804,17.959117766855112,4.066300315859463,4.192246138333967,68.16393455153921,70.95858518137156,2.053643949345409,2099.541213585388,low_oil_pressure
1892.2335639268433,2.3756245217864347,96.82302275514137,129.67263176868423,413.5611523174475,51.85496506619221,15.269774182262202,4.022142214306613,3.125102472074066,38.8165823510323,48.93715503576815,20.756996758624993,4555.6821250884595,low_oil_pressure
1736.546355078557,2.3314290914515476,106.84727838100343,142.69149953084764,402.5240453024357,48.47991059675984,13.041602046046108,4.126117572143642,3.191264044946763,19.172912088229015,43.50239994305939,36.0296612478978,5444.717141255122,low_oil_pressure
1780.7159242009136,2.5494524371453595,97.28208778512139,143.2887105304112,407.2150983244186,49.587885065853875,14.209406385221198,4.18984319745545,3.20288858768416,36.441700709604774,43.305298652450496,23.025579448178032,3730.5240187894665,low_oil_pressure
1969.0840492329728,2.8107453204036847,105.51825997784195,133.73795555884325,423.436338063312,55.131374370338804,13.999784232716932,4.135604109470187,2.6861370876007404,29.72217395521207,51.293967884307136,33.625708255987604,872.3093072384662,low_oil_pressure
1534.7308235493529,3.109137373454767,75.90621036246897,114.9588666742513,388.5549606756186,42.98518206769742,14.278199683205584,4.016537638740642,2.885245667646456,34.778839128401536,32.27856972707765,3.98503412146815,5218.392775676011,low_oil_pressure
2649.524205834736,2.497581837954934,89.0599627214821,134.94297853924894,423.833377437883,69.25195953067644,17.965579583603127,3.934806440975467,3.6021109158678675,66.6379239106682,81.7624762995566,-3.3018003452356472,1062.2446811192049,low_oil_pressure
2526.128976429805,1.7263681252532603,124.92358353287136,174.3196040987536,465.29722768190953,65.83185233753169,19.294992094801295,3.886160686603728,3.97811846896278,76.78860340591518,80.1467556884123,30.376830341268374,5342.565003309716,low_oil_pressure
2046.0374013730618,2.3791762539423322,118.94902814695347,163.33856142389607,450.01805081323624,56.53475344183988,17.915612838640843,4.000810264418627,3.3817535085769648,73.41913566837312,54.17083298833354,31.891347228033865,892.5859927083134,low_oil_pressure
1794.7913223562098,2.2322997509319817,104.70186524727666,137.0032538287923,408.7365564945776,49.507812238514,14.938129535575388,4.169661396526289,3.6557433436066065,41.55852194662469,43.71919605486932,22.147012378682977,3694.3635894043255,low_oil_pressure
2579.0026567103932,1.5176473061258964,130.3383750081751,174.21247812966564,465.3644577098266,67.8953579973496,18.81724716805508,4.118964846328835,4.251950652418182,72.13291350950838,81.99617336576222,37.937964629909324,4319.467451134232,low_oil_pressure
2353.624204625916,1.8419473942012932,125.84343193720923,169.64489242251918,462.8148579940757,64.01777601862176,18.104976586937006,4.120162888427428,3.697548096162549,62.55517460161319,73.01930184858534,35.28567172915036,4542.006585695712,low_oil_pressure
2471.407163267475,1.558743364481895,92.54917135144636,132.3610505020602,429.5639166264669,65.85853523556496,18.25710356147871,3.9726199824408877,4.179678769322068,68.73960578404795,78.32412473002873,-3.156064713001375,3656.2550139992654,low_oil_pressure
2527.601060588785,1.6655041150739838,107.44766025450262,149.61632080636718,449.32488009305047,67.26805831259976,18.982781032013662,4.104505967048058,4.272204172985058,74.00666794340738,80.26119664243164,14.57983545492227,3934.948741543854,low_oil_pressure
1524.2907588270975,3.010430363993884,73.81183919904797,107.0773209183369,385.749739411072,43.50380159542758,13.640693891120963,4.255607344976084,3.0429604377782207,32.75068278226177,32.26746773909308,-0.3582436415854602,5644.475740564852,low_oil_pressure
2124.5157272975534,1.9637752096071364,95.84878994962096,136.23044322003096,423.2407733596632,56.664210891733944,17.106362420450953,3.8559580441011208,3.7135671136850354,61.64476397748403,59.260628065860665,11.356808246554152,4432.4783005639065,low_oil_pressure
2151.219750526808,1.3898002721281943,114.64220059345338,156.76689639327242,426.775823043871,57.73417475856078,16.38884210724993,4.16295208492166,4.3007251025551625,56.112151758698886,57.73690796509992,27.69407455696941,1763.6907539109238,low_oil_pressure
2574.6102348048917,1.2732190073707725,122.59618956410016,163.50890386494385,472.8931660192055,67.90524687592291,18.684005363987126,3.9435876734331976,4.244694628464693,72.89799366639973,82.01424669420263,26.96681333101877,4507.03285659882,low_oil_pressure
2651.2501608436314,1.2366758741424104,114.17591486122384,143.37450950094308,457.6212144128584,69.99323531739097,18.58038761762604,3.9720139605788476,4.609814013432532,74.50008728698927,82.64463438369894,14.607754448093559,920.2191868059317,low_oil_pressure
1797.7385337830642,2.3870826354465953,84.98599964298572,125.47763195564657,416.77235519991945,50.39296750330452,16.00929306484808,4.150726939788279,3.3727915727861286,51.615391028598765,43.417822995880755,6.101921555457495,2165.6981288961456,low_oil_pressure
1733.8923306520298,2.28258140221819,84.46880468689268,114.98186710367038,386.21359629358864,48.925208235873555,14.053524759382457,4.147801120418363,3.5632478888597108,33.95497987949537,38.67691612427563,9.769567914665664,947.5008943165573,low_oil_pressure
2209.8689257998462,1.768353420180752,119.24559724183544,167.87460305366798,461.4701556610166,60.03843714486306,17.982745270102942,4.03147174522505,3.9485671765290835,70.29942597936702,61.582864305890396,27.17833145535564,928.8879446728184,low_oil_pressure
1622.052530481519,3.0874188714247466,86.01163747364244,125.5402589169385,396.5062489042924,45.431199375794755,13.825359340663859,4.130451218065604,2.636281939135541,31.283669967135975,32.50131882499225,17.278787956481434,1632.0263287966754,low_oil_pressure
2338.7795251560083,2.4971247877189913,103.56136340753667,145.11520487907202,446.5654519550009,62.03023030759758,17.566634172770403,3.8237753474324974,3.526816161987246,65.92298016401445,69.54744139661477,16.67791533854816,3540.6854253047763,low_oil_pressure
1633.5365128889478,2.141114101116332,97.77424314384987,131.89689505009162,398.22410509723005,46.57850909458154,13.377364329794597,4.1527084749587715,3.1908792546472453,26.841443443509633,33.00787135530648,25.765783213778075,824.4732159906101,low_oil_pressure
1847.4091321529395,1.983126973813088,107.46505496116092,136.11658800826,400.32837730049187,51.202800884761494,14.11536323427813,4.219296299849388,3.741030290843027,31.21850852313169,45.99575476937659,28.70929574436323,3595.5390353725743,low_oil_pressure
2464.321104705589,1.3046724278990909,113.89851020645179,151.5661815482658,456.85247460999443,65.40596312612108,20.114494150753075,3.7968110157878483,4.699107341378198,92.11980090587319,76.69720416673155,6.024098605508827,2499.384587948104,low_oil_pressure
1559.8823649287965,3.258028412656046,76.38954541996166,114.84993999568843,379.65019168422793,42.85128120507664,13.577077052169075,4.150491054021287,2.5499614279635896,25.0747640756776,32.710807426123985,12.086684230577468,5877.682362289504,low_oil_pressure
2206.072869268779,2.693025887380972,93.37416058989963,127.4179873362354,411.03063180400363,58.93864451791414,15.826637511297738,4.007937590773649,3.3099185931312816,46.64382635554027,59.699206995419274,14.119269662486042,578.2999043888718,low_oil_pressure
1971.9948025215213,1.8483132440954708,115.61923770956548,155.72056846144105,431.98147151631946,52.36501947884839,16.48309740641906,4.125937452306348,3.9568850577854313,58.92886748443392,50.78764520153267,30.36967305034027,4671.709883353131,low_oil_pressure
1616.0823092709138,1.7863336763434519,101.30529004460789,128.1814536512114,386.9167309892138,45.886657594813336,12.87487936020672,4.2261787012368925,3.7595821980119126,19.573064131332302,33.368875946019365,27.43240268036991,2210.66268480913,low_oil_pressure
2186.8359701093327,2.521485516138886,97.17157463345116,144.98832477423608,421.6132612708301,58.65521401143929,17.020989235458618,4.081207481789187,3.679880053844243,61.270944478633496,60.54590879698418,15.422294977920368,2940.093777314668,low_oil_pressure
1864.8574127886754,1.994681544903131,91.42231980044144,123.70013086195885,395.3614473901378,51.75216605367879,13.960254934148328,4.131098809881412,3.683287846405632,32.64519039604233,44.12532068948824,17.518440565599832,574.1213094437512,low_oil_pressure
1765.6421235975265,1.7887754682804096,107.30112830516389,140.52951367290376,422.874146910458,49.49454676071372,16.17359119008396,3.932088477918279,3.8575325860468395,52.926475027900594,43.4008214636532,22.11397138971484,3740.50799348288,low_oil_pressure
2407.0081794281336,1.4148199170115592,112.16409175764029,150.007951626652,441.9732469587435,65.12872734863913,18.178224824878694,4.102598477282613,4.451059810500219,71.44000133025709,73.83496182107183,13.92014198966819,2471.772131490195,low_oil_pressure
2511.9763207836263,2.547184713186863,89.27042347977601,140.09549411697142,432.307529576338,67.70042196287423,17.841747736224168,4.049675813142234,3.903871711731182,64.25602047504707,75.29939429030559,3.299491586038509,1156.2272992215303,low_oil_pressure
1909.375114498705,2.3290462490661357,111.28989298430112,150.45507178324746,420.50696660275077,52.54943614513564,15.222887222306769,4.012839920714993,3.5186337509659067,40.3139392842164,48.012891959433986,35.86339942741276,2157.780713939469,low_oil_pressure
1681.9239795320152,2.9001439707939216,85.04606423182953,122.07333336475963,389.8486538191395,47.009591991942315,13.992013787435177,4.124409856291892,3.0497996504072553,34.570246184279775,39.244804339384025,10.073277694556465,3851.3363527118936,low_oil_pressure
2378.282649757586,2.520982641469499,84.94728856251301,126.18624490978026,429.98919564223405,64.81047849456027,18.038159643148113,4.081471100996356,3.5040347775995575,68.61190593413062,70.55366252307489,-3.9329798070378974,812.2485532485434,low_oil_pressure
1574.1341017110296,1.9442010420958562,84.39768274798385,118.83004020174616,398.4880259893281,44.11236838350201,14.003093483795432,4.019383856968744,3.91722682797622,31.475927793054133,34.021160231275935,9.424793444327747,5427.743713949479,low_oil_pressure
2004.5880173386452,2.2553434010914684,101.7034130953617,144.24835997596566,432.03790106869184,53.65592494750408,16.887927676661675,3.934572426352793,3.6027486177718533,53.86484668401418,53.6863733225955,18.691647278505815,4458.562129319384,low_oil_pressure
1636.6909518558775,1.6767569611624,112.092840547662,150.76450821113554,435.34131376003734,45.47681830545125,14.915593667368727,4.048181520996726,3.89855226067863,46.208615285331405,37.37695630964246,32.166350948190434,5122.06215513908,low_oil_pressure
2673.82435243329,1.4195527172097504,139.26798877841983,186.33079174450293,481.02022350380776,70.60261327900467,20.422883264927076,3.970414165235927,4.613137884990719,85.91496243805904,86.4778661259387,37.63549382785234,3438.599483212164,low_oil_pressure
1942.1013531778601,2.624254081046677,87.0438664351763,128.5800752196422,412.43160016302306,51.3312650150789,16.53102065567012,4.028431675769712,3.3398345103429854,57.29705517076829,51.7275021765198,5.550881015741423,6388.370950123857,low_oil_pressure
1824.17034789961,2.434802330693376,90.08691907934812,119.64179823501077,392.4726255585288,49.99743435139733,14.732871558945012,4.133274983728011,3.3718298568274934,34.60193410656463,43.79065105362741,13.458167362775393,3445.2690815466267,low_oil_pressure
2162.1166675656314,2.2394299825827853,81.31592829185917,115.936373034477,396.2092453882271,57.72727834902431,15.890792204592218,4.154627946435438,3.6530692263783076,47.215969203259064,58.05969812810963,-2.2604552779965514,864.4668624597064,low_oil_pressure
2390.8866441332584,1.6667888650717868,111.67935292992135,150.031398370485,446.3046914939094,64.64314974329777,16.371658378365186,4.081088764214288,4.033315670214888,55.085959516136946,70.02808018271828,26.643494058673895,480.5878110197823,low_oil_pressure
2400.8148757373183,2.827538852999905,91.86211779014602,138.9222219611112,440.9502976722652,63.46038166061435,18.909140528353753,3.8871199628101945,3.6978571482618494,82.99630313677058,71.30940094421231,0.9707832737103381,1214.4214699896663,low_oil_pressure
2567.0952790485767,1.5087882453456887,119.92402231789592,165.8454387168376,451.74156379858437,67.53662208563853,18.579391097963565,3.838305423895356,4.447518453839916,72.75311469628724,80.19793220401596,22.15141884726794,3189.5089251441054,low_oil_pressure
1680.9536184468839,2.103191790052244,89.85901469224834,123.91600528151442,396.0828190325633,48.26776815536145,14.342047680254309,4.05910435379665,3.8661972752854927,36.51624684484858,34.5928709347692,14.937857770918473,1136.0339051815763,low_oil_pressure
2611.5903232531355,1.6971662417960076,114.91809262854133,159.33626958316538,453.6286655261752,69.38302310549032,17.820143869530174,4.073155764264508,4.139211643267149,65.51076876653838,80.47949978006295,23.215418312852623,747.2218899684087,low_oil_pressure
1550.2170638085263,2.024848158311584,109.10489731112602,141.52500483174498,409.8343313718179,44.36096443724198,12.86519382347499,4.17817920096267,3.4301859011477833,24.088038801053518,32.33008429947447,36.68778279093656,3574.382566433191,low_oil_pressure
2613.6831343309827,1.6273935177480467,103.88313169163497,152.66926576539137,441.81090304744447,68.0897560720168,19.983852262024325,3.9691493670128826,4.470647570088875,88.6546048961752,84.56110272856195,2.793447820916971,4795.908007627839,low_oil_pressure
2400.398821551789,2.4007703425797455,115.37366924469718,162.34397873458946,461.02596012397674,62.60559036460059,17.962528844909027,4.0288845428002364,3.7644016084977117,73.423852600082,70.68500934406511,24.005862959345666,1577.1334726992457,low_oil_pressure
1847.0559984919205,1.6819665904692886,97.56962193313832,129.49987895996333,414.5629864716072,51.85081985597303,16.037402957113457,3.9260313525387627,4.016639995291854,56.91684339596718,43.46262699012669,12.08009166935101,1985.125050481079,low_oil_pressure
1621.2973127661812,2.1334145703732768,94.45537818090891,125.58786084533281,382.2950627081219,46.517049565312554,12.539379695759234,4.209484749292167,3.2252222177095375,15.0,32.7567913552576,24.27685071517115,965.490356048739,low_oil_pressure
2478.844184582028,2.693398030302353,99.74142828104408,146.79222434800045,437.3913284052688,64.61507712047104,17.91573070807059,4.000190468196049,3.802287793088287,67.17612922014393,73.57537857895161,12.429500702070996,1838.271788164637,low_oil_pressure
1539.0057049187415,3.1457220626335007,78.40497042944625,121.77200754624448,384.17548325499854,43.42672240171416,13.602158188851762,4.036297443074832,2.827797511775177,27.602183555833456,33.47504622839031,9.710027134661946,4639.887157024652,low_oil_pressure
1696.5048270354778,2.1694791139468834,111.21983542480476,142.0826151954447,419.2368011106723,48.93409533509951,13.83699391719638,4.258824666847945,3.3821798133721903,36.21984108252573,36.93420519173202,36.1271703415772,641.4577825694512,low_oil_pressure
1836.2266814373684,2.249053729292857,87.77073844251352,116.44571512940428,394.03295030823557,49.66158224753284,15.428464558338236,4.102461954357952,3.432658059912873,43.52618818815198,40.13238619384625,4.71847675756624,930.4332821453753,low_oil_pressure
1730.192247207105,2.714899986673113,84.20630001194756,128.72721591038703,417.4285029262922,47.91528716566833,15.935601449424727,4.107744483910722,3.798191027460346,48.714437577956005,43.802931994809356,4.809752750627494,5870.381060513244,low_oil_pressure
2579.1699615525167,1.591930328196492,113.77871963816708,158.26447664597436,469.84620717420546,68.77554399128937,19.04026348741349,3.939690565148892,4.413741367058519,82.89928595925421,82.90578561348974,16.23839951549406,3538.2709694875643,low_oil_pressure
2403.8191271340042,1.8801521936239327,106.12067356580991,149.4917442833492,438.77891617513495,63.732756760677724,18.47242742290162,4.004002790329532,3.939405657973284,67.80973338409993,75.8104862831193,11.127068213565533,6338.878992393076,low_oil_pressure
1678.8614529350998,2.068865455240643,91.72034794055409,132.62344177069684,389.0863612245972,47.26174127951046,15.171998738407252,4.108310497961427,3.847307368407347,41.0601296301287,39.28619191324536,11.578954715055989,4582.065120166784,low_oil_pressure
1811.4439460686629,2.728611456549772,84.48290091041495,125.36476053132208,386.22861748330575,50.899184222506854,14.632650151160021,4.144032133878686,3.139047500555459,35.061269060612325,41.40885661394204,11.759065279694502,262.48152308387864,low_oil_pressure
2549.4256302501913,1.6873474384172344,100.20901234529032,145.56243920281125,460.05838444306136,67.90171603719652,20.721831237508123,3.8084319504773885,4.653351505703451,98.0,76.84958066070305,-2.6630330338275114,496.35502376092603,low_oil_pressure
1927.9012025992247,1.8622856588579244,98.60845861654256,136.0603663183965,426.57654484790254,53.90530614447557,17.121101573596075,4.117571872226707,4.204919111777394,68.10336687008497,48.521299958441425,10.377186036004915,825.9711608345874,low_oil_pressure
1509.4222807596807,2.612326792035039,101.7609322067858,139.45542385628434,395.74995265603127,41.80782254590768,13.316873447128936,4.321623927777709,2.8333445175227157,28.047722089732154,30.314999446369548,34.02504936741949,4921.838077805403,low_oil_pressure
1825.9386717451043,2.791791968385613,100.59338843145744,134.7352083360911,403.7887781072483,51.41892821061614,13.843852626384676,4.420151069021863,2.817906012650548,28.7434527685019,42.50126918850335,28.449863423838185,651.4342513473654,low_oil_pressure
2403.2541870633745,2.7684468129516735,91.45025224788222,132.5355762254933,428.7239245291486,64.08378020736981,18.037891445478827,3.9891157626563825,3.6518542292300777,65.43261827406572,73.41887942813146,4.403501224661514,3810.8718674558772,low_oil_pressure
1829.603625798952,2.630814022473879,87.68352420866916,127.93339961249099,400.5633535742763,51.25787714106795,13.802299539229214,4.111976028684847,3.4380696245156543,36.23445485319301,43.24520594253986,15.233147978516506,1466.4895892035693,low_oil_pressure
2328.5214706353568,1.9961514113733583,114.54275294496213,163.81448712491863,448.64521110545707,62.014727965215535,17.82216712368182,4.071822003345534,3.956827841044216,70.76230872578356,68.15793516477633,25.61610755489564,2872.3053458672634,low_oil_pressure
2119.2436350511875,1.8053043819022354,101.71330029957983,143.56412777637357,419.7459611221194,57.98883356114188,16.416076041465857,4.067169696097461,3.540366766590811,50.69566573136075,60.94872418791914,15.658436814189809,3615.8398873115375,low_oil_pressure
2365.5462367455225,1.2573840165742656,133.2887078182099,176.9955566436278,469.08922776505347,64.54209048166504,18.754344225385356,3.8845929993774324,4.447732055370798,79.37498295890155,67.53438110090752,37.1587740773414,121.17460072672232,low_oil_pressure
2435.6525152984836,1.8755154526946511,125.59679700601404,175.65558508002434,474.23242031934893,64.87057138373277,19.54541869643672,3.995011131369416,4.270250552618714,84.32416813149756,74.35948601074841,31.161869767172924,4208.217775296937,low_oil_pressure
2350.9116951066258,1.60005959472719,132.337844189493,175.90810990715102,465.6532482763281,61.35456617777014,17.782796798353107,4.0517839602858094,4.353660718783109,68.44032805252242,70.60784492077632,37.35450890416765,6059.580263076721,low_oil_pressure
1635.2110824020956,2.1351550939529917,88.23489513314824,120.22254581277832,389.0750679651226,46.17838175150932,13.992683845950046,4.125579364843651,3.584304284642686,35.178109639792595,32.24665210920054,12.449866534993083,1181.6433982431345,low_oil_pressure
1770.0036102944246,1.999909237299398,103.40660266719907,135.8023863386007,408.6917445332563,49.59995330806758,14.196949842174716,4.423430238207778,3.789683062183026,34.98032583569433,38.926627628161754,26.456976423338254,1018.7654900842798,low_oil_pressure
1962.8172895994278,1.851831202863242,89.53550213848976,129.0939757818095,406.6077404556423,53.89800879098302,16.20939009273138,4.1727178731125125,4.043870567489558,47.81717896592709,50.21003902265149,8.119368887918423,2399.2848368618997,low_oil_pressure
2645.2939401645544,1.283195425349588,96.21029187808911,135.84326739244364,447.21073321123527,68.72632538763398,19.24941592240455,3.984715523709129,4.87057759361371,77.91299192544403,83.41145468024817,-0.4419240772244164,3806.151949616276,low_oil_pressure
2277.2809093767473,2.6958667551751248,103.19403133516813,143.7958584925497,413.94019272708067,62.04207733463697,15.463685368102153,4.060299146944818,3.4714198743451146,44.955808869910285,64.17725583300998,23.62862033834585,381.50317675232714,low_oil_pressure
1821.3040422573752,2.001014697987764,99.8405688124494,132.6469211495863,413.6089064228728,49.92407734682084,15.208778350270002,4.147620227083985,4.080137136445725,47.05178811399397,43.19565066101763,17.27456446170002,2024.40810687647,low_oil_pressure
2709.238953206228,1.3485514031316508,107.70983370366477,154.28524180983834,450.50756716522915,70.8679820289142,19.29623201619906,4.121211628116989,4.649585216224817,79.19091521847982,86.17094345183563,7.740194376047986,1848.8724835229698,low_oil_pressure
1590.1575541108496,2.755733488885272,69.85373534543167,105.566888361974,381.38240796634136,43.93000783311913,14.385082565787593,4.0602151888721,3.1533831666864423,33.82311860342833,33.969988232777396,-2.137505830139296,5174.706883942346,low_oil_pressure
2223.4095185928295,1.5952841870078367,104.87053496272254,153.1641326987144,430.73361055679004,58.43499549324746,17.241662127113926,4.109033791311322,4.29657927055949,61.092512669029546,64.68917210581083,15.512650499478035,5015.399089007466,low_oil_pressure
2304.4299026076724,1.630161868900008,94.95037453710691,134.69423591206143,435.93482352840084,62.025887538837544,19.15740814396731,3.951567131118505,4.57286901024644,72.1024594929231,70.19680521538002,-0.263153219112646,5189.167314875773,low_oil_pressure
2342.879170644261,1.4918944555253097,126.9727667899764,163.45714279054553,457.39367146552866,63.4033436780044,16.988380793685337,4.003171124035718,4.2723993035521,56.75868766124461,69.32042404732613,37.89103653594964,1882.7148297214226,low_oil_pressure
1601.6430578898837,3.3588632703771157,74.89824006962843,117.01075662375628,378.9281770105986,45.25677284413845,13.823619979884647,4.2009289820641476,2.4255625640516927,24.569384899535436,35.79281891980459,8.519636604151934,5055.17524259156,low_oil_pressure
2386.2456479946695,2.007597536339482,100.18866928276718,148.19968179125223,439.30876360096886,64.95491871825938,18.645432962849092,4.047434121911699,4.0627131666973995,73.95230827281698,74.50305941480514,5.508988419621186,4598.190205369055,low_oil_pressure
1553.243976801772,2.6298874209217384,100.93629313535985,143.657873371058,413.18013535632184,43.50208386588443,14.42806608710868,4.22966968112258,3.034856405525893,33.89898564236269,34.223642804586525,27.800855309792492,6395.094662906173,low_oil_pressure
2560.785461490969,2.8148938103487606,96.66614210985999,144.16905340872407,438.6875680852654,67.3816514461362,17.520959337620145,4.109303125332492,3.4387142055736244,60.010398152018325,77.69204531678572,14.473503178678913,922.5748655681618,low_oil_pressure
1779.6141590185089,2.059559875232293,92.53079684157552,129.03762602396654,411.41099281084814,48.82116048890227,16.24102283742737,3.965400895264016,4.092093548824573,61.50075718388629,42.34102286840975,5.910238384805876,3646.642720697414,low_oil_pressure
2397.8808241221845,1.3461682962275368,105.52209574062464,150.5335252168907,440.3297388445359,64.02015086701753,17.992653554985928,4.078770936771337,4.57186802279878,68.38397574148468,72.11256046747833,13.4998257219581,2754.693178637678,low_oil_pressure
1634.3655951123342,2.95330486288564,73.84899830903332,115.12302327259842,383.17252273286294,47.518901184894325,14.706131380677949,4.109392594906945,3.3026464867759993,41.18819705596184,34.33285258502598,0.3288395140062579,32.22269596832395,low_oil_pressure
2247.2677869468434,1.449647616681549,113.85989003070198,161.1723901074387,458.3539289858078,60.76019172169989,19.04103811191379,4.000814947497264,4.348842647869773,76.04828253019073,69.01293662652053,18.121542384708537,5694.349224074506,low_oil_pressure
1784.363853313859,2.014437125216653,89.9410260931358,126.26615202375363,393.5884181047953,50.33360007455213,14.655627127384918,3.9839273212224677,3.9958196637667376,41.313196620688196,41.589110097368064,10.453366713263334,771.6371872958174,low_oil_pressure
2387.344961203127,1.9928968412792587,103.24386245747768,149.7636213591771,440.6784365476747,62.52296660187691,18.059290879757686,3.9673120771115213,4.085036063818327,71.27634730799421,70.59681935663622,12.454090907367512,3628.771806689698,low_oil_pressure
2373.912027666467,1.6264880047062835,92.16303586005948,134.23778126644876,429.2942916786467,63.68234451713931,17.9905246709986,3.9458169791013393,4.60421077089932,71.46035245236462,69.93987107586479,-1.2765207215137078,1805.7779102221548,low_oil_pressure
2239.3213698202203,2.931349666938786,97.97981949696549,149.58745098183311,433.9994125279694,59.80690807184665,17.300543018387398,4.0400174141054706,3.4479430630361376,62.15294804088451,64.42872169236291,13.846914462341639,2936.7596995459694,low_oil_pressure
2511.52583384544,1.506352663671366,117.60258160692656,167.48617250087364,457.9542837034101,66.01356435387824,19.08761086262536,4.122847573903327,4.51618316717661,78.93511239317822,77.31059191867433,17.686453256705324,4022.8255760445477,low_oil_pressure
2575.4562971376918,1.5232190516176474,136.86993680987854,183.19477999469424,490.07861682972407,66.92650072929604,19.986759309718124,3.9153516627543437,4.44943821689196,90.49781864254189,79.00573823447544,36.313139459346544,2670.1391513573753,low_oil_pressure
2295.3098680876415,2.350513582946729,98.3788842660364,141.60572168903482,416.5012591126859,61.485814783339876,16.083390714848587,3.939772512917675,3.623591838058706,48.18376521329787,65.03562376743513,17.749318940941432,1962.7051199295443,low_oil_pressure
2708.55953438557,1.4334459905766679,110.92929517100374,148.38823108180296,459.41804678999057,69.84900480973235,19.452500208743704,4.049473018277011,4.227868011925383,76.02887546919204,87.80163371420025,11.737130113672706,4919.568165026225,low_oil_pressure
1995.7308446479885,2.359112539025161,83.18941865803768,133.33308816101146,408.93854728046574,54.06942841558467,16.29300161435667,4.195408489602207,3.8765538304273655,55.69195740638442,51.90066536502658,2.8180602627658056,1949.449879141005,low_oil_pressure
2630.299183664215,1.3915575534023361,133.9840669342508,185.31004955848957,496.48295949298836,69.37760106414049,20.134228761989316,3.843508084589169,4.645682370759989,85.74948299567487,85.41911135620248,37.167161707687875,4611.536764649172,low_oil_pressure
2358.200156477579,1.1618693134038187,132.53991542714218,183.82235549178205,482.56716686567756,62.51103891520209,19.721194878239974,3.67787185643444,4.949870200889176,84.25567556336365,73.78854374110647,35.340167332975206,6107.866825871222,low_oil_pressure
1622.4824084339025,3.0900743929721655,89.63887643432861,125.74542188524211,398.6018989321919,45.68845855724053,12.70951967818333,4.222016754947427,2.6583704181989507,25.188130798354994,35.12263713697857,24.78858452468903,2738.2521241611316,low_oil_pressure
2328.8378725422167,2.3402118664705283,107.04834997529447,149.54595607304998,424.124287962411,60.934325708219575,16.66660979219906,4.056251476342139,3.654936921458403,49.44028740114625,70.89605190018328,22.45327543465587,6494.736638040602,low_oil_pressure
1815.6817003855238,1.9921283686870548,84.13412599877238,117.48653273685643,402.0254726591923,49.303880082112784,15.175313425283068,4.1485786704400525,4.023615851131463,44.468060587534275,43.05576731583135,4.253219329331563,2063.5073837203668,low_oil_pressure
2039.6436071408941,1.8872965331641987,111.05547482918023,147.55788741766347,428.337546986355,56.29116197487773,15.262109639700778,4.1485627815553645,3.7435880439221183,47.41073176188006,55.18718435378764,28.206675230486418,2645.2852097840564,low_oil_pressure
1654.2345672120305,2.5987828149581125,82.48314314762763,114.77433613489272,374.9928936400049,46.11472610761079,13.283636995720245,4.0341889438928025,2.684154331595927,29.19549757127786,33.58979326319005,9.65875831337517,1174.7120324167345,low_oil_pressure
1458.3494795582455,2.562597759141881,77.19977878185696,109.38716261871815,371.4512096789329,41.89302204961213,12.715041571930964,4.30118759160795,3.1424091394032123,21.18527994719263,31.120032373997326,6.988631535829751,6210.632972619245,low_oil_pressure
1804.7081236102374,2.5015623871211865,97.92634174779016,136.3060184240689,402.3986155958007,50.82962439055791,13.451611658390437,4.127699076647372,3.2556373210137295,26.16969235362763,42.11810382818716,27.24671228556828,582.9571038650054,low_oil_pressure
1709.8456784273433,2.537151101907615,107.24877399477577,141.4056557586309,392.5686065549521,46.98620588029729,13.5174716786501,4.35285875353042,3.230946669428513,25.007636506307932,39.30971937760745,36.22683178415083,4943.0274924290225,low_oil_pressure
1574.9877350368708,1.9191618667023949,109.03056170334698,139.93757970039064,408.9883285082367,45.23321175268722,14.652888999608997,4.1857578025083,3.383318336780706,40.17384889861272,35.22442633519317,26.85304976639807,5196.859917780918,low_oil_pressure
1668.6505408695189,2.4294203963775294,96.31189735347256,127.0185184290637,401.5876910944562,47.167485097126004,14.115395743102894,4.202488075841349,3.4403750066021783,39.25648368598104,34.69576803499808,18.881421620124232,1427.9375981154271,low_oil_pressure
2124.3763631241286,2.263491907387764,119.94181777949396,164.00950424211462,440.84972833489456,56.42130715872755,17.118752657261467,4.023444262594218,3.703524401390806,55.74062982044592,57.51267792622768,36.22492446279367,2686.3352056037243,low_oil_pressure
2395.08180063023,2.4267122620044383,118.4544838722473,159.7492333845123,449.7647522622548,63.65058153095845,17.71286472545316,4.157389690419502,3.7989745407456503,59.986331844057,71.29832191531435,31.26773846712032,3354.1322318020893,low_oil_pressure
1901.1889078427246,2.7616070824788723,96.21231937907132,130.86370423042885,412.75267419880964,52.04991032535908,15.55985363127676,3.958839453558576,3.5128397730482908,45.42604260715307,46.978849965648614,17.61156923625774,2001.0305399689191,low_oil_pressure
2147.2555073324343,2.6344483137794334,91.43863684556013,141.84272726033606,422.9408391828939,57.7981177874769,16.443857075904734,4.109048010783462,3.431869843067007,56.9222570843818,62.10011379076346,11.82392877543807,4318.142940666059,low_oil_pressure
2016.671715378746,2.1232561787952067,103.61640037083181,145.67638165076843,424.8291488967082,55.33413756651929,16.891132043778114,3.9876505888739042,4.020697324866965,58.94282945331397,53.0107356070272,20.934536189692707,1526.2196775521995,low_oil_pressure
2669.2176690666956,1.260961658510647,128.49074840341592,165.79364556253873,477.4043776843762,69.22071767732034,19.950924206760746,3.9071193926142875,4.766744758622686,78.26383627850275,86.17331969678845,29.705691997851314,4516.343595500439,low_oil_pressure
2420.459099387646,1.611386407627327,123.09121742453209,165.44368036751501,456.36458680382503,64.10556957835081,19.279175531519794,4.0401890683539685,3.9427798456620606,75.72515637312083,74.7372383957714,27.794074918408295,5706.417592688258,low_oil_pressure
2238.8342002616423,1.998504138366533,95.94184559776907,147.2387074906379,439.19041117134,60.54441829411272,18.16213502807932,3.9557808003219703,4.1265773844970095,73.67953079729205,65.73811168160285,5.593021585186067,4497.416862800789,low_oil_pressure
2670.390341708228,1.3928102632804376,111.23560027270635,155.12009776337032,443.8105471471516,70.21498523481968,18.450173957557894,4.096801760923849,4.372042657530606,68.7582577572183,81.91469571805538,18.02495410729907,277.45772638382704,low_oil_pressure
1571.3833239642688,2.1846228236033314,81.52317709354337,108.69635229654968,379.02564025512345,45.08827744934674,13.388483645542657,4.15982842036598,3.5994756614211303,26.485897992814987,34.246763415607944,6.855535233688826,3721.5056011720176,low_oil_pressure
1752.7887940372618,2.654409376296101,110.50975907677972,160.82054013106392,427.0464459534629,48.808586318823494,16.13387473199671,4.062891603472719,3.1532211066563014,50.351192710974274,43.39258056044897,33.57300332094689,4825.486066559718,low_oil_pressure
1631.0586008885907,2.559690658678178,98.77123070276339,136.44350618855213,408.6440903623568,46.72682686510327,14.834983883028823,4.247660775171972,2.9956067977670644,41.50430518023056,34.4982099651167,22.564592826883743,2904.619127579597,low_oil_pressure
1695.820323765159,3.241954960806707,93.46052614133932,129.64963703454725,401.78964118409283,46.19065331995433,13.345489840622305,4.306158847250018,2.9069211404014137,29.50158081278281,37.482466982263986,25.179452231026637,3385.0037890786657,low_oil_pressure
1741.6320202025233,2.7793368846392794,73.3538799358561,112.01553048530208,383.32096116989936,49.20604650455822,15.214910029254806,4.050873937089837,3.6088403850449824,43.370828013787,39.43349294709164,-3.2314876455279267,758.5487050296238,low_oil_pressure
2441.3977717393436,1.3519165990306445,115.97914175798861,153.8504679642258,461.7546679896285,64.63796824648459,19.937054964928937,3.998167181923294,4.607915285206676,88.30850791273001,74.03671868434887,17.094966534235578,2860.1313883336347,low_oil_pressure
2579.7768941362647,1.6230516324951243,120.68662695055063,168.9884058869989,471.10081526388694,67.21545411334392,20.202650435548986,3.910572536380069,4.4771550320728215,83.56377125202114,83.44558269653612,21.665604556410248,6250.134267208627,low_oil_pressure
2003.9626336049803,2.923726514609532,73.84565692315022,121.9654878468879,389.1742224508916,55.082374034663026,15.58809205376509,4.217873946130734,3.24241939873479,45.91084431833535,54.81935844967518,-3.724559778153516,4225.428384947799,low_oil_pressure
2020.6535636718402,1.505766225014098,121.2754128614653,155.42431056436345,433.221640129886,54.802408364680915,16.560913590456284,4.151988769681217,3.882773225166429,57.932764756485945,50.59399257416071,33.54784145996292,146.16844684170104,low_oil_pressure
1727.1978995195648,2.499838870032968,107.78416077576998,136.53557372140875,409.54268454262456,48.462438291603306,13.635111745926325,4.115741650423809,3.1520199899866927,32.20972267184423,36.674348475550985,36.703079933301815,437.61383452995517,low_oil_pressure
2246.063648497733,1.4854873691107795,94.6282363295666,140.23543097903757,434.86383594308126,58.525557262897124,18.486092464360116,3.9916280554874515,4.232978195772267,72.11009556871969,65.8417017044809,1.8353939472051828,5203.847751223532,low_oil_pressure
2276.6187115919547,2.09853180255162,83.69641059243844,128.0393917950294,412.1226171265228,61.733825065926524,17.212359403043596,4.146528042436184,3.850830912556128,56.45138129417172,70.78308597502219,-1.4777385360787467,5936.148358101081,low_oil_pressure
1939.094337009411,1.7817597283436952,111.98266188416308,146.16672775765477,434.04426860311185,52.40789447415082,16.81177217979369,4.052995371395341,3.9024148788570576,57.231448365142214,51.017504207732806,26.631404918884787,4529.929081653548,low_oil_pressure
2088.960323753542,2.755994801732941,80.21413110771316,123.35367025089619,411.05259876167736,56.83402367995816,17.031942576547465,4.145926411183635,3.3331140850865526,59.68984099117853,55.80923471985715,-2.047824094073527,2724.5326463201845,low_oil_pressure
1751.3099426375898,2.810492083818386,85.19562440590326,122.65148393855786,380.9489553641996,47.63890538526054,14.147599674115881,4.217026548922421,3.171140864827256,34.256013476550855,38.05260695633065,11.748076458076005,2641.975036354801,low_oil_pressure
2644.2066885874597,1.3869795814344115,128.66198479785496,165.61218710965997,468.65743151189645,69.6922452138405,19.30136636667664,3.8552663367237585,4.598427758229172,76.99250394606062,81.35877184873675,30.91022555129014,385.9055558343351,low_oil_pressure
2185.7419100782254,2.505264966923693,109.03195943866892,150.43439656977895,446.39178580646006,59.92443375510338,15.849839007571557,3.9499792678240837,3.2372007461032393,53.9323358625463,60.6763465476841,29.09647741399199,1121.1541619480276,low_oil_pressure
1773.3428823091324,2.6784565629541257,93.92723818174399,125.81761882051158,398.08198662295496,49.253298112273654,14.020882033259467,4.180246338930414,3.0788017319180914,35.07195690499487,42.070313396484515,19.49736635653289,2317.9378798415696,low_oil_pressure
2597.4672545763683,2.348147441415961,105.8310272585475,162.63344035557955,461.0686001873513,68.88884017822008,19.568921947753005,3.7904401610540615,3.636184955126614,78.02499869386614,85.45275454100971,16.2665327665897,5666.409616834809,low_oil_pressure
1868.4471215633016,2.403552734078747,80.56942094002515,120.5939988121133,398.6121296782945,53.149473775136116,15.484406323422272,4.18094834829048,3.5088949883168006,47.00142185601863,48.515734725067276,-0.39307137842332285,3939.1321465872384,low_oil_pressure
1803.114199409456,3.155839357945933,81.24213502302432,119.52553334960479,377.83289164175255,50.88776178769129,12.821244790476813,4.160296361989795,2.9446655278902654,20.85001093819107,43.086616740998274,13.248982381257768,2161.1618855183947,low_oil_pressure
2299.55124395959,1.4772618990566802,122.96968292475653,159.32804189342855,447.04624388585285,62.606945749924826,18.036106863694297,4.003735892508368,3.953630510363123,64.76640343327985,66.96941462159774,31.74254146461353,1659.6268669801702,low_oil_pressure
1582.28710276611,2.9090778745658903,88.33298549800328,126.20788208453669,390.07323324197216,44.53627452537989,13.029419235058414,4.182697185905394,2.67532937868769,22.809880608723688,34.950307492238075,23.104139028547262,6295.416312205616,low_oil_pressure
2403.9391634507033,1.3396059978996293,106.76633569993992,151.8561868830818,449.95574373613266,63.53724462924703,19.847030332993786,3.8913746856430955,4.430380623612394,85.82038009147587,74.80117897274442,5.94965946836316,5928.16699467634,low_oil_pressure
2667.468903095152,2.184191053170922,108.10926107590484,153.037484491849,458.8015761132405,68.97526499028804,18.598471959228057,4.20514286938611,3.6923003887018253,76.46259424340985,81.32978507957718,17.21288929639744,1171.7491995945102,low_oil_pressure
2512.4165522149638,2.265700538535085,100.64917207724685,145.69905309824802,441.80376381402954,66.00575914919183,18.209224073065165,4.083216163830604,4.022122450793811,66.31065321283353,80.26500966318073,9.287805388813188,6194.601558749513,low_oil_pressure
1911.8332746450235,2.565525517833339,103.37404773736903,144.6548013712135,427.3683601897053,51.509848178665514,16.05064419329298,3.93279178244655,3.5319621675892985,53.39025503082694,51.18326865965932,24.538739294161466,6176.6879127051325,low_oil_pressure
1854.733584100911,1.6715232207955126,76.4722195874956,115.99569627413075,392.95971512180137,50.50636483861662,14.621363451469092,4.17886132614374,3.761097079022215,41.50411165758494,47.522008818600014,-3.5737848791189823,5984.146895627119,low_oil_pressure
2433.6226537760163,1.9216880736554314,98.46157283763067,145.60946665121085,440.41159675061334,63.79392650745788,18.382346217970035,4.22013190321896,4.237154021509126,68.47182051142231,76.18696614685499,8.588961906727857,5385.047718849282,low_oil_pressure
1791.185780027262,2.6101396875585876,80.16804837466861,126.14409222475317,405.3482103772925,50.63658133849748,16.1654211585536,3.9672486311765995,3.464274025514203,57.606200308068125,43.8842601493404,-0.24348279494253933,3252.7482708234943,low_oil_pressure
2187.223228114772,1.981236383049505,115.7466475116576,162.09725839346834,458.888030877529,58.01643655244063,18.764478828092038,3.814522144061919,3.5784086049270716,75.57157638150795,66.59148045202807,25.985698590802453,6149.653062095311,low_oil_pressure
2313.7987262175343,1.2534352063396326,119.24692331070958,159.8708062913978,448.07595926535527,61.243083321447735,17.912613977583998,3.9669655364305956,4.360411050584846,69.47270705225355,68.16649625264874,23.9897343482878,3516.055952778925,low_oil_pressure
1873.4295180830024,2.9146425065744763,72.699619955717,109.62363717037499,375.4530653532038,52.17734696718352,14.508512244855918,4.045024928262522,3.0281667649548383,30.75179238438087,46.374678202925416,2.028757280373582,1989.4705811985357,low_oil_pressure
2088.15833076701,1.9724489015482178,91.57659676745372,127.79857841895893,402.79532854465214,56.11637515963734,16.07456615711859,4.02052898669631,4.00269329267766,52.67104074066392,55.656313485012035,4.6413538846513465,2731.3901618192604,low_oil_pressure
2074.8496467078407,2.515415651090851,103.40278594656107,143.90870629267022,439.81868043303496,57.35989282067542,17.045263487529972,4.224181888930738,3.438285758637345,66.2831874723193,54.24068761165949,18.258489341651828,463.54299412549415,low_oil_pressure
2215.4053107713207,2.473114633433214,91.5996616527807,132.46156462755897,419.83470634666617,59.6804613889188,17.083218078704753,3.917224088496156,3.9753588891255975,60.98688249900484,62.564289226041666,5.449878758114539,2675.131288420298,low_oil_pressure
2243.046592971435,2.4095610344116487,87.11615550919245,137.96761711570437,433.552277000178,60.18595200206291,18.168405194562165,4.1716182824475245,3.7501745401989703,71.27236140823403,66.13706583893274,0.4752470278345693,3905.2606220169864,low_oil_pressure
2101.381056917524,2.2018909401245974,85.0783948059242,123.6201519659048,409.4826503793716,58.39650015988242,16.320803861744388,3.9516434444887314,4.055306795951125,49.22375722960986,59.410331804585134,2.380316574352361,2182.820591093334,low_oil_pressure
1867.6924846190036,2.0362101297961424,87.45361230055066,125.427461613739,395.9974945262661,50.04458620937204,15.024907710005959,4.228379540179292,3.6827721071326334,37.2146703300931,49.065765453839674,9.963017029304595,6301.3693747136285,low_oil_pressure
2426.6072074088124,1.6230496104560874,112.73756132794682,153.11325618700857,447.8383649045101,63.91942128720868,19.048697365232343,4.058907318624913,4.7024027000463935,71.86548091510387,73.16313793078211,15.547890087558066,3104.8781220316714,low_oil_pressure
2653.619418325237,1.1213050098252382,104.07766884136242,144.09938408299192,451.33333106501,68.75713597185681,20.735605314944582,3.911131499787789,4.856760813010342,89.8973110401499,85.37968359067769,-0.10537778084195115,4158.581156737031,low_oil_pressure
2565.36699127943,2.375805063269628,120.28394073411125,170.56572702221897,466.2933298160857,66.96545493042098,19.214240485653928,4.008545251394333,3.782973957823187,75.97678906616048,80.2002328092167,30.993732954241462,3753.3966207107924,low_oil_pressure
2244.887937780776,2.445741377447571,94.52140716146994,138.15424529084447,423.96342478828285,60.083872473186446,16.455388038354094,4.091981652296672,3.606698502189892,52.16812624900596,64.51735408435871,14.466885999261162,3656.882061080778,low_oil_pressure
1820.0416699298762,2.540838226566515,107.76380956078587,142.2007349822462,416.4203202831663,50.48520775789963,14.423687823856602,4.1391977921238245,3.1717597860606412,36.792273334639454,43.9630202154133,32.48658282885146,2633.5671646000283,low_oil_pressure
2360.611337032328,1.9675767425509343,96.08991021434208,145.64249451690944,443.3341103947344,63.36975893501805,17.94514148534268,3.985104221536487,4.023504089447735,70.78689337234314,73.93392203532396,4.9916625276773825,5689.966785080154,low_oil_pressure
1528.7458998698642,2.7192243904027387,98.91444946927308,134.4294139632779,397.82578354300813,43.7395489560651,13.742795670414234,4.22491536951465,3.14979100664514,30.344623735920525,34.91482585378086,26.020270881512072,5895.765319081126,low_oil_pressure
2616.485013308705,2.228323022532722,114.9974912329814,168.04607196325932,466.48388933417255,69.03576510091982,19.84345421665985,4.0024902660307395,3.564744213650594,84.17012454646122,84.85100182277209,21.31876009908566,4249.432842630773,low_oil_pressure
1539.4470406826347,1.8042967402148717,111.1933236868449,136.14100584487153,400.5601926516396,44.853943361653954,12.944123022751844,4.12709528432966,3.6221871718916345,25.64223447247012,31.293285851296947,36.67161915605704,2352.9129842257466,low_oil_pressure
2219.5637946451666,2.5353491322533106,92.46860007631261,135.92714731004958,434.3060380932544,59.261332991729184,17.916780579076978,4.026765894742538,3.7284905577013356,66.14538447830154,65.60533982924963,7.045091284312492,4768.98522118685,low_oil_pressure
2027.5832412798832,2.7988386800529748,109.22631718774554,151.4989205054621,432.9838434630607,55.53945063552403,16.340646616846335,4.0582680623008995,3.4359914357020296,57.42701183560784,52.114034678791185,27.208487439236684,863.5446170431424,low_oil_pressure
2610.4600537713236,1.4200740860411358,101.95581450932147,139.4333600698923,446.2668209104388,68.53031902096,20.05553946447426,3.863200407525387,4.705173722917855,87.05960057304432,83.55069550265972,0.07298233526011622,3315.8031989717547,low_oil_pressure
2355.8856147493157,1.077007181882454,137.10575230895094,179.21967493777967,481.06173002277393,64.20016111918906,19.062761562548058,3.988843431470803,4.780579896678868,85.66669157278639,69.8319602805697,36.8040428035318,523.315878110457,low_oil_pressure
1674.2248557395483,3.1551244315698215,100.33760737844574,136.59449423918267,414.61307826010307,46.899058662511386,13.726380843971272,4.1394140820102185,2.508846562422534,32.410718709066174,34.991515801502274,31.53579033939647,453.80632408412185,low_oil_pressure
2530.8310885691717,1.93569948015735,111.25111978882589,161.43262697348854,467.1547568872707,67.34386514871554,20.396288989013655,3.928935888739229,3.966183193019533,88.76198659643387,82.10576680376674,14.557685906764394,5882.4051181854575,low_oil_pressure
1833.5037460764288,2.3206183849990185,114.9071471557904,159.4276255399555,434.87401235377,49.743812841019995,15.930052917576207,4.163816857322596,3.7791583132878506,52.84890136325628,45.9281846050994,32.80027327045531,5905.531342471353,low_oil_pressure
2165.535657497451,2.2886834165986394,106.79641182847065,146.82509423187224,438.9758303887886,57.483584654196534,16.997581762689638,4.00562465530532,4.024928803295044,59.78387282402975,61.475886560570714,19.037790127814105,4315.026801439425,low_oil_pressure
2594.0135083990667,1.2376236199645856,135.93865769049478,188.21018842535864,484.17413601655574,68.15272707164603,20.077272597525706,4.03794367504057,4.419707333190266,87.13856435024255,82.5780940484123,37.649496883144366,4338.675330547072,low_oil_pressure
1945.4925396539993,3.0015609064897246,80.26112319088115,125.23383114096227,399.8010014761065,52.00505671374339,15.314885262573991,4.282107180175528,2.9372558044953823,43.53573585976883,50.55025779376756,4.217903541947104,4992.7329050898525,low_oil_pressure
2270.229273063386,3.599235062497995,109.44514829623905,157.7797272847834,455.02960323878216,62.522695384929726,18.120711648873606,3.985618984923794,9.449278926421375,67.71322355030325,66.49433009458141,27.221925868857145,291.6386540857191,excessive_vibration
1653.176020161298,4.133443571454068,62.773751806495696,99.88484547202862,373.63571246620967,46.5981224274834,14.052792264056606,4.16378479611305,6.359266319108362,33.41424350289345,36.59620814746476,-3.9200625276382373,3289.099343364826,excessive_vibration
2353.514583087045,3.3776547320076045,120.99111009268458,170.0348320740736,459.9173137014842,61.67631517685889,17.45940961101372,4.04243009348295,8.97357593930451,67.43029662061268,70.38148761429068,36.55259692339446,4540.410346214171,excessive_vibration
1813.7621044675982,3.9275675195695365,72.92497649468024,123.67793691876389,390.20801805194696,51.76364206852979,14.991662291087673,4.053787580522153,9.27669243964022,44.59434447334153,49.9753675657237,1.6804705660461556,5253.286194488706,excessive_vibration
2140.021829436419,3.5484641403736776,98.03164382915016,155.52891942584944,434.86694262853433,55.02129898638291,17.20626338625032,4.182824149866584,7.7121721542973,61.15471650144147,58.20618485322479,22.685864895106764,5668.145065479325,excessive_vibration
2415.024799329558,3.426350437394045,97.1726144624164,150.02976723757757,439.7913437721983,64.32867365594237,17.762158331310932,4.14415007487773,6.820092054333257,62.06739246243951,73.47289495269702,18.694417889916867,3229.5475302177647,excessive_vibration
1759.8415257221204,4.100099577640721,67.33303481094251,112.92297211337623,381.3585649455417,48.568479687776005,13.965790357654242,4.091297289121417,5.33817340127699,37.76925630292527,37.24114781981724,-0.27340587790724036,172.34655032922942,excessive_vibration
2709.2736792033215,3.6274917636659105,94.96764774821116,146.1962693433887,431.3138037056017,70.88034390231716,17.086309910225467,3.9880089493017694,9.058178630487458,53.936303496606456,85.19752759113344,17.190044501166813,1853.9926901506187,excessive_vibration
2641.6324705601414,3.2258964556606573,89.5942307958956,146.17338362821155,437.4580016075012,68.49082529831408,19.676153968047736,4.157810416625396,9.617683010904464,81.30934406321093,83.01694975475999,0.865681587558838,3943.4897193707793,excessive_vibration
1588.4619795910912,4.0509740032171715,80.42350439387197,119.77939649258747,380.95428187204016,44.607907105677015,12.744170542194984,4.3156400761757014,5.277425068437815,18.402157386808994,35.037635443657315,19.45691757054132,5191.572005100647,excessive_vibration
1668.8336874426634,3.631176136075155,102.69723827796788,142.30629273338118,427.6621241794601,47.112679649191385,14.165160010101392,4.037137276022665,8.842523531779024,33.73309211480883,38.33901702029234,36.78699023564783,4327.341741413066,excessive_vibration
1886.4446276142628,3.816475915693065,76.41831002794716,122.85686899392155,401.65240789441464,50.409995622870404,15.934660905455267,3.901205387940715,7.6963494725163155,50.17181090151675,49.38862617133246,3.742223463147867,4509.97022483985,excessive_vibration
2465.0369101506326,3.4712486301212313,88.49197539463982,146.20827003350416,433.93221045400793,63.29311251031199,18.17597230063746,3.9333969774173094,8.95567251423684,66.56569206227412,69.25559066676118,11.521764372676516,3116.4664341029993,excessive_vibration
2650.369135743098,3.4792992948006503,109.94967550188048,161.29364224776603,466.19422517367326,71.70341635340728,19.60970202314953,3.947784292526875,8.225402759615852,79.4777509642081,87.87192911210347,24.0824421912531,2758.8927491618815,excessive_vibration
2340.02595315804,3.4283380271080905,93.10879296852055,149.04650253827725,434.0740808958579,60.65688242542904,18.83499455874865,4.070867704992484,6.128966630235481,75.27931775123824,69.77741430402756,5.2238199378400605,6091.118484884647,excessive_vibration
2273.849190339985,3.352263235351615,111.11727084236605,167.0720591850901,458.12714229612203,60.96522709727802,18.647346838073105,3.9622885238996766,7.4857440090480125,77.42704844858913,64.12526348964927,29.722231528915795,826.9174117952189,excessive_vibration
2482.3187265239426,3.389086242775059,87.05988357570457,140.92241635089914,443.34416720151137,66.07191863453744,19.317604926470516,4.132316200521884,5.542901720205505,77.86015493835477,75.43627647225264,1.2834331061228301,2269.729840869365,excessive_vibration
2506.852519090385,3.2368277083870547,98.08321226665213,155.0481649503983,440.9250488940371,65.07428074346224,18.028186624413305,3.9523602673999476,7.50203223575842,65.01214415585378,75.3953037552243,18.31446371627653,3162.2584592807093,excessive_vibration
2716.8270316081707,3.0342091448567907,127.17373779468839,191.97255639676143,498.34364937291065,71.13379635272094,20.234278615497065,3.9463423250729095,9.287085057842738,92.84587876349158,83.57103776555293,36.37379270174306,794.7175506550883,excessive_vibration
1578.8752475680294,3.737502908564733,75.44526649695159,129.03783366842865,401.13392314850074,49.21048470096726,16.574005278852905,4.149211772972165,9.037871540052505,62.373746808811276,40.559692175984424,0.553560037381974,1695.41076622995,excessive_vibration
2322.2389768325675,3.480907278809335,91.07709257738763,150.02088968754487,439.97577582465544,62.43068681238217,18.590088209414308,3.797211926984086,9.184201169678888,69.52445578896186,72.26012708354841,9.953004933669414,4879.450629360185,excessive_vibration
2337.112818840033,3.6178331327575157,87.35115477730989,142.30176305905042,421.6829655538173,62.50780692562354,17.377586851759126,3.952335997830853,5.606161443516862,61.313971479104666,71.75154751758208,9.700303868005735,3655.315722006335,excessive_vibration
2718.810169759495,3.1753365016781836,116.83115246435685,171.3424612921683,478.1399139517439,68.81278075238234,20.670097865818764,3.9969161874432007,8.006550588691368,91.61649720096995,85.13490184877514,24.434652815987228,5663.000731483411,excessive_vibration
1578.8580563539106,4.229281612157577,59.587375750213624,109.89795574737434,360.0957531642342,45.99821153900945,13.170491661525558,4.33169459126066,6.5325397131954395,24.234187627840768,34.307524574178686,-2.5836898194773905,1839.3620368925006,excessive_vibration
1890.838500597818,3.766644108937134,68.88527613127808,111.99361883634121,400.77866629163594,52.076035971349434,15.281837551918649,4.197743675805519,7.274359857629747,47.09687159685925,45.725674747442895,1.4662074379171237,833.2471329954984,excessive_vibration
2523.828862459272,3.3992884668311687,114.06635546890597,173.46286261295342,467.3951530624919,66.1383521222182,18.96288404110738,4.1351902903588575,5.5062496055491295,78.66767990834018,79.5941953282398,29.406953603501567,5059.973446579992,excessive_vibration
2677.522521400452,2.9982246195861277,111.78688457994706,170.16206240371406,473.6962123357657,68.93697942339799,20.612539160291128,4.082823201357279,6.835859574793123,88.87220253333858,87.26441913089836,20.609994357562655,6260.742214789024,excessive_vibration
2217.8485264087553,3.4673065270058574,86.53403252006466,134.2307227924089,421.27957733893163,60.65931232068092,17.38114138076322,4.099081055749057,5.046681960855626,61.92518915616448,62.10797978311564,8.747679954913679,359.5934402754544,excessive_vibration
2482.4786983086137,3.2693874143669475,103.32505988431964,158.91991262496083,452.32151262193753,64.39224049552625,19.341404214494194,4.025960568505563,7.902343286723434,77.24237756279754,75.34322567487659,19.42705117857135,4115.659232699165,excessive_vibration
2016.549098562936,3.4747012116432203,109.90085191866602,157.75079749307957,443.87250919672516,53.78241501953567,17.023079863281968,4.0946391697360225,9.120898063518922,61.11363112052247,54.09140537842266,33.22116199871214,6024.9064006743865,excessive_vibration
2258.6858843503824,3.2172372517864236,112.28279059525143,166.53979580330787,464.3029913177675,58.36627122644729,18.991243646554587,3.9462347301976166,9.59442983586443,79.17590662570942,65.05344079382118,25.8828636854449,5231.122295326046,excessive_vibration
1763.4008197335954,3.828344875404457,85.86907787387993,130.92960244799028,399.83236885396315,50.343385972690676,14.581401568260118,4.227458781700129,4.723828934254475,30.28909367898369,48.38734745392859,18.906129822537874,5739.878637617216,excessive_vibration
2177.3335485138073,3.2025785837380587,116.6275886832441,174.11340909758565,469.25704929186253,58.77417388728344,18.54747492749872,4.02621919737913,7.928297023488636,75.47030273564172,64.45015461767711,33.21115627031382,5709.6448500648485,excessive_vibration
2776.49406606625,3.2164788240897706,107.61162097084691,159.52022757179574,469.16185272732764,72.63003251376173,20.80274428769235,4.070333943111991,6.057069961196735,88.55110302758538,87.36178978663064,18.283628598426116,636.1221477732545,excessive_vibration
1928.4344710350774,3.7270539695868914,87.85832855304217,138.25113479221466,421.0855583148032,53.844791374216356,17.444263212242934,4.093572371050528,5.668478151510094,62.992415212147705,53.67133292476095,10.546345286124318,6422.188350015961,excessive_vibration
1936.772271725209,3.7599693763675623,78.74546662743465,126.28983496199932,413.11990229278007,52.996730244481185,16.368632773152225,4.075711823589442,4.976446362265223,55.955626970849096,50.6503003045033,3.867229920269388,3110.7875722582116,excessive_vibration
1508.0936652943103,4.114399644230887,63.86844295565722,104.84354515777837,372.452389307738,44.25194873443106,13.407475026080146,4.040423070218422,5.152825507780962,32.40958867879934,31.134223806344384,-1.0110974982225915,2569.7773224103753,excessive_vibration
2781.184877885095,3.250143773533604,116.13575382430088,176.41983546384435,474.49982164101647,72.05368879389708,19.36884193905162,3.805780879743393,6.592727016383082,83.0045969750121,85.20452829049694,27.23273683381873,858.4397140675333,excessive_vibration
1872.746811647169,3.7462166808235637,85.41592447327045,130.5267420141321,411.1932857674024,52.9989794286172,15.887405143995935,3.9985560262449504,7.450945322847684,44.69683188692281,49.85477300756702,16.44703735914781,3593.4458472932765,excessive_vibration
2583.93444426881,3.3746921967715173,98.85212164998195,149.72004855965548,447.54480893980275,68.57991294323277,18.804822257393297,3.9853571092102196,9.219823473545551,71.82620660886352,78.56396578869057,16.3517185759263,551.9529340339012,excessive_vibration
1637.9516035616393,3.841534827508312,86.36027623097547,129.932462089227,391.46205636077576,46.34056248896432,13.342048137503426,4.199424780768417,4.542388752979894,23.270251837249607,33.88387654920734,25.967113814601262,2332.9897076243374,excessive_vibration
2638.12897104899,3.377726043793578,121.35138243601344,180.63321787970403,472.49047493382636,68.3717738903983,19.16576110442309,4.163367910376176,6.183820159242572,74.78551394134803,79.7558458819067,37.19057421268222,178.95190210989708,excessive_vibration
2586.195901135444,3.3045053728597726,123.70642881808561,177.71471037394275,467.61440680135644,67.88544549193615,18.758295017161746,3.9666275490905374,5.612566754318235,74.17876892067208,80.70690712296275,37.13409665137632,2735.48715116984,excessive_vibration
1920.9665731504658,3.6829606829687043,74.59592129052332,118.51908429374451,393.7071876048718,54.37723907202776,15.217104738351013,4.228653864263859,6.173762759828042,44.81902894030962,47.06314097930722,1.708305260850877,651.8380461897632,excessive_vibration
2344.099333147209,3.6746605863477892,106.75877762440777,155.6635301293115,454.29747504627227,62.26999004237244,17.50293225975246,4.055234078296797,9.29143625038039,67.24787460347956,67.97107789220327,26.793138708376148,1320.0363613183622,excessive_vibration
2034.8468105483694,3.939855344947242,83.07565515739316,127.289732913276,398.2172300376183,52.2472565705288,14.850774214448638,4.259648757887043,8.271035352934625,35.83892823983981,47.55784699113058,13.963559764206634,1561.17954981601,excessive_vibration
2043.7030880107736,3.403832072012138,107.51332916199054,154.23122841411,458.11545980721405,55.18236897477449,18.050261342787984,4.027659356793908,7.3314301021588175,69.5301831541095,54.477148412434424,26.566839849655533,2427.0786268577594,excessive_vibration
2285.405302582818,3.554348037602872,116.56110653522633,174.76797741453143,479.14111287105453,61.64252721637133,19.22376199401392,3.9863171833315825,6.677397335887999,77.31513877951669,70.39600873196939,31.707672491419768,6123.839421490584,excessive_vibration
2109.3165476604713,3.5437115063359803,97.35789232220445,148.41238956065015,433.11686846950874,57.73936080610867,17.275827171826272,3.9480167349066697,5.458752199232986,65.43963764878198,57.12739705763923,17.035174878104613,2574.8681580492384,excessive_vibration
2179.661465614134,3.714663109694731,78.62270815520517,126.55092338138941,417.6458786788728,58.036586867414556,17.96151273500719,4.018278247949146,7.446674286698426,67.4848973690749,62.03387133418749,-1.1718073504172666,4933.0308520510325,excessive_vibration
2429.776762339918,3.483372042011278,82.17456648393686,135.77153894330166,438.2701372952273,64.09395037391108,18.936583264980044,4.066628930002239,6.718495251428768,76.29206733956661,72.8232531584725,-1.6212040326316055,2528.003272976362,excessive_vibration
1937.743300325112,3.7488470004565717,92.81596039535492,139.5665115367354,422.98269841244877,53.837321770288334,16.769673084513332,3.9580967976276265,7.250678013957569,54.39550725277805,54.80734966824418,16.832823222860597,5739.81026165544,excessive_vibration
1812.9587013552045,3.8326530084071324,98.79621293783723,142.2516435167694,412.7011122126147,50.25955595860077,15.07337045663735,4.125732376313798,4.943822546299562,38.587416423547175,43.710748847661144,28.23745118562398,2829.849273216477,excessive_vibration
2598.787564993279,3.0526967550525845,122.49578410430283,177.33905018673016,474.2958153119705,70.12265133717192,19.806492297263752,3.9435060930351242,6.001033752377623,83.87390541574192,80.68269029310456,34.72988459943141,366.8260387621357,excessive_vibration
2313.3884626505237,3.7282885394153356,76.54220932738139,126.29278821842199,426.52683154122997,62.429173004115206,18.140132681216993,3.9758501468926646,8.06244772815797,62.70024671037093,70.91503555014353,-2.4224274047831127,4230.24044948626,excessive_vibration
2139.7091718173583,3.634964424362301,89.80541730598966,132.86635499083184,415.9666695502219,55.34458977990796,15.168739079844274,4.208571194677622,8.742246668222053,43.2332411360683,55.591251842412454,17.511437724691543,1434.771985025192,excessive_vibration
2452.8107110963488,3.5536837297974557,88.76063731823012,136.8201665629215,425.1463810562589,65.08654078710903,17.564477953768193,4.073517194587708,8.899026006830766,57.79441541834245,77.40999365197199,11.195663863102492,4573.497724240815,excessive_vibration
2602.5363740859775,3.11328964594705,104.7976527350493,164.60309073135912,472.49827737659325,70.14310319410359,20.255740132290672,3.84525063829599,8.026715830561358,90.2952615919442,83.81815450546918,13.723519840491672,2005.2237705286254,excessive_vibration
1971.5876337633983,3.752270923545392,82.72720102509504,128.84851385645808,416.44693289369013,53.03858917612998,15.155912819600502,4.065257100369767,7.536625266500145,44.44859710842814,48.36793914840308,11.544509459874172,2210.5419602693187,excessive_vibration
1648.0234979957127,4.216369655846744,63.515735965538916,101.99795842995076,373.77391783483034,47.15864887095153,13.452099634732908,4.327938528880668,4.850542243521469,25.2985025276652,38.91028266201739,-2.6734111878984685,3709.5667252450626,excessive_vibration
2348.4742708906833,3.4669619424400158,93.0421299424355,145.54671283458882,441.06563992208976,63.495837293723056,18.62208594973848,3.932484910859523,6.049129401893054,69.72829595086432,74.23178848855929,9.371580716213685,5365.1761883588815,excessive_vibration
2418.599380801734,3.555203284465598,83.7699558554636,141.32186595869584,414.944715549153,62.52887006863647,17.382076673549555,4.028656814446618,9.396271958607594,54.24067574846585,71.79319808172794,6.828529351768664,4407.923005082221,excessive_vibration
1746.8632688052999,4.06654417517489,80.29787917008824,127.98989773480845,399.8234316434081,47.27489575829328,14.100012684879962,4.266934470115995,8.407487885911333,33.57915985415167,41.13396783834881,15.439775643440909,5078.725596041909,excessive_vibration
2005.2116830712453,3.5700558574414956,104.81121943152402,151.2491031520097,438.1044349070015,54.45893987329556,16.191785229325465,4.075131262908794,5.848143205825599,50.85552871816096,54.33215048767617,30.34703454282644,4465.119944575317,excessive_vibration
2025.131907955189,3.815394183574313,79.8527110049277,125.76725449131085,401.7570440578651,52.430245390419145,15.642133615876222,4.104106320006549,9.00124940966921,49.97108566627426,48.64081159993854,5.200007165693535,3537.519062037519,excessive_vibration
1501.1723395827005,4.1030772043009165,71.42798390340465,113.1413014026284,382.1397383642054,45.70149812859962,13.076875720523267,4.095187021282931,8.406408087438065,23.639439498732266,31.09916737074783,12.036188350175593,537.1234524398249,excessive_vibration
2796.985767843873,3.1783913992424506,112.4893247432128,160.35289173724126,473.18058824292996,71.31084372485319,19.35913386117768,3.886468997257362,10.139793853085257,79.07125335451731,85.87754829301713,24.41950595102583,181.3349534267257,excessive_vibration
2016.9982139143858,3.6688959680872686,93.56266672368523,141.11759753302618,429.67095325408746,53.975398648295474,16.411293120599087,3.991278607966004,8.765263766149772,58.26291279022254,50.003130738120184,18.587710417436828,1990.3066357239584,excessive_vibration
2633.5686313801416,3.3106162205908216,121.20876282187866,177.909170203711,474.3850476140801,68.6772734471579,19.59303040396534,3.9660574102871284,5.913569532424207,88.66207619362339,82.30117808815602,28.518010209861902,3495.4156868145046,excessive_vibration
1818.7919188170417,3.9370951994527315,73.78384759015267,118.41047882652835,385.59190425703554,50.64462052502524,14.746732651052792,4.104246770142949,4.984887129069316,37.54348066503966,42.886737237950484,4.56810081426398,1342.0604664946165,excessive_vibration
1744.5994147617123,4.04379002226899,77.25218456737522,122.02132296295996,389.9117232829399,45.53682553590291,13.991495762708437,4.221123936552636,8.122978528120433,32.25055601187638,33.09686324864022,15.404432543830055,1040.6177066104292,excessive_vibration
2620.9046183231817,3.197885272724465,123.10520004345224,178.72997793484564,480.15018971990287,67.91105553687747,20.367287756027864,3.835257914312045,9.433449397176215,90.59273188509171,83.36324558807888,32.66043956086323,5589.466955213834,excessive_vibration
1634.1755019217078,4.097765112363678,73.36687820797408,119.90352722421798,397.00297494870136,46.80016974212626,15.187903060275131,4.109186038019074,6.391025062364814,46.43186497605291,34.53376009190257,2.8586396230084197,2550.4811521422835,excessive_vibration
1625.6313783251835,3.920980643188373,96.91237526616405,146.69450626139442,406.9119058441192,46.19166649070366,13.984420153447562,4.095468751785972,7.376025332990015,32.33122859815526,35.252678752560726,32.74718176541584,2313.426010712019,excessive_vibration
1784.7809093594913,3.6961191443024646,82.36278584685334,130.24634950168183,412.41787296922104,49.41620860701123,16.091578513700192,4.193522250103588,7.778769659373422,51.2166900396308,43.33162492404225,11.590170743223092,5053.296745209448,excessive_vibration
2469.803665179676,3.6797969948009976,82.51420083292913,128.9245762087283,419.9471965301502,66.72291688356655,18.120887601329578,3.9427914535216213,5.72056806276174,68.69679335727159,77.76161349259925,-2.731240701010314,4527.5217032525825,excessive_vibration
2483.6002922235766,3.3597482389659343,92.6681647313052,151.80317622121137,456.88971368100795,63.68935209554133,20.52141938456203,3.8634949149718216,8.467619228347727,98.0,73.56790544188765,1.95725879816686,4569.672004306891,excessive_vibration
1665.270019831968,4.055807233739769,85.93090698977876,126.65848640341466,389.5363884308941,45.10214289596762,12.75412274461366,4.108823641263429,5.120266760480435,19.09265246807946,35.920158914362396,27.13648409913897,5884.181763425534,excessive_vibration
1947.056782869277,3.765293754565353,86.11354668665213,138.44073964260755,424.3892623249458,52.3626342131607,16.815350305686234,4.099377532757237,9.360437039749915,56.28483811542693,51.18465830626589,11.915193318317527,4438.439497066082,excessive_vibration
2497.0754180024605,3.15097413994296,98.2949194809668,156.13197588954804,441.7240689458442,65.84610493051677,18.50023978305634,4.117074709222019,9.369593076883758,69.74601988123388,81.49973984873215,15.671075638649357,5091.148499544176,excessive_vibration
2203.415241666135,3.252134069848581,122.46192301159975,176.93714696574742,465.73514865564647,58.35691004887633,18.829200989631854,4.088192396041436,5.69000637677305,77.16598864912932,65.49130428509268,37.553708431584866,6123.610854373275,excessive_vibration
1620.0664932443622,4.011749834231069,64.97658536228779,108.60947528149808,370.51435790092927,45.31274532591165,14.011268978983992,4.280162055042923,6.537555919991485,32.965759819902765,35.21060320054096,0.2001769329032823,3458.428035304135,excessive_vibration
1840.4606015354673,3.7616465184420536,73.10709767184228,124.66352075176135,402.14744904526935,50.38290668248707,15.466666541715467,4.068790216617836,5.0784748551511125,49.28161716379129,45.658745410037895,1.791958058334874,4503.7561790240525,excessive_vibration
2249.5653576293694,3.406580716473993,107.21627320622912,161.41619197581622,460.23073391054123,61.404395867612806,18.884287778235567,4.102920408579163,5.536932929830048,77.94555288741861,68.97619139711502,21.2145325715822,5535.890976470021,excessive_vibration
1584.2809397906594,3.9489155830939486,97.39752633317958,142.23453800629,408.58387545659093,46.117785043899445,13.306713773912408,4.25772227994938,6.756268883166185,26.03152233028369,33.98660350596433,36.626090256921046,1837.6240996658412,excessive_vibration
2474.7101781641036,3.279805258755127,91.38756092667073,136.84623907957115,429.9358209393075,65.85339149713022,18.324945332505862,4.0673700553321455,6.858962355486211,69.96357627473294,76.54249476008827,6.168440558243284,2455.0876639774506,excessive_vibration
2625.517635103005,3.3991951449866624,107.14639763196125,153.25671165841442,458.8403473958155,72.46434013115154,18.98327852768677,3.9099523667474836,8.412003439485629,74.29733819608467,85.34379138998545,22.308341856775602,48.957174530156244,excessive_vibration
2619.5542694690075,3.024848854447147,108.55670362354657,161.03070559281042,462.0268273410079,69.50167492134567,20.184481476773495,3.897961744742889,6.471968784718403,96.73981230557506,81.12384662748272,16.23573128889912,804.0702314749923,excessive_vibration
2127.1651818917862,3.864441812213776,75.37103097751672,121.46545429185352,409.3771779011734,59.950777639229074,15.867872404297287,3.985199836353001,7.551890187407058,45.45775884080291,60.79688729912854,3.0276382111226186,43.823360039224156,excessive_vibration
2575.0009038163007,3.3479967315712176,90.5553199123351,142.68356846744436,455.1111269168656,68.02776984521964,19.630463812404574,3.8770055094844724,9.594260442338593,90.02116001642513,77.59853128122313,-0.9610817990473313,903.282277211877,excessive_vibration
1813.07277861545,3.8973615737567138,79.38549028433798,122.33304471647591,384.88732555020744,49.7931758757372,13.837564287079935,3.929492205144527,5.569020601136174,31.438001680071423,40.71415566803201,14.654713202360373,1677.3944325115674,excessive_vibration
2300.6815909743345,3.1697546120961624,119.62102801099338,177.72295858815923,482.01873204665986,62.843264305557184,19.81766931395138,3.855051665652474,9.844425124328366,85.77272725341273,73.93664028040313,30.09162963496341,6339.761846192607,excessive_vibration
1965.2839609067034,3.5133131979795693,109.40321847371007,162.08537769658338,438.4284489651504,53.8455366821891,17.038619805034752,4.218174777845768,7.659733808026232,65.38309547868228,52.4402956514907,31.83270733940909,2267.0965455379765,excessive_vibration
2618.5027533321254,3.375528578120972,98.8704865632787,148.21287794911208,453.4786738878317,71.17262071267473,18.496455601045444,4.099744643687263,5.321593268545552,69.50977113753265,84.92510829975554,17.722226441413405,1826.5928812863508,excessive_vibration
2268.257796967576,3.6939352467222064,76.03733765248234,130.96657220837082,417.15656032055074,59.262235743124435,17.52075292548666,3.8453147105446717,8.443958058937033,59.97879275435602,66.64926225221467,-0.7207341207362872,5981.740133453965,excessive_vibration
2439.6321481437085,3.599639784650246,105.56516656703113,161.89397167801195,450.93433762771843,63.23560853053293,18.28934248263343,4.016881232927455,5.351173793978865,62.39315622527014,72.2655536872435,29.987000095024015,3118.112883429627,excessive_vibration
1730.9830400657897,3.984192491860917,87.31160609074314,133.38417206386174,406.629588070072,47.486278401065036,14.377578995955433,3.9780587345007854,8.6972957098647,34.67540944004599,34.99744963975011,23.039846716044117,1330.7162923103026,excessive_vibration
1892.3975997248695,3.7493436946709155,101.57576199126133,150.32780105742364,433.3791822106792,52.36710253636301,16.3407315815959,4.075895127740427,8.202585042935482,57.41564010987177,46.820109258039125,28.51393940147565,1864.6249487669086,excessive_vibration
2133.3126083270945,3.86450345479795,80.45595287114391,125.21876507907999,416.60502481464914,58.31262791904332,16.288461239321993,4.207772060857443,7.536276137735948,49.75076400662243,58.22819871354239,6.3963976270757374,476.30261873687834,excessive_vibration
2154.507267305536,3.595473603613962,112.39100847410914,160.8819523859583,456.49565056159327,57.59275285340463,16.75035024835525,4.170875248422647,6.431396115416673,53.03641944161287,60.93155788017759,35.95551180916685,4316.025648179352,excessive_vibration
1594.3269861250906,3.7826369022902053,80.79168930052856,129.30209926041653,393.20117060579486,46.98424911726011,13.167275077908329,4.039036149355134,6.2561279329382025,28.836373508662387,37.38592094524017,19.207781221729235,3434.9424504140006,excessive_vibration
1751.6195716725124,3.624289796049289,103.24742468370465,156.72396117974287,432.9688771680472,48.83135826849589,15.535625643527219,4.175865804081396,5.978036309270005,46.55444995159932,42.607853037878385,33.99534747586521,4916.282743307492,excessive_vibration
1871.29364178745,3.9141264162780307,95.89782319728883,136.32420118198,400.00237936161955,53.29881010300491,13.991961050454833,4.282211520541951,5.2351351315810355,31.543261079280384,46.9315015221149,27.085828973523565,1093.333408417721,excessive_vibration
2435.7568774944807,3.6746639298036787,92.23331102957331,139.78795728625303,430.2356045831169,64.97708986094398,17.296161499543203,4.0635027811899285,7.745802707065717,62.913062860967955,74.43678255779803,13.064693546539825,2646.818755287011,excessive_vibration
2414.856630288468,3.549327941775926,109.81703068923659,163.37256531446178,451.95877197622224,65.06840026118172,17.73092605225923,4.0131197220631085,6.6007974857280445,66.71969105345184,72.67353880755248,27.848443125077445,1938.2251643604693,excessive_vibration
1968.4704892199745,3.8095009588832913,77.21775592304967,133.97835175310735,402.202176916127,53.486872528683215,16.139516003736066,4.082385886281307,8.520985528494773,47.10532257263473,55.083633242677536,6.6796180935685285,6374.257150973031,excessive_vibration
2409.9000694952556,3.4871260563500788,83.82508491863292,140.21575424220237,433.1914462989324,64.18174855547446,18.47757089470981,4.149381626606847,9.525469902891414,74.17233095936369,71.41835266062884,3.1504535263843643,2173.213759985144,excessive_vibration
2778.734132550162,3.0814673861250785,105.63584749744913,160.92695885307091,467.1951241876617,70.91371888455781,21.0413544490008,3.8983408057401716,9.70130854261271,92.33067827837438,86.79701462467314,12.246797516482122,1891.285998102707,excessive_vibration
1645.9025657774148,4.09977848069008,61.34959446558534,106.43455670498615,374.7893154456339,48.166663421664765,13.954962133346585,4.31411186906438,6.809433591415091,26.355728867241453,41.77742685186887,-3.100143059593616,4943.053320868603,excessive_vibration
2692.7789466235577,3.151576932631983,91.40716738540732,149.41566464709777,444.3481614433136,68.15881963545058,19.95233130502932,3.9157388939162985,9.873258985466999,85.03202019203178,82.02033381947555,1.7233894050125844,3910.6182234408616,excessive_vibration
1887.6098271187923,4.082419136518419,64.3388871105547,104.4993393349168,368.94554320594244,52.202318535402924,13.760264581205739,4.299216536617818,7.304065213953672,26.170966729058186,47.93516987930706,1.0313332702060296,2612.9120988409722,excessive_vibration
2142.9921009068485,3.618972259313005,112.6918187658636,161.16862605986657,434.3725757057772,59.97351728017986,15.844797684578618,4.313908576635871,5.476599704892308,53.13950158006794,59.37643355020932,36.9870875192703,1243.6956086981897,excessive_vibration
2454.1671770693397,3.4590120163233937,96.82514474009972,142.4052129880343,450.74307182261407,68.04692237699994,19.589489803490892,4.040835037037632,8.623710141241709,83.86835494186901,81.62000224896781,7.696741144838783,3084.417539872277,excessive_vibration
1538.2894181026793,3.9396806307602352,92.13213369172051,137.54868499456518,414.8884201964284,45.76020797525364,14.770164151623263,4.147797177270949,8.427866895071785,38.481681605523896,38.90424837246402,23.291928351542296,6178.6513460629485,excessive_vibration
1598.7860117615319,3.9120853953820816,74.05512037531723,117.4634122186132,386.8491576865275,45.1970244569627,13.524384238909462,4.05662190424394,6.521409206113505,27.880638282790034,36.277597920671425,9.827029129769013,4633.208251470097,excessive_vibration
1606.9813229524914,4.185525296239616,65.8372333947093,115.51652643198258,379.9369184091645,45.46116545651617,13.862096235906733,4.297356407536736,5.138455288821898,25.610644694169565,37.970545063371475,3.3842183122949114,6283.251165192177,excessive_vibration
2112.6949511609246,3.495225976632765,84.16969798721428,138.07258712308575,421.0879488908545,57.98215887980716,17.29989563939568,4.031067103120151,7.263626136237654,60.20508422964314,58.64272461570145,6.873119575453224,1900.7590613063098,excessive_vibration
1994.225949603489,3.9982929560170493,64.89506938923644,112.22327883852215,376.47305634155344,51.162097014755794,13.619472771514689,4.397118096026615,8.928688627727443,24.650753015282394,45.58421577983239,2.649468013853846,2666.616372550399,excessive_vibration
2352.3284483529037,3.361310721335204,111.74380666341814,158.3547767750777,450.0824439185827,64.4726331383296,18.1029809117802,3.9009460278139008,8.935441805339044,64.54298931550684,74.09316669301565,31.961502592453048,4302.241916931837,excessive_vibration
2010.3563269338617,3.5238209003720886,107.09120285397415,154.81455809185488,437.3732140267028,56.45543571013056,15.751718563510568,3.9823219250481268,6.285111942359512,48.18099397290484,58.02372794555346,34.84062467335239,3509.479487443431,excessive_vibration
1525.329843843992,3.945647104123909,62.98883415209467,113.7650466688671,383.315018913936,44.08636645554399,15.11625073816542,4.285396236094236,9.020815319235492,41.489021102870055,31.94423395651372,-3.473157381966761,3614.195675414414,excessive_vibration
1570.4229942282027,3.520461399662324,103.64571240816,141.95404350174002,429.1266424621486,47.65974352589747,15.027353099289593,4.176671879685655,5.868468412982103,46.58781008754905,35.63931682250847,33.97681511614135,536.762383682885,excessive_vibration
2557.8103934440996,3.272001505742825,105.01907363393809,160.25724065729742,458.78701932350833,66.36360807534489,19.755742312068854,3.9884147951457187,8.61745198310633,81.49089028880654,79.79371318241874,17.73165389779204,3304.5683700197196,excessive_vibration
2235.6959425474215,3.5020942779447166,105.26594749808008,154.9129802947262,443.8794109444092,59.73819141796044,17.527447683369267,4.064269670258256,6.748995332029271,68.6556900286717,64.14512081347888,22.52633171443389,3542.10302276613,excessive_vibration
2362.9170162591363,3.7085502446112946,84.67605907389483,137.4415492988602,420.59358762208853,62.94956285112275,16.607520108920262,3.997108270066387,9.069394793114263,57.814728021006815,67.22245683659916,7.674801376140586,747.205847087031,excessive_vibration
1795.4290491581487,3.9246994187905275,99.68866755308723,149.91852059861264,419.6190286181547,49.380549549362804,14.38142522023848,4.120833172875526,5.160544056022127,34.37186688940027,45.15184023237536,31.97323599908052,5112.746089968593,excessive_vibration
2215.7361422680856,3.8306337963550035,82.62868836678703,126.33048016145631,421.8856388998732,59.151558922471565,16.32972096277342,4.165304765062063,7.4970658776186525,49.95227119619795,61.17523171439667,8.534684991739244,1392.6689858664272,excessive_vibration
2174.1383022594814,3.7321342825389276,88.12626599584787,147.44124965565035,427.5626514435708,57.99639016167472,16.656892943744825,4.117826038483576,5.134862970813707,58.41146610835152,62.90332834723755,13.557403904196295,5545.502808334059,excessive_vibration
2409.9402212917807,3.4407011942029437,92.65051630293499,145.51960086244426,442.7830295852224,63.799904232711626,18.336546830391956,3.80866841495628,7.443978874748993,71.99036451937906,73.4924644277016,11.607440502090743,2217.394229652798,excessive_vibration
2533.247914160097,3.3848746847008484,85.14893198092324,139.27891821889446,442.28342530733994,66.93360740137823,20.440225100331038,4.016953402677318,7.808405241483808,89.69475254814407,76.40477634862377,-3.555926931942351,431.26402829147975,excessive_vibration
1846.224973349487,4.028323953057297,64.8538946405997,114.98739335040617,389.0679399269335,51.39438375254069,14.783632817568751,4.120317843501787,6.620440142389971,40.27076608425625,46.25677306521603,-2.4519699351886155,3519.986377067639,excessive_vibration
1756.159014532253,3.990400512622888,79.9331104517551,127.05991352010739,391.9124942742675,49.01885197799404,14.74460070308876,4.08062562780716,6.4896398437399405,34.42928974098412,44.52722818539561,11.94761395289709,5593.610476217117,excessive_vibration
2344.7197213562913,3.3804591935545916,102.84405602160507,154.07951396375947,458.2976657909339,62.99171263113511,18.119614719425936,4.0624220452387885,7.683893691925748,70.22915235668974,72.01851534016056,24.373354297816718,5046.359095547613,excessive_vibration
1605.1654968583266,3.956047191844947,86.84148653059839,125.11114603088042,402.48446233325785,45.23528993201704,12.932552102794897,4.453697723315095,6.136726131798367,21.240127803007454,31.016267229267257,27.534148657279427,1266.9761750762204,excessive_vibration
2008.0654146290065,3.5191837170357205,105.63571210459808,152.31622625522448,430.42238300749284,52.334742468568535,16.516934764669102,4.071970627119692,7.088254893979837,55.7120721519455,52.58482203525082,31.08919936947003,5502.543918844031,excessive_vibration
2364.9782463821953,3.473704128745021,103.81264062344061,158.78467664988128,444.2319132179819,63.216712191892846,17.946407106433455,4.060693634247371,5.650496096357088,59.09666827639874,74.37830642879148,26.190835671908218,5948.025239470406,excessive_vibration
1895.060200899307,3.843384306912011,74.62967689982632,127.56896892279937,401.7557114541558,49.55322367434719,15.305276493617777,4.017892191675165,7.00014879574579,47.56387200254443,45.087805035523836,4.721153528335874,4353.605661726938,excessive_vibration
1793.8995851955751,4.0808021892022985,60.45990355181764,108.34705589433548,371.1036624509959,48.34489655673457,13.54993794145425,4.291790955488841,7.780074339648315,27.66791895794353,41.36557028615817,-3.066529571826676,3147.1045009430977,excessive_vibration
1694.3585091564232,3.685522302620264,91.45928973798982,137.38995126951306,410.87960077330064,48.601260948989676,13.718708509191313,4.15782609289268,7.377370443060219,30.161979858824978,36.792903576658276,28.660099400814637,1204.5050837544738,excessive_vibration
2605.7977128466596,3.344988002913989,113.15564178757366,169.52519900565255,462.01674831998224,66.48708118985934,18.691543639314837,4.02262323450751,9.778394119707404,74.59328905473396,78.7418515018713,27.52831406024282,4352.735730876877,excessive_vibration
2593.345284568844,3.3166821392943424,100.60558497785493,155.64390880516297,456.13964671097926,66.8914676934359,18.41373570788564,4.03062344812042,7.4313607872192335,75.27128102862872,75.45879325475879,16.123655931683984,343.1106866970496,excessive_vibration
1613.1432862385207,4.109939222650813,81.27453325020676,124.4613954273718,386.9381591380858,46.386089169396435,13.088653386788327,4.21732555292923,7.9494877014902094,26.114994985786666,33.34566512585871,19.03655219615691,97.77912970509422,excessive_vibration
2284.342257010816,3.571749817217769,103.31411331015114,157.6068975224318,449.1353469641103,63.09166496581108,17.984686215221654,4.133879353252163,8.260487901755646,68.43402412854603,66.52288532528307,22.04417369471347,1016.7698804764342,excessive_vibration
1547.77352542189,4.071190377181328,71.83460402678737,119.16358747112751,379.23930463545076,44.858767222112995,13.098833276700924,4.2287746413478144,7.208715313559863,24.413786674921855,32.76913698753031,9.874086552684084,4286.1044229820745,excessive_vibration
2687.1349842742184,3.3777201143677162,82.67277624317103,139.92768118815437,435.78641689167705,70.48939764612628,19.707432019305156,3.977913772647744,8.761973493314162,80.36468509895892,84.7548107230429,-3.5307441340280903,1766.9712716561096,excessive_vibration
2636.9727880870423,3.2406199323075375,102.67689038668365,159.011217151998,461.79647919362156,71.30153633174281,19.769156091588144,3.8957948661374973,9.075804586074872,82.27847360117366,85.73865993384422,15.363457436132705,695.3307260042943,excessive_vibration
1768.7073336384674,3.7549080526147383,85.50337994388106,130.81894610596078,400.8021191244376,49.68703145451419,14.64672431406344,4.199471868632329,6.679911224980107,39.44797592071591,44.707753827397525,15.219525560488957,5143.211042043434,excessive_vibration
2168.1528561017867,3.7342411915399376,81.46987890119541,125.57036165201951,405.3959555250111,58.405979869448906,16.649081615501707,4.1290510740886415,7.881596220837295,52.59518554088933,57.62212938211758,4.233180856165195,207.32980666855093,excessive_vibration
2261.10013674932,3.3869414127111312,122.0280478708055,178.42778070751075,478.6810386694593,62.65123630038,19.3927654596998,4.005168305564714,8.175673440351375,77.76293474147319,71.82704405420051,37.376508048019936,5641.454033421005,excessive_vibration
1888.4779031666626,3.668792515425459,98.26666097400604,147.01156394445877,432.67781426293357,52.05215841788607,15.921118419575873,4.075622037271979,5.396579763415133,52.94767771429097,51.62519497730976,23.514609566402108,5413.076798217506,excessive_vibration
2049.8695062716047,3.5436346533171377,93.51598857192369,140.55589316876132,417.55197293932764,54.82209300547553,15.841738442547298,4.05603591598369,9.237059535937794,47.21816385151524,54.60424670558518,20.94468071308378,3234.175058016965,excessive_vibration
2304.0509201609552,3.66080676656842,81.53444024902691,133.4078301253183,429.8060997812793,60.72261206230948,18.7080762412695,4.080836334972159,7.533947272042227,74.45850804699077,66.93859639520349,-2.948394077596527,3076.5024765201433,excessive_vibration
1857.9611002869776,3.853827179922486,83.0998782113018,138.5193619316239,417.4599790953992,50.70148447810092,15.46539316788993,4.069035071329834,8.387535167569073,50.183880843623434,45.040522977025,12.931834426065357,3887.6350194819934,excessive_vibration
1640.5956234464352,3.8300897655331716,81.97711276645298,129.8995600630967,398.401660291218,46.135404614706104,15.029036486793405,4.050484577872122,6.182643212780146,42.69679390383627,39.22495156754635,14.434086911549846,6384.780706505947,excessive_vibration
2001.8687750798372,3.6184591882484556,102.64297004980277,152.28118106518062,437.0543052098668,55.985589724188365,17.24711666132345,4.015031577524217,7.641568006768784,64.91330430542193,56.88604063674935,24.778511510610663,4502.905961453648,excessive_vibration
1569.830022100341,3.872131259003603,87.82265221281034,137.20830990476517,398.35740624664334,42.13848241945044,14.054430196643201,4.226877365150842,8.356789229417608,34.42331670513953,30.34193822322391,24.808335480680384,6024.8497454811795,excessive_vibration
1626.7360419760832,3.7358909459014407,90.61417696432343,136.6343728335945,410.32073500171197,44.44514875748227,14.66046445190206,4.077939306707631,7.8562679845531065,41.07921620449915,36.842927535880996,22.85194210574475,6229.488335221893,excessive_vibration
2721.960895835388,2.8349211787640676,126.27966145818341,188.5618920227432,488.54341554125574,69.80778230127743,20.259463325158016,3.7891693091781216,10.155082480498447,91.7706992789664,83.49245833293179,35.53357121243208,1682.1373324435992,excessive_vibration
1506.512301393237,3.887846628642457,90.27418662828605,141.16003117034,404.66866389821416,42.91686279548586,14.570917131332653,4.084232705872953,4.841656372432613,38.96282218197197,33.120656187291445,19.655561476720692,6113.912176972665,excessive_vibration
2718.258186768416,3.173242793607832,122.14227717691998,182.03650664862474,474.71310500028824,69.00440413857231,19.14236933108682,4.0563800712609694,8.583174388647905,79.08887004067815,86.49393155332669,32.399792456191626,6391.948047500063,excessive_vibration
2668.2976192853143,3.1584734415963216,113.82357387216109,165.8780388162224,467.50472498422425,70.35350377772006,19.665583268419397,3.908359374665967,6.724180611024454,82.26865850069608,83.14829283401482,26.691095408579006,50.52014650008335,excessive_vibration
2238.4438673763293,3.4413295636846413,105.6851522835389,151.5618495058103,451.56194124864993,60.3489424641519,17.81973153040499,4.181395179201969,8.715573558526243,67.74092088158515,65.13471028477035,26.537663950719082,2829.6023141657374,excessive_vibration
2399.135986758711,3.204958818148986,120.54822702353397,175.23037132419174,471.15091059577657,60.18601088010791,18.545874143522905,4.000418622016347,7.859370629482665,78.00689984041988,68.45376240521088,37.11399918834797,4455.347906639584,excessive_vibration
1785.9166298510797,3.540553317823517,92.10970521792287,148.12417363784587,425.09615223873806,49.39162433438947,15.10759316579478,4.045524057623433,6.801541899843711,45.956007298998024,44.08276795474805,24.15644280766743,4008.637184501258,excessive_vibration
1751.9450940156546,3.8584950358982244,67.97491804854741,115.29563239597796,397.2264616975838,48.47702326052734,16.476585009500813,3.9944148932347066,5.974850780275139,53.65125423541434,41.55190030177151,-1.9395008690196454,4935.789215200455,excessive_vibration
1919.8755629225702,3.8303316635015356,81.3891920424812,126.3105600182215,403.2485323231144,52.79410112476845,15.666492603001629,4.1263738405716825,6.999747442277933,47.58060115036086,50.83441675056662,9.449463527880127,3685.6762057357664,excessive_vibration
2474.8942194071005,3.2684652010668205,105.7729735212022,155.38418473345052,462.21968449676757,67.28590292254961,18.642142662430423,3.9279204853758336,8.825750033375044,78.5679332080527,79.12442252849485,18.50692230620763,1998.839810644905,excessive_vibration
1942.499830389482,3.713827244941225,73.91600701336026,117.90182461748039,404.35697477748454,51.578002686666636,16.616357273605413,4.2311051929957095,6.736789413275368,49.82824907087805,51.3295991468079,0.17625897662573675,6498.435503804572,excessive_vibration
2082.8211932822696,3.5717471404569183,102.62064086375437,153.84569122360398,432.02622139854867,57.52469233288587,15.409430176986643,4.080986264588624,5.244658420413112,40.81775052954062,60.71325645880857,34.176495500901524,5435.045311882467,excessive_vibration
1563.6983236114863,4.116916307892385,61.50309129189351,105.70869983257211,375.2903624392787,43.75768947120585,13.98424091215719,4.209788626666794,6.8807262380183225,30.042441273256983,32.22358509840272,-1.446558753754455,4827.751395674915,excessive_vibration
2464.010451542448,3.37327415150058,101.03548215910018,150.40791623884826,439.96953470696417,65.38723893824435,17.495557273449965,3.9404490505633114,8.854933757479989,60.38392620562257,73.58130979376212,21.998796778270734,1307.4615144165641,excessive_vibration
2226.779105767389,3.4338417565749637,79.47375760086742,123.23470781230407,424.8906850535731,60.814245641381504,18.58375929683001,4.004769863122053,5.9010284589981,71.06022990092521,64.86081442923883,-3.113865546683294,2232.572321543545,excessive_vibration
2419.424993929014,3.4172085731977124,90.59259429196557,142.98989703538496,447.741648707127,64.906434559119,19.25848466681228,3.8535088630180474,7.3067797212581995,83.41335375065937,72.39429437451037,4.0058508692456565,1190.8197846465864,excessive_vibration
2790.5938965970604,3.2372978162710226,108.52406808500699,161.60760473392554,464.45174679047244,70.42557826728694,20.494841330180883,3.9083783445765303,8.753545893320316,88.19956590480106,87.11481655800553,16.667467242895984,2730.3724567719746,excessive_vibration
2688.495795162562,3.192621357206041,108.09230502756174,159.89573221879533,462.1222261429532,69.3097474344191,19.749781030933743,3.855517872228315,8.636060708392169,87.50038170052534,82.08824094725011,19.61723608992091,1200.2567210646123,excessive_vibration
1805.5685317699676,3.85310885969294,92.30444720828518,138.33998760688857,410.69695000632265,49.42435404004449,14.325209330949017,4.219965432957134,6.126558590623896,30.166248970410127,46.070299121251644,27.023474118585384,4957.394164089856,excessive_vibration
1827.0228620588634,3.7517365420383872,86.25821429879153,130.57536953775895,418.3195805835823,51.07734713819421,15.760467421471626,3.933789439643507,8.605915942651421,48.78990379950873,43.872727556260585,15.230198237064652,1192.5784768346386,excessive_vibration
2509.3603852097863,3.4428988814574897,81.2660761879521,138.89383947566952,441.86000561798795,66.50692649530149,19.141312482870553,3.817631718613289,9.695895352055194,85.36245899105137,76.03275211688704,-3.7591841973332034,204.24618740193156,excessive_vibration
1966.5155681167064,3.415949975435997,109.59714465728912,155.99206080511638,438.13352864196287,55.70100231217643,16.147873148094074,4.14855699185476,7.383372315923941,52.633526715254966,53.646256357252156,37.544225299614794,3786.149595303569,excessive_vibration
2105.948911938575,3.38832991320918,111.16845269221052,163.74951145769052,452.63200258583385,55.84715275856946,17.718029718768676,3.9517809266851085,7.081899172205885,63.010960184301226,60.134731395265604,32.52904764138405,6411.8179168868055,excessive_vibration
2226.8884673985726,3.637826593789072,85.1174858910835,146.61277363132868,433.3890447798654,60.80285005704254,18.608364007181738,4.067747393327488,6.9086406667831906,75.8806191220454,67.6060022985269,0.7440017343730803,4782.027172865634,excessive_vibration
1486.486938999225,4.073315732287263,86.29212566392162,134.0261877720331,384.17104013373125,43.391715992145606,13.16503905470979,4.258595367115088,7.94313199408713,18.262487142377854,31.67165482251192,27.500695083578304,3854.1203307463506,excessive_vibration
2600.6025115153207,3.3669167595337215,87.0074723905778,140.07446820524427,444.5348584614584,67.88652737696731,20.19052328280996,4.155114020614793,9.322490144732917,85.71511574910055,82.3615200321063,-3.5930109038271603,3578.819311755631,excessive_vibration
2553.0670992360483,3.5706322803257367,85.29004478922272,141.99396590364975,433.30485489770854,66.30054964875467,18.886643356358356,4.027083989567328,9.506317603458317,73.76075412643026,78.50469113533,2.7953177633295345,4502.03117278182,excessive_vibration
2662.7341784826385,3.426331486851643,111.64610112716069,166.12692501353118,465.3400065371074,69.62458697813668,18.66467609728,3.9635028036949547,6.085552591657374,70.02105381235096,83.85493384114537,26.173160608698236,3195.3383185239973,excessive_vibration
1844.7399811514981,3.834823802755885,101.97769410375695,153.55638461684615,443.08043416045183,50.470995022460386,16.63223046846442,4.10067677649285,7.135154619038526,60.79102531195391,46.835081253166905,26.87629917296207,4013.35651290203,excessive_vibration
2535.003108030194,3.55775496495395,82.88323124499976,146.297366893993,443.5361404092941,66.65173883182423,19.940676253995473,3.9869232296316564,7.092726008881016,81.23963488100033,79.75663007699633,-1.023218317100625,3954.3378646146975,excessive_vibration
2346.637325957828,3.472218314493339,111.08621771957863,164.38481380633445,458.7512907168782,63.988793550325035,19.212769681510146,4.042140501959676,8.804369569358721,73.78324699036031,73.78202205343362,27.775869080646984,3956.5874133477273,excessive_vibration
2045.1047359956067,3.6040092144598,113.18851397884553,164.70322521402676,453.0998249799888,55.99453014512871,17.591139613905725,3.9680361057149103,6.347653740766466,66.30281860470565,55.908293770790124,33.62528183390492,3108.6205096587637,excessive_vibration
2494.905865923739,3.6443752590799066,85.85306963330066,139.54917284476826,419.9691246655263,65.53063102390713,17.777846847971404,4.058282450651088,6.378143415569593,62.1894184573101,74.31263269809763,7.842682109203758,1920.4645481252278,excessive_vibration
2355.961346127096,3.413008556725737,116.5198006506469,163.6437680277917,460.6249317691347,65.22557759846731,17.787361218353904,4.0320602826257685,7.432553201349,65.9549732705281,68.82383591196103,36.13716475720906,265.98445479827114,excessive_vibration
2635.0650669486713,3.5821717963249817,88.39195206041603,141.11165111231395,443.06203982212367,69.45569914061898,19.67586460457738,3.9776416228222913,7.906627493045873,86.08931450991041,82.86273883844568,-2.4144253004302416,2040.583342126643,excessive_vibration
1928.2419496584625,3.5072192905323187,104.1108541413572,160.3090437755103,443.07047549932275,54.75502798152729,16.609364955860105,4.113050565776475,5.224696961881977,54.10258114131418,53.70808400561352,31.978568597585998,3800.021875403621,excessive_vibration
1720.0325380690315,4.224013888477435,66.78515516094963,106.37626294171199,367.5953832223979,49.71760597416569,12.849601936319283,4.113222910852738,7.531361693719759,19.863993635231466,39.19362899957342,4.726868658740969,11.414752779383196,excessive_vibration
2325.319381217028,3.739788023130276,91.77697087282905,143.4716388169001,431.78484758497746,59.07673256630494,17.34206009113398,3.9985103568547435,9.029111149160727,58.78262650334156,64.98017602808973,13.351067803109528,4233.487625715016,excessive_vibration
1801.8607996010512,3.7733177482775493,91.48466563011198,146.96134801672096,410.972201371372,49.0598919509719,15.71780225448598,4.071100749587685,9.683587306508791,48.098042408084154,44.388106978751296,21.814566020248492,4706.1417935542995,excessive_vibration
1956.0261070384404,3.449603582843851,97.84050037300578,151.24380396596007,445.0405257807079,53.184168707239934,17.11639553764908,4.307493762754472,9.509903847014266,63.295217028651365,54.75969774529733,20.134369686260005,5365.792132435693,excessive_vibration
1527.6709490193293,3.9773358181501526,79.26208904898795,119.3744784382332,392.8063128529528,42.355520329044154,13.874723539711473,4.051437286468793,8.05462192574103,33.926094775224485,31.025821086933284,11.238460269688737,4036.5435437719407,excessive_vibration
2377.045856379004,3.4722494810249174,95.70620273635008,144.84348696772028,443.1224207489659,68.13421323666277,18.003859535551598,4.100351412531758,8.453440912142913,64.32517772833138,78.71788404761678,12.398712860723704,1869.9513030860292,excessive_vibration
2587.438092229529,3.3040986627455986,94.58675812441743,153.354160608876,449.9176524987643,68.66438493153623,19.175961859800452,3.937590287646695,5.862311802170425,82.75804853530731,78.81637438531081,10.736776069850528,1456.7150157886394,excessive_vibration
2647.1742444411816,3.409022047180177,103.70953570881669,156.72386922893668,455.22986927574465,70.13535125383989,19.89978142175398,4.089968025555006,7.037886769597389,79.73655533886752,84.41863689205928,15.722712404405558,2590.584269135152,excessive_vibration
2561.298769164415,3.758089654072446,78.80974520437563,135.17763078985956,409.70077067331573,64.07273750079234,17.56087229405107,4.1175666506232265,9.230602268136042,61.04968859798553,74.57519102741773,0.272113585899711,5030.8987221169955,excessive_vibration
1493.2071626853121,3.7792271028335565,95.16843267925937,139.4008345106887,410.354960284243,42.78955012827302,13.415351421162603,4.285340893079864,4.685984426063692,26.070180060772522,33.180300154914924,32.944650531235965,6143.136672703953,excessive_vibration
1895.0844337684591,4.135284308467458,74.36141925488357,127.54162023636462,397.19988874388105,52.004527650996955,14.679105428491818,4.170230619637808,7.30797228156073,37.073244094990244,50.73728759923321,7.7741540752692195,5512.008970571736,excessive_vibration
2354.778918378265,3.4854141141447332,100.20384333154746,150.94910635142247,452.56977121701544,64.33770711229849,17.227130625544092,4.207846815724141,8.815815878852094,65.37061786719451,68.98263234368973,19.450895320630536,806.7218859475142,excessive_vibration
2004.5283327218774,3.6334707945519273,96.20456710465746,149.40026016746012,420.65279559989244,53.870522763916284,15.490707830656287,3.9654553114871156,5.324406878094004,49.12749590614177,48.61810945157382,25.405518087012677,306.88997641128867,excessive_vibration
2444.5726309924935,3.4415873625630655,88.68322643010157,138.41841810796583,429.72111013822825,65.6226606731856,18.302312763295667,3.8504022799044044,8.279823256577815,71.090492012317,73.66119234953791,6.674497184938825,1610.932142153969,excessive_vibration
1582.3181779310712,3.785904355014972,86.73497375402549,139.4271708348527,414.5826066516237,45.39415655412764,15.51954442885955,4.083641143421003,7.169129550836524,44.87556328765358,38.04742556629457,17.628508822695313,5956.794996365635,excessive_vibration
2542.664207754109,3.605628979933947,110.21281810249491,173.4319345963148,467.7463459716363,67.52344584181935,19.596920406444564,3.9391431579134037,5.917015557236569,81.58186991026061,82.86945314527256,24.034029006509027,5363.173547766913,excessive_vibration
1811.5252217461089,3.7733325461062175,75.08037521608084,111.2119995976752,387.2420773664574,49.99038433399038,13.5578785933309,4.105244976359421,5.051063748671295,30.600036090891415,40.659800818000974,9.524920108521172,633.5779871560369,excessive_vibration
1602.1579475199785,4.028767508032172,82.34380213939731,124.62824051630173,390.3638207596023,44.99906188410159,13.966993579913765,4.327308032703539,5.701070900130539,34.57686449624706,34.13195689310337,17.412235956662748,3523.513748518503,excessive_vibration
2305.5248351838572,3.6225444958480857,85.03332493720004,139.33623158428685,424.23795786748957,62.813829062353996,16.95498834184783,4.107378094835698,9.675677139846732,57.68710623887042,68.97290457249736,9.99459162145773,1834.4691083094824,excessive_vibration
1733.5394491221493,3.7461883553640036,71.57611978376909,125.553736844171,393.2085333609588,49.872685053985336,15.8937572001112,3.9585155646013135,6.008027457047971,50.98283674812204,45.11126828810874,0.09930644932144905,4830.330441151628,excessive_vibration
1726.0508551743642,4.007567199246931,93.3495066356442,131.31152611083616,403.1390233006439,46.07687317154759,13.36353645994051,4.2188908612185,8.329202951931514,27.022193635075723,30.84789544276411,29.514203548440097,320.25902536685487,excessive_vibration
2429.2469024888564,3.415702356421936,92.19602518935807,147.95978104951703,451.76163214670987,65.12463109525409,19.68152839952738,3.973144213134255,6.476724037989279,85.26237909987681,71.52834205774266,6.245625640253533,1243.3014475982854,excessive_vibration
1500.0850752087044,3.8316183852570753,85.15367042359722,126.74468486499913,398.2624011508502,44.32077945898772,13.908874667269052,4.082279528742484,8.013918135053054,32.79550295655087,30.229242736009105,23.469971998626562,2619.370683703846,excessive_vibration
2349.4212575585384,3.4041881993157475,80.61307736320923,134.8722850949045,425.29909559656323,63.74424325217071,17.782520790099063,4.16299512841587,9.167687226602261,64.92435459740506,71.03137323161347,2.817005891454248,1094.3989341778156,excessive_vibration
1595.9067832627766,3.5798637693964928,85.76029236980791,125.40021649470393,407.2011186708522,45.904616622666786,15.605687715390118,4.146331026080149,6.253428703317333,50.980946882150825,36.147958181000035,15.57165390029186,5553.856586739624,excessive_vibration
1705.744287691579,3.886061242653228,65.78977383459109,111.99794619545555,388.41433846213954,47.69733611342066,15.156457202695664,4.013903113696207,5.314158484350328,43.68995867450423,38.24114319884834,-3.8521968172529784,1937.053537593316,excessive_vibration
1885.930632659801,3.6050480873939654,99.58744308065663,145.77486292304553,422.45551012853895,54.16491754973321,14.63767818842818,4.049427220682504,7.09599505728154,36.078421496296414,50.89835834578583,32.3843778767387,2770.4960557052723,excessive_vibration
2658.7107876128657,3.102191829133818,112.51038273006328,168.64319157165204,463.85856316350896,69.79648473527524,18.720941656032988,3.892404444333665,6.682285296847508,69.7160744459669,82.78312140847565,28.27672332515101,2671.191867863059,excessive_vibration
2617.756440928062,3.5024723408658107,105.9866332154423,158.39290194529374,460.89647231871254,67.41374216934128,19.223106190549725,4.009405368924642,6.877420299792446,74.93149871519084,82.28979508293413,20.313419147723195,4607.787276675435,excessive_vibration
2055.0334003689677,3.4736542376650585,106.4874824637541,156.0920477627831,438.6659443641581,55.605330527841645,16.85581382799747,4.001751920446965,8.376485827859785,56.723393794298545,55.36356867370673,30.697305346937988,2536.930225075017,excessive_vibration
2227.632036699379,3.7890747250654573,97.28451173398102,151.25576908815967,431.07406460922294,58.196740494254946,16.072211559577042,4.146831609948696,5.405045032964507,50.725660573558784,63.057850203337544,24.898875631247634,4903.325079036503,excessive_vibration
1810.1999111315895,3.9729941232848156,93.21503319243091,142.1233946062778,401.832331548947,48.190186293957424,14.48591272687925,4.104765255527578,8.414811222970073,36.59870213433252,40.87762833445752,26.61426375053165,3204.8652236837643,excessive_vibration
1589.9187670043304,4.124226016511482,69.64077413792917,114.89280810081601,388.59964524413476,44.66297877548596,12.842619897900757,4.056281566937494,5.58164860076449,25.161429467421993,31.076940984360746,11.21079020873039,1508.6653681368011,excessive_vibration
2173.904550021832,3.362780836477798,90.16133550614376,139.47235455661277,430.4847892434483,56.79086782981151,18.288024418368554,3.961934822463528,5.3519373624318405,70.4050052198658,58.61769898192043,9.973426638336791,2944.9076178419077,excessive_vibration
1770.899755299048,4.052858216646279,66.94146285511025,109.20928685921959,372.2447788051332,49.60763810966041,14.082415126224259,4.1430499932975735,5.964533069708427,25.437125542837034,44.461806266008296,3.9473058948483946,3711.488366425108,excessive_vibration
2092.468340017906,3.5039280548291436,106.74560085208583,154.96258462346213,444.70844242979354,56.193720934254756,16.836484332568983,4.165910758362348,5.990455858480457,58.30600785168475,54.87972812656389,30.05740641181889,1361.4961778450563,excessive_vibration
1630.2392593458105,4.063795303516821,71.17587864665555,111.82988299349336,381.8971096284508,41.8399709189553,14.233141583016282,4.201029245599093,8.505594602632351,29.65107366640571,32.725404779356595,6.950397695535193,6302.543828766472,excessive_vibration
2052.8492892931426,3.607622469294741,102.63513372960729,144.59468652085357,410.634678999687,55.11633570599861,15.620952094927485,4.202827912423244,7.829581242005308,41.187523442529496,52.767640500651744,29.886703669283506,1571.6922885229105,excessive_vibration
2325.3629673335845,3.5286891156746005,87.92246160676763,144.2582727976926,428.84215658179517,61.53159328366381,18.076048294997324,4.086654638243776,5.4305241156844275,63.193038787286895,67.66348359222316,9.395840424725792,3037.131788349441,excessive_vibration
1701.1667401716218,3.810016806860497,90.2513875381189,133.44531347520592,396.13591870815486,48.34196488522932,14.64068200671652,4.131779103264898,5.3181194886139105,42.169580437356636,37.80019116534994,20.074297965724746,1873.597682145481,excessive_vibration
2832.632443475914,3.0937094594979078,100.54698984755139,165.54627596768012,477.2594021289574,72.27212136581333,21.03878132847803,3.9332711877830397,9.094564075476224,98.0,86.69071528920128,8.600488817713462,412.91937580313447,excessive_vibration
2425.28326002735,3.180004972053294,112.18549582916445,172.1983452160803,471.98924728532046,68.3147612686503,20.256117532088552,3.962916113007538,9.408441421752858,89.95185327185057,83.36640585218633,24.84220397985663,5178.223291321274,excessive_vibration
2290.9504421176166,3.5316195662035863,80.02664215158012,127.77416412189726,412.7600568843783,61.55967172720702,17.431376038082185,3.9215366918791235,8.806341761923333,61.23335643277734,64.25637975468301,3.8375294755685765,27.985893248914152,excessive_vibration
1778.4661650969213,3.759377841244303,96.42395403858316,143.20979571019984,415.6781431018182,48.72380207454269,14.449652934231606,4.35633183740496,5.10722534231687,40.28556093246506,41.20078917854941,28.836601698206717,3838.0578031286313,excessive_vibration
1634.9795409185604,3.97125750140413,88.85380561481082,128.7369121643999,381.28066335123475,44.56983623038875,11.99176939340006,4.13406101141257,5.330369901812711,15.0,30.015799108591327,31.19403246993378,1297.369211146598,excessive_vibration
1533.9431351083256,4.077738910597481,79.50760266369612,118.76316024222325,389.94252794944475,44.296443606105626,12.330487770268181,4.091126913062935,4.772333621697705,16.955215434721662,35.24004515276483,22.975990928859915,4221.08602483799,excessive_vibration
2525.37669866934,3.5340644827153582,109.5390824681283,162.40945513310646,463.383308486787,67.92273819758472,19.075656544034203,3.975144110787472,7.373512877623561,74.50289645745714,81.39242008062493,24.391788388504782,3316.9681871656826,excessive_vibration
1679.720645612564,4.301196209837413,57.45513637601273,99.15688583745911,363.71812195991834,47.21524161311267,12.888336348175192,4.357484414938634,5.839060736042489,25.01389027576441,34.44047463374861,-3.6707057366442637,306.97423606603445,excessive_vibration
2296.741599755879,3.578852075534804,92.31259861720136,141.96479586752722,429.7132140207715,62.62840671579271,17.960506711671584,4.018604443419541,8.981735559940105,65.4013848982481,65.17782304096735,14.063427276860788,751.9247932996067,excessive_vibration
2482.9501392631464,3.5039421782484004,88.89237869803412,143.1829937955526,438.8916830195776,64.24223887810152,18.38370590619151,3.886082686012594,9.172253111582805,73.08496951108359,70.35853642684097,8.261591669755534,1278.5129191824756,excessive_vibration
2006.8032390871563,3.749069992154783,98.70642943864588,138.07026989523882,428.1978799438625,53.86824667453707,15.016179262919945,4.045629951276688,8.477953561090988,45.48451212547763,48.07181024527893,25.607332371915927,399.10194685400154,excessive_vibration
1652.9846298508417,3.957883026151883,90.8349338470749,142.41643141819384,413.0635019769417,45.53641185182644,14.96095605294093,4.187535615284336,6.231924871723663,50.36539895366472,35.76696202081598,20.536098722794282,3918.7944119843946,excessive_vibration
2606.845998957585,3.110857204745954,120.92444698932324,172.70176907679937,475.49778557780115,68.6306269230169,18.676037404019258,4.048288593658453,8.324607607761722,80.87795700669724,79.09833975367695,34.88254762579245,1070.0178825527812,excessive_vibration
1716.3470485503021,3.6706363923978804,97.67491484582266,144.19212853832528,406.9460829426852,47.835607210975915,14.004717190977338,4.01612945994379,8.522691148144528,32.50569049032516,37.924192995583695,33.986719660238045,3476.4893296895307,excessive_vibration
2709.680069174303,3.1215530084276653,124.15668904255,170.66135578197543,477.2868523282985,70.6289801459351,19.533644756257406,4.114085596494231,7.153756987175589,80.74281402075215,84.09737571451983,35.22978675636806,1461.0403037944332,excessive_vibration
2051.7686242069694,3.683772557484833,106.07465870182479,160.73555589673362,449.1242188364378,54.08386182431946,17.05772515922754,4.000397812590328,9.507057262512955,62.07843134193289,54.95056881464741,29.771961716667494,5359.241636059807,excessive_vibration
2606.843797817954,3.4505959631794725,105.29545641844079,166.55756375296693,465.02313077024695,70.03854745095657,20.75814957591914,3.8404369618256045,7.419319224740365,93.51287934332481,86.71603803291225,15.338815484215397,3804.1701436479375,excessive_vibration
2155.2430848807376,3.7069417671551546,70.12552528778203,120.9639970305865,412.4186457415825,57.189766052169375,16.607801840892925,4.0408865925767286,8.581072702844946,52.19216149316633,59.6095644922165,-3.7412817193800687,3588.7995539088233,excessive_vibration
1979.3870881969538,3.8389483947956813,82.50609722463788,123.57812457480586,383.30389281365865,51.802332087785956,14.320776438469393,4.191849406804175,7.159282257669044,29.988829989908133,47.39464955070982,16.418753967305566,3064.7572037292707,excessive_vibration
1832.1615911725326,3.826672940792708,77.05453565205079,125.65053363937615,395.46236233080805,52.57897384334077,14.671059814896926,4.281748426246497,7.431147135502853,43.34784083935,47.71923613976636,6.626204866650506,3203.7546677694,excessive_vibration
2422.7274091656463,3.380017820120779,106.59293324258697,162.78286938629412,457.3442028670776,66.23633166091943,19.36250914225134,3.9214464108088922,9.384742422462601,74.80281728641017,78.76717310775089,23.39185678184216,4119.273605746996,excessive_vibration
2329.218493849968,3.1189950029166775,116.24665724236895,161.22411991110005,464.52477088366123,63.22541367765121,19.658054524065257,4.083385294647378,6.010679642578614,89.49710643487697,70.28355430391167,26.097717778972356,2256.308424481497,excessive_vibration
2079.062643563221,3.772552855479762,82.52103140099935,127.54272214417952,408.7832506720916,56.535924589889525,15.47248313020318,4.057013538705525,6.878686773269692,45.51254638264017,55.91205939562836,8.72213681605004,1187.204696299494,excessive_vibration
1797.0242420822067,3.7739804306761613,71.30615259812319,115.89741438649605,392.6449258527967,50.62970311718098,15.821694917830355,4.211446543618878,5.151973236908052,51.13182922345267,43.67441644178692,-2.3575801317583016,3193.12328580185,excessive_vibration
1906.9314754166721,3.7981431349935133,75.0420306185243,122.74642591721414,417.0235783227829,54.31252099547132,17.33070911376198,4.163563052045201,8.52294627973264,63.64689143501089,53.953482640111744,-3.2612251602106133,4004.9820222773274,excessive_vibration
2313.813870267179,3.4157395507831363,101.72067958189977,154.20621258619556,438.61383729784694,59.631950371625805,17.639991578551996,4.029621849915978,9.156014961457938,64.74433626792313,64.72330016355417,22.218225414630034,3299.9084432048426,excessive_vibration
1740.2273870417187,3.8900263799082673,77.00967947699803,123.30108459307276,400.0842776390097,47.27636391994646,15.191093315342595,4.013580780894707,6.672542769182667,51.52302315566786,37.527914177058534,6.556203435402688,2871.1121015718877,excessive_vibration
1518.6805507767622,4.172514534931299,64.71582407282105,107.11456184998515,372.61559300235353,43.634255850756986,12.992660978788695,4.15173577979364,8.343048418558546,22.897503585733638,30.123021437972394,2.339682973333904,1909.1836711086446,excessive_vibration
2099.6049278930527,3.5744849978336544,81.8450601725192,130.51731105124256,427.93035845381456,55.38309198911808,18.09321750878806,4.042422390631042,8.340260134938038,71.73836095900444,53.170234967212416,2.6721970165257893,690.6503970503765,excessive_vibration
2370.9849320225712,3.49199924508192,106.01002880730084,150.4318877535443,442.0665615188251,62.507130696877766,17.927109247454208,4.014271530802791,8.294910748980456,62.72660853090193,72.47629155140942,23.000371143748712,5858.077787945365,excessive_vibration
2481.5142177018674,3.1637931036800233,94.57609426954261,145.3483347035259,442.8218797862268,65.1400704245269,19.558251254663904,3.8547870673387528,8.180050828287374,84.47808261349034,73.99742451271436,6.304681024090474,1992.528966962844,excessive_vibration
2306.483170705714,3.2770854948256,115.14009569712587,162.1788681858903,450.5989648272553,62.19284955111174,17.469846949024536,4.0927431308678806,5.766155533469686,65.22677226769649,66.83161622051317,32.13774185189047,2141.3084323604767,excessive_vibration
2354.102510561785,3.26877336608042,115.69083098358513,169.79600940057497,479.49357108290457,64.81244161376793,19.811313957892665,3.899363710581789,9.824216575427762,89.97658977223473,71.27965359925406,27.349966062533824,1973.922445927403,excessive_vibration
2630.945534198188,3.1402447848216495,103.21642374856584,164.94108409877538,465.91569983575647,68.74556826018592,20.451727138000585,3.864758174118547,9.255892595937482,94.22260374590881,87.07317156200143,9.897826398469045,5665.74460184951,excessive_vibration
1713.0639399219788,3.9010809439037493,75.57601229758687,118.25576025259339,397.0975448150998,48.20013046053522,14.975031184829563,4.049826315395558,6.922434927006457,42.65979756917652,39.236878873843324,7.129427088331562,2813.301808272818,excessive_vibration
1990.0733454629503,3.889085769487208,89.92842956208122,137.4635635866224,416.1797001144015,55.498667100750914,16.284457190532837,4.1715149679548205,7.67055160789012,53.26634520351349,51.5698971073401,14.536648476095234,1116.91937267948,excessive_vibration
1930.7883109853829,3.6818382289395397,108.99972016155726,158.97481835051389,442.9434990005637,55.39100295900548,16.665032640516774,4.141206247165441,7.745960261949549,51.45486485505688,56.20338790967941,35.78641894331258,4329.102602505608,excessive_vibration
1870.2547207875882,3.6915392813542915,87.54641651796818,133.02075522422942,411.19649314046245,52.39211564911224,15.336119854913969,4.053815143525103,7.879134633601544,44.42690053027084,47.90059040758383,17.059641567053585,2296.862809790184,excessive_vibration
1483.5372191063186,4.036927468984489,65.00301912582567,114.83212845039344,374.71538244136167,43.099230265310226,13.990753758537132,4.259444507541664,5.696808073497873,34.846875364699365,32.303326797767134,1.3646865691149273,4921.634176070841,excessive_vibration
1633.1601648654796,3.9829347536614894,85.91867457553592,132.47446781320065,393.9653546475551,46.98763040144657,13.805939183530246,4.232546346169052,8.181972112865449,32.252801052405324,34.804137371191786,21.117912712489336,1222.3951745840498,excessive_vibration
2672.827346207218,3.2397698644556283,97.23374854083036,151.88402179125882,468.31093943009023,69.41794558862091,20.149642384573962,4.075664541440656,6.546490360991944,90.42413182267718,83.07888859220131,7.493026621766324,2491.146850678404,excessive_vibration
2623.9046574039976,3.438483510757618,92.66526711403746,141.67111822339868,435.58598542716277,67.65071154219687,18.43970641468149,4.013366077032046,9.429293864416787,68.47165956841589,79.08962765762647,7.000814574039858,2138.2699860873413,excessive_vibration
1982.5485903150425,3.8648424123307774,69.6554206569703,114.27340658356233,401.09815210954133,55.37995485344835,16.009778187372156,4.223057966973767,7.962081825488502,49.96200777718139,55.956438261134195,-3.682039568964648,3310.4767092304564,excessive_vibration
2631.3150520865324,3.194732804965648,105.32905773294651,170.9174103968982,474.310749721935,67.41224245537373,20.73120114977917,3.8095347255228442,8.299280901782545,97.23835247725283,82.74874308100546,16.078729444528857,5668.00642551068,excessive_vibration
1865.5234646368906,3.904430850345944,70.6088852632881,114.80040739507288,396.9703636299529,50.14676000430815,14.447621359418443,4.195405908029434,8.308411246692932,39.74059057691677,46.67361866596962,2.5652900428357235,4242.450057788696,excessive_vibration
2389.092519755069,3.5624338845626085,105.18122581695731,147.33782903199958,443.81129866103254,62.77169019966613,18.27137775588904,4.152088532060707,8.134017472004508,67.86959422910671,67.32608491280118,22.82779780892895,1245.38914418523,excessive_vibration
2783.556048574327,3.2971593866341227,114.29136359433477,168.73058834547797,477.71280877769664,72.24704371101677,20.862030633278348,4.126451286718591,6.834387294077665,89.51626791201453,86.3455057055984,23.23508361593487,634.7358041812237,excessive_vibration
1977.738796372525,3.8407815841483286,81.1204997641999,123.06219815189584,406.17789797754773,55.42100359476548,16.480576860319278,4.058404170654029,6.371383611265674,50.637847936883134,51.52175164652538,7.673068257283344,16.564760753432772,excessive_vibration
1542.2309450841117,3.9458079945235194,91.8842858340396,134.78561053329807,405.43752214842476,48.370666062856685,13.975217745350475,4.109796886864056,8.264082147537632,36.64219218280137,35.485757941944144,24.624684155639375,244.80521808021837,excessive_vibration
1530.3066259213645,3.697158426260882,101.47209588182066,138.8679210151229,418.11122857943326,44.683001656754634,13.901175104423691,4.285569398308631,6.470241494529944,32.09109904366948,30.544894255347998,36.36052528156999,1433.0560920342,excessive_vibration
2491.3323542632943,3.657328515437916,91.2194729192576,142.88744256964583,439.08169557987827,66.89271672926027,17.615795805375445,4.050321170807589,6.052609502593355,61.614010236296295,74.19567317639391,12.41827103570793,598.4963323100435,excessive_vibration
2695.364464406281,3.252372107777603,120.74762689782268,183.33437173188847,483.5347341166252,69.10458258349797,21.014738440869362,4.008379305760793,8.522350085142651,95.71160248020868,87.47157283972314,26.51519706148385,5093.698756243904,excessive_vibration
1700.6444434365283,4.0436480491964994,64.67870424187069,115.3120978135783,385.9415846056134,47.161882029058724,14.264695170224922,4.271531882031388,7.803038713324106,36.53882556693301,37.61814105156131,-3.2992204127662514,2632.07317123328,excessive_vibration
2174.852141994938,3.4094557381305792,92.20066810975737,139.49539555115877,434.4556877146332,57.36135187747972,17.34206864803155,4.157147535570875,5.152972833029639,62.00744999244948,64.59444750136164,11.3333146912864,6435.615373243835,excessive_vibration
1680.7261579361605,3.8647883056352077,84.27206077124683,128.3185399959791,394.07549315165704,48.94841007431605,14.14733257438104,4.158188491463806,8.614467621924812,33.514393808614024,43.031087827550586,17.396239749243456,3142.042301011577,excessive_vibration
2301.7994357255866,3.391630841242921,111.1305288447836,159.39096504361905,452.476199020438,60.520853658957975,18.151760454812162,4.160318193397394,6.469697180265609,70.36146155941687,64.70386285803473,31.30205894385405,2051.4831752661835,excessive_vibration
2618.78137937369,3.6014498505390513,90.95199831822396,149.38369681581693,441.31361840447113,66.82472185641775,17.86063130515323,4.019301153637738,8.914057901683373,68.36451591537298,77.57536154911885,8.485503506198704,3324.734698983172,excessive_vibration
2027.6462773724,3.84747796181521,80.37945289126935,130.42112972294132,411.2510330812785,54.54150736661404,16.084452018423626,3.976709750681677,8.568781545171605,53.888296459099365,55.7328771129064,9.149046586906435,4954.863476589761,excessive_vibration
1815.6260358954182,3.590480543196572,86.49360782854004,133.9464950205347,419.8703577028465,51.56852075484161,16.469373841115523,3.988344843510076,5.1604899523601775,59.572443136969184,43.255243516122846,9.984956013965721,1338.825632727783,excessive_vibration
2422.695028164843,3.5485650812688805,87.23976395196213,142.767553258474,440.660870994296,59.33133132984454,18.694883701809058,4.052132174050901,8.905685443508666,72.94589664514675,66.27200132853058,4.097439563635887,5170.234683972889,excessive_vibration
2539.6174431297177,3.4249289976360826,90.77403479356096,144.46073065053022,449.24211962334556,66.52346626792541,19.495918431133152,3.876011569731426,8.584176084282689,80.2777118494468,81.68430708080523,2.0139715857445926,5205.894592689578,excessive_vibration
1867.099312835161,3.8425609142550026,70.80565114604045,115.54901227123507,397.0658218706415,52.49401684664577,15.254527182474352,4.133682183045736,7.90573412135244,47.036183583371596,45.799687829400945,1.5977604096469844,740.7863769419779,excessive_vibration
1746.1557463022896,3.896980096896234,93.70570131804395,141.6256451005375,404.39989036240604,49.38338689061564,13.22189398608726,4.108456194496969,5.601275243402975,20.16469533260463,39.33819832752398,31.326017734722846,1268.594378058443,excessive_vibration
1680.6573889267863,3.7551211286532986,98.36548893241691,142.2361433034667,410.5358134419188,48.41183585594071,13.86566721947473,4.123898821351843,6.057306972608567,32.43235557214523,38.104383501100436,34.734472116320205,2548.7124788674514,excessive_vibration
2639.03866303371,3.285119065663801,91.22922684974962,147.90334491318023,447.4282636193639,69.60952142979096,19.614153797074582,4.044965757912417,5.784765579452874,82.92768583110936,86.10001036577044,2.300745240715374,5314.402932371298,excessive_vibration
2386.532230428291,3.158831058084521,115.30474156502693,168.58913705124795,458.7573932327832,63.97385954909047,17.822198235142825,3.866053510622825,5.4681260586925395,65.12941891723715,70.23511657521772,35.342429688384556,1363.0644408806702,excessive_vibration
1637.7732051063988,3.933224430659937,71.91928276610479,104.37472396133198,389.9443272867467,45.83507846655254,13.957412169823412,4.15608554866294,8.708704163148896,31.25833508023524,34.4316531092589,6.89248926649541,2230.91984516162,excessive_vibration
2009.542183418342,3.7404294762295276,76.90119296659344,123.91966520284983,414.85887759813806,55.524667373140126,16.1137000080974,4.125102891659026,8.997734560546364,49.914998714287115,50.91777642864019,4.363058011360884,847.2958700403358,excessive_vibration
2550.1371631758016,3.374111199123245,96.80690989280534,155.07392126544647,454.8469353619377,66.0459850867041,19.52690060094482,4.083307197164241,9.58593854565281,81.1708260298385,81.1644942561141,11.42226368270788,6263.874780412969,excessive_vibration
1714.6019320301966,3.769749677143955,83.46306348127868,129.17500865622245,398.8681294075238,47.98810646486813,14.79077895865625,4.262283386933445,6.293227585250026,39.31018019286206,42.33154553103966,15.964931680083202,4978.194376485978,excessive_vibration
1940.196520060541,3.672565888290531,69.99840423245189,127.57334169768552,395.07624106920355,54.795132832040295,16.251651944238244,4.307395673377024,6.759694169608673,52.85100051498369,55.14650774118245,-3.2260515049686593,5261.917539297612,excessive_vibration
1975.5264923103312,3.6516732962130454,104.40915598601168,156.62802069824227,435.25570683200107,54.70488449606823,15.843484727887098,4.2222775620123425,8.267638535978993,42.465859163819246,56.737150863371106,35.546633830836136,6044.334842989298,excessive_vibration
1905.738551645313,3.7904088882569718,84.73300383043001,134.3031843003276,406.20593448784473,54.70389518166747,15.239256895260397,4.208015913419524,7.481734203135379,45.18007630281379,51.523219998609015,12.417700598625839,1162.6037448759087,excessive_vibration
2657.165226355894,2.9971778538035676,118.83477844183227,178.5200303012393,469.2781494112166,68.88767127693369,19.74628982470689,4.083261960885745,6.840337506246487,86.3427323186621,84.00491112931851,25.436990112025175,3066.0903190923714,excessive_vibration
2567.9052845324154,3.3379059065146657,104.26190462211936,158.50498406953452,449.7346057199823,66.43028469973672,17.688810223622582,4.014795681272173,6.801570274327368,66.54107130469858,75.21276624793548,24.797917806938482,1923.3949959634813,excessive_vibration
2700.730812161071,3.084099296598578,121.37768019752954,172.37787739717191,473.29018609300294,68.99381761954034,19.63227978304148,3.9287053155306335,8.479151910310737,84.79056262833075,81.67499074411145,33.70272349845299,1513.7957949195702,excessive_vibration
2469.6736459333883,3.013546368826449,114.86334758368055,172.382287716634,469.07164072775,64.4231387768735,19.21515380499423,4.095138210459119,7.304030918663909,84.1607404589328,75.9069871849977,28.12955074746487,5746.886989583274,excessive_vibration
2084.6263869435215,3.723103850266509,97.97652541712499,140.23214015560552,422.1695850599361,58.51413381010835,16.021692573534537,3.9517819056969197,5.567743474389223,52.959391853052075,56.37615291704138,22.56034129740282,388.4555530542722,excessive_vibration
2124.114905423112,3.7343515697652583,82.60352241943905,120.45582206070098,416.9369421465483,56.622628579096244,15.760195929045942,4.217857120527779,6.805572526504109,51.79478602117566,54.27693743030076,6.0344859831203905,223.90051494880214,excessive_vibration
1707.5108761363863,3.929892971289411,68.98379782039149,115.52604809540951,397.1849105347585,46.92970810758108,15.476280432433398,4.205756573953143,5.035755787327962,45.60219581948745,37.96916420706411,-1.848859947276773,4034.5523055753174,excessive_vibration
1541.7913642352728,3.8312727311633283,86.51209072915411,134.00915155774405,401.25122737604454,43.50076465745779,15.039220878579028,4.146353912102177,5.864093185215853,45.57879998265859,33.96458686511218,15.198721589268413,6304.994400508675,excessive_vibration
2259.1127309196686,3.577504903505589,87.95849146078142,143.80017792846365,437.9804163325907,57.953153001974165,17.819142582758865,4.126046480461838,7.081930952106477,69.82527360638082,63.56227387057274,5.639403976945292,5480.142517001707,excessive_vibration
1848.1861158118747,3.920203416339498,76.05298023083782,119.84289754098198,387.2901747081544,49.78345635322827,13.649810782781321,4.220727585324711,5.361794368639002,27.381766586496532,42.52972934317405,12.48256946699602,1609.4299444085948,excessive_vibration
1706.9482943536348,3.6518827669468044,106.79591609665874,150.3079708847187,431.6003935854526,44.37334742256912,14.569665446372243,4.175124748244829,6.4503352252290025,41.82022410489143,34.29354353701246,37.20078826312388,3623.521716011484,excessive_vibration
1562.9036720834374,3.978993551452841,87.08573610259829,132.99845496239288,391.1915837210199,41.859761568225494,13.694578555058136,4.022488774460283,7.427670843023997,25.640745956005045,31.594201852014397,25.76648636595248,6284.09324525949,excessive_vibration
1864.712266003804,3.8109531488803,94.06592268061213,136.28906044348207,401.99879210123834,50.58679072254399,14.276400518306772,4.224246315529411,6.494203995915431,28.844306475238326,46.7151826581406,27.898531711591474,3708.3334060791926,excessive_vibration
2396.8120375575786,3.4587349742644036,85.79442353791237,143.44621944976444,430.1595561782486,64.88063057452338,18.684916670700698,3.8761650441539635,6.095837532471521,74.31260279159956,72.35148134701014,3.8023416027702215,68.81123759926066,excessive_vibration
1841.616597536302,4.280650542551105,56.097514977694104,107.75637395049723,367.8206677807687,50.33926571200719,14.132154453601741,4.190997093685571,5.015276170380615,22.458838114935705,45.67204637814795,-2.792851888025286,4440.102180693857,excessive_vibration
1793.7357410901122,4.080005746721992,67.1097711574491,115.59500489858314,387.0508015504553,51.566992381349614,15.306040873645898,4.137315161892774,5.488192285961515,38.58352214166225,45.81688066818137,-2.680177782716189,1856.0593001285224,excessive_vibration
2260.333822984666,3.38581937829206,116.10623556865069,169.28107208703278,465.28213832746417,59.31398580325903,18.255592973006145,3.9890988443056665,8.1022009954678,74.25942536665211,66.47461665967641,35.64905408041029,3890.7743590475307,excessive_vibration
2329.873273287878,3.6299223078996685,86.14641721885585,141.99286147197913,441.97473267006444,63.78703861871001,18.045503439433617,4.062180117675662,5.7754211314670965,69.33854574305958,70.0299958732678,8.053076537688218,1265.6351835409062,excessive_vibration
2086.2080584459322,3.5453021896313244,96.09681354682559,135.58221326673345,420.9158871554002,56.8600990141105,16.27299110223325,3.9584900253284396,5.575113268891601,55.918918898068,58.807379662050955,19.350462643345466,4784.681737999799,excessive_vibration
1811.7805538522691,3.5037748736455216,104.95584489425052,156.7412634109259,445.42662120283035,50.980129411887155,16.584006007951132,4.139900029747954,9.415899637513208,59.11408377664123,47.09366576150616,29.85036969737397,4771.316997163385,excessive_vibration
2624.00765947316,3.2201269861033732,115.9344967363541,170.4115525220649,483.547787042635,69.76474140569093,20.060626271927788,4.069165334109951,7.2616805707013015,80.78283902108856,87.6123990135992,29.412245390464456,5637.321889002355,excessive_vibration
2319.642395748419,3.6198000189186335,90.9190374240624,135.4170530179805,430.6335884756381,63.76138895949812,17.071169534023266,4.141103102267821,5.661350262985691,60.988031872522484,66.96451845973046,11.552161981362952,25.682230026756347,excessive_vibration
2009.4863546607155,3.6372578807780167,105.61758676561111,159.32752944516247,437.22603618208376,52.67340959064571,16.310528991838613,4.137360126248386,8.750954533511168,50.21908875232649,49.739629882660346,35.246091166403275,2888.2899722830703,excessive_vibration
1934.626120711741,3.7099046842190515,87.54183192866087,135.53244354010542,411.19921545298564,52.703268085704735,15.032273406026109,4.1073624434075455,5.441602673889337,41.588857086118225,52.91248298878136,19.69097591944071,4725.159121148826,excessive_vibration
2727.344875815757,3.2501858969733557,109.57241629980348,165.24376920028016,475.28166378976505,69.732300750667,19.845729823223785,3.789214318086489,9.904654014525306,89.05159672381137,87.27749398206296,19.841249063799708,4763.448615876005,excessive_vibration
2758.7969948802242,3.434657770484476,114.04910898196628,169.31358446253088,456.6970182857073,69.56607341353943,18.430121062225506,3.925485905650116,9.662610318470419,71.38223863288528,80.84203335685926,32.11663868237897,872.5642871860906,excessive_vibration
2384.4283917132825,3.8739953752070764,77.35874832413165,132.7273414454355,420.1244586191443,62.66793226399906,17.808712406252546,4.041253618074803,8.774523306393425,67.14053119699703,67.72783174926349,-2.256868391111589,2245.0817686533865,excessive_vibration
1562.0348063401325,3.9591725407328573,75.58586378981718,115.56547933285069,391.1688077786672,45.94820603718368,14.245447680357858,4.075764695362515,4.980375929998456,35.94654749569587,33.202450439821014,10.932910082987817,1745.6784577749236,excessive_vibration
2489.5980020422926,3.4145167983274933,99.18785646026612,150.60133496759704,458.43035464970274,65.84085581015758,19.07918687408474,4.094252390350325,5.517668556238,78.59191071431786,74.16494051667554,14.247814641934536,1364.2290199025504,excessive_vibration
2554.832142756368,3.3887257154096786,119.05404288344405,176.340974862903,473.9943847217218,69.28671797672867,19.18773476429882,4.038402086865686,6.915867900923687,82.00212717504279,82.9386278361003,30.930319421507892,2699.7733220580353,excessive_vibration
1894.1998199723398,4.037522572727608,80.30833624188556,124.36682052459031,392.0781888618128,50.83641923978473,14.988535175601397,4.168438114334096,7.94260166561163,37.18960302246173,45.90291261994498,12.017601675747382,3055.3363478560514,excessive_vibration
2360.9494191984304,3.1604766398288207,108.5141215143401,164.4777277653445,470.15377816929447,60.15802913807124,19.651506136381197,3.7223548503925254,9.04396376331593,81.29079324297453,68.08535640870619,22.52053563131616,4924.630497838933,excessive_vibration
2514.15401470188,3.046978629827596,118.18385754318854,183.17883330993715,475.9761484028573,64.30215591616998,19.321932724576705,4.017334899562404,8.702778006085873,81.94237101258348,78.67273467401598,31.900746574545423,6160.270974311047,excessive_vibration
2260.49439985603,4.148259147831953,77.82806320796645,124.28919984604373,411.81990774951385,59.90509323431792,15.623762321070128,4.224957387012843,7.773547693337427,41.39676494499324,63.780565658888634,6.985345881433451,2456.206600089251,excessive_vibration
2645.5102589148364,3.135523472137377,108.03678053604968,163.5624729012564,482.2862203072158,68.92993252128623,22.92267354653547,3.6284519769308523,3.4688378985144723,94.53643883670058,85.46738838872518,16.16346758842125,5167.109465355915,abnormal_fuel_flow
2228.0513052426368,3.5550142465285863,86.8642924077087,139.23846195621712,436.5729138345518,58.782994125512296,18.614455260262073,3.5258952204784855,2.3236283409477725,53.39669419742088,58.844546505064876,13.470037654734073,187.88646897399218,abnormal_fuel_flow
1596.0392117415638,3.8293909318233923,96.54555722500834,141.75903168176643,431.3824037139981,45.92084596595629,18.150659167339004,3.0965120849413372,2.1862905220437736,24.776398545169492,37.32267951649457,35.17648085814941,4368.744352623827,abnormal_fuel_flow
1683.6185926874994,3.9732799786077,68.59224781852144,116.32753975492577,401.8939450040661,47.28765012447699,16.5828604622204,3.713356684715061,2.349486602772654,38.901681108447576,37.4367557398128,0.8667371417252423,2475.5245578777754,abnormal_fuel_flow
1922.058963365646,4.018447868296099,82.80985566753927,120.02827905531984,415.32571437007647,52.624380594744856,16.39667813685093,3.534054285009037,2.364418179221792,27.21951956518138,51.86381914205164,19.374121965178258,4978.172997425606,abnormal_fuel_flow
2285.9423566503565,3.443885267728625,105.74824250264287,163.57586888309962,474.7767728021468,61.3268511353561,22.253291600084903,3.0606796991000618,2.9275091015387074,67.38202244451489,67.4221258481377,25.69060964839151,3837.5779342744204,abnormal_fuel_flow
1485.6062034108124,4.040390774566088,76.81536598777421,119.01803159368286,412.3267588216882,43.41475619409385,19.07381079332922,3.0154719677234505,1.905918216334432,34.43149333739466,32.048596669300046,12.362630839446634,5256.908521734637,abnormal_fuel_flow
2500.411401477274,3.4205726871675433,116.48709686148396,165.51726412730412,486.1457317938062,65.40702325189375,23.435097251698988,2.8415374366128736,2.8485347333596143,68.66652313228761,79.47586934042343,32.869111964384636,5879.954843203262,abnormal_fuel_flow
1597.3993244733297,3.718954233860983,102.16679576607181,148.9079160996202,431.5580155896089,45.831313985511564,15.812593685615816,3.6625627240923353,2.2484475116305385,27.94271555181082,31.698077405421806,37.411094616246174,1573.5290826938995,abnormal_fuel_flow
1645.8890107134832,3.8844592803167237,71.09565898688265,110.34060138167037,402.62571359920025,45.968502706319015,18.90419247834391,3.0645823279015767,2.37828854147951,36.02623743969591,37.34478108937036,3.486827224795186,3033.9107838210407,abnormal_fuel_flow
2205.5411251070286,3.6036221460097586,95.12529587750166,145.61160546612936,457.15088240079893,58.910844243299444,20.013311901561487,3.437640801942451,2.978361218888976,61.31617475179666,66.00386562623018,15.341535487661973,4723.509989315214,abnormal_fuel_flow
1781.936267500858,3.8030346298209015,87.20804035082635,124.3169686703467,418.5758500408046,49.89040013516554,15.993294786766729,3.663320785998224,2.2697172512364223,33.534197134254384,38.73454357066461,24.0887016208513,293.1614414650417,abnormal_fuel_flow
1687.0385799299117,3.9992846170933958,70.1250666320537,120.98680725314038,398.1849255715498,47.028682725302126,16.631039763802523,3.7840024509053096,2.399516265247087,35.182330811117744,40.229069012291774,5.251591345274121,6388.271696215098,abnormal_fuel_flow
2662.0783211219805,3.298913130962282,115.90923653541917,173.385406202542,498.987899722592,69.00809134688856,23.25652721023173,3.2921584765952794,3.328134239682205,87.25836970520045,86.50316111661094,26.09215174389271,5477.382087255562,abnormal_fuel_flow
1986.060807944706,3.7211301202258236,69.2628059053286,118.24409668065414,422.82812314687624,54.5245294950289,20.125377621671166,3.136904743950124,2.6441832847662936,51.07528201145461,54.50879904930053,-3.292113873678334,4166.875222613031,abnormal_fuel_flow
2660.329131967218,3.5299236110451684,86.18963012249365,138.7030878941346,466.7858369426201,69.32628923932037,22.20700170100446,3.037498695591189,2.9913839955879213,70.36834213134591,84.60258308388144,1.0116267698195653,3980.8799552920627,abnormal_fuel_flow
2202.483884919585,3.361183477435843,111.74639744118217,168.56916927939443,465.4933514675549,59.851116515968606,19.94420706120497,3.4961533062619368,3.1360675340320827,62.9687808204143,66.58666986169554,35.15182337888188,6317.878473905644,abnormal_fuel_flow
2020.9954583256347,3.678060934802203,101.22603959173117,145.71141453333658,458.9536415999775,55.45431995926002,20.689722097190845,3.148875971384548,2.4586112619954554,49.3913898118194,52.47644701023242,27.169806693002407,1634.544595754656,abnormal_fuel_flow
2162.4763207204383,3.8193774856155147,76.8769620989526,126.92635929530465,433.46349396985926,59.572779946051604,20.32803532394911,3.0814214513082425,2.6579444851586724,48.058057573966416,59.60028931989755,4.027792778129664,981.7912964338555,abnormal_fuel_flow
2414.6640182533765,3.5315769017121816,95.3955570893298,148.62636020150555,467.12253415749785,64.4524588697123,20.821530461046372,3.3597391474929346,2.8855946964457275,62.543121261642085,73.48382100448336,17.6707480141394,4237.355729927371,abnormal_fuel_flow
1592.8173969508857,3.926485732694686,83.47835170500544,131.35053411777756,439.57003483708297,45.34844806024989,19.4765444754474,3.0527934376690293,2.1568710750085964,38.81956402037723,35.722305071137235,16.757939122122448,4969.154195592514,abnormal_fuel_flow
2142.0900559085303,3.5289954483439985,107.19384665357241,164.84149750165187,490.21420327908464,58.15152068459023,22.705009560862518,3.100408991259161,3.1572156949213444,76.30737409973128,60.42452720714219,24.448443172841294,4835.321415768203,abnormal_fuel_flow
2241.9501644388656,3.7007037790163197,92.44101149470801,149.50481980573474,451.1520855576981,60.82051772513745,20.043346855348172,3.3322194318283307,2.917103340370537,53.86525744649621,68.19799390111407,18.32398726128291,5312.202286149843,abnormal_fuel_flow
1694.4905052792992,3.7707533201656878,82.58212482656481,124.0262172993512,414.441748916796,47.0589335738397,18.1030651688425,3.310178681483895,2.248581177367362,31.079936048940162,39.9098165874408,16.66572958831007,5417.251974293633,abnormal_fuel_flow
2157.733352084308,3.5678041333986728,85.11478986371175,141.4810751280601,451.421324974833,58.04194080709264,22.602774206004472,3.112673021115722,2.8584884918733517,73.98419165811653,62.657221435900524,2.333233135476906,5247.163438874258,abnormal_fuel_flow
2345.376262148143,3.8107175554850676,74.90964910138511,120.69693595635803,441.5375095762055,63.596970868418246,20.73948376646355,3.0652769595072256,3.0735955186561723,53.90007509377993,68.17595547816018,-1.0707900669724983,1028.7473949458004,abnormal_fuel_flow
2211.6642830044434,3.3664232423226035,112.52287047995463,160.6998682987994,479.5672579545781,60.38077061595512,22.39536326557148,2.8228052274331334,3.0659273687373587,66.55234112687998,69.0480958088969,31.37014910069068,6135.146102063052,abnormal_fuel_flow
2461.8891621516086,3.4969428505882503,114.7266705222683,171.40715769617327,486.42365330323355,65.00475911994897,21.580306189482688,3.241604588849885,2.9874881477704527,70.61892773205095,73.63785553519257,32.90341763947147,2149.1120811488445,abnormal_fuel_flow
2247.716553884434,3.528523682072021,75.6518612677293,129.15789499300104,446.6176377624147,60.60496240824571,21.535008764524456,3.1699825154733006,2.7803921122847086,61.397587728589606,68.65233739765513,-3.865050470595114,5720.198102523281,abnormal_fuel_flow
2224.84420904806,3.559506192520239,106.95526725129636,155.51279062055153,469.8752899594055,60.33847045275091,20.284811546586052,3.2377946637990234,2.225019622854566,50.31186182553634,65.07509828081056,33.280104332860375,2489.0674687698165,abnormal_fuel_flow
2072.733690141521,3.5757208614099976,78.51166152931847,127.38076414640814,428.85485958224825,56.98163172579144,18.79522494860721,3.6406562742072235,2.698365800429924,63.67234754262746,54.87614339609026,2.289591651731026,944.616220689673,abnormal_fuel_flow
2402.1526881461295,3.4159808282974304,91.62396805385102,147.3190550490309,471.70661618069045,62.66115771302749,23.643885361230947,2.8601921001077253,2.9107392644895205,86.21833607129432,73.52267343294463,2.675333681978681,5172.7923259546515,abnormal_fuel_flow
2615.63517821932,3.014242009693715,109.7754385665959,162.6424168306532,499.2859311687253,69.9628368813583,25.123753506456243,3.0441001591454317,3.521978654641215,92.78228400136004,82.17470744654463,16.59597534438574,223.13006385028694,abnormal_fuel_flow
2686.095917691561,3.302955963043017,97.67745516743541,150.7214330208108,474.6863438564496,69.51201504726676,22.235379554551763,3.347404163394774,2.786200056068126,78.46678195489649,83.70241531887223,11.893291326526928,2814.9899039022803,abnormal_fuel_flow
1844.8358776366088,3.6002049530985833,101.9128246874581,148.93141389163495,438.55505090082676,52.20470364305178,17.21357695778877,3.6011933190630288,2.2981647428502434,42.33475958548947,46.5191733481767,33.55075889154174,3122.001390842498,abnormal_fuel_flow
1553.8814740229673,3.856027173526956,73.54679248270716,116.74678628502201,419.82561196434045,43.676398067234636,18.608177136383688,3.6245207331042746,2.410798599134856,50.916457447668506,32.9980347016302,0.18870463977251783,4962.251615817221,abnormal_fuel_flow
2067.6308135192494,3.6179022282556224,96.34660890921464,148.01846535681375,469.9097041630993,54.592066458329846,22.672601531730226,2.951337692626261,2.8704549041902734,66.55345512845382,56.75181636551161,17.089194053245876,6211.090797139115,abnormal_fuel_flow
1940.0020641837275,3.6079363030260048,103.84589606833903,152.86669606012384,447.3989626022523,52.65912172622681,18.87234927800198,3.615004512642444,2.8321774483907527,50.816633295431345,53.16577652941452,30.44856387541416,5896.418733257676,abnormal_fuel_flow
1516.891610803823,4.152951722090395,75.22504347722649,118.7970225017338,406.6608486200323,43.6991800160664,16.610653065568666,3.293786410455931,2.184560449778472,24.52169887131307,30.24600044536573,11.31492548497373,2926.265943754628,abnormal_fuel_flow
2406.065424172891,3.4478235915864213,88.41324583312282,140.01400199208638,442.4660276374157,64.70556490018794,20.622125429318515,3.5608217408452383,2.9695964748228985,73.19191569687374,72.78852059344804,4.702850463640826,2886.121317863225,abnormal_fuel_flow
2395.5498790070474,3.7174229098685485,87.33163939357301,137.70495926042088,460.5460947575638,63.53946692063693,21.39933196237184,3.096097184943042,2.8810594673820367,53.98072523937342,72.28249952943516,13.05584196197804,4215.972954491305,abnormal_fuel_flow
2652.8730123931336,3.3208537544991064,120.68051518103677,170.0895198477822,487.9123208440275,71.02321999475227,22.82980958582965,3.435158946105598,3.2565048890434607,83.43768783106948,82.04853246835177,32.58664344039096,96.99992551819608,abnormal_fuel_flow
1636.1813050667456,4.106001920491964,72.39184111827394,109.75216719283688,403.2483461277121,46.37464704133344,15.360396854997967,3.7376692113164602,2.486419432369572,27.378808849226893,36.555711995879825,8.74897024863051,4099.477694640414,abnormal_fuel_flow
1866.4181446181165,3.8462029489214826,79.08450328198971,128.15982909710098,441.18154090759936,52.432458836443196,20.28501011219176,3.0470863002223787,2.5742382638547623,51.166381299663755,45.59873897371716,10.067990970485502,1833.769077796699,abnormal_fuel_flow
1819.6709174755965,4.073135511913549,79.76091447173357,127.60039581669047,425.13962052599624,51.088056993802795,18.81192126426749,3.259253981190354,2.2354483126578732,33.43944497270057,43.05549694176841,16.12987953974813,1900.9771267732972,abnormal_fuel_flow
2017.9647065585696,3.6519245795607085,97.61947147190246,151.02455233536205,464.4814076514832,55.735113612937845,20.983595334022684,3.0576355426871853,2.53063729829425,53.10975345762493,53.88379115828865,27.899194137648244,1583.8282642910983,abnormal_fuel_flow
2230.3673876129315,3.3497766882146003,114.42657658876962,167.04216826604932,484.0546577167645,60.46902120586294,21.682720595473086,3.3594828449343512,3.02359470500278,83.59577771175898,61.13373264884518,29.42220588687392,650.8081495927563,abnormal_fuel_flow
2002.981356697457,3.4995341476462745,109.03559935797318,158.95388671978276,442.9087521588385,54.55194792856775,18.482331235294843,3.667667757543573,2.6668202835463304,52.6341372137165,52.35901986371748,35.34161745087759,2337.5537893121664,abnormal_fuel_flow
2441.995980398371,3.253478153729736,108.80358912843424,161.19839823260975,473.49408408441036,65.3212197323838,20.874512422858718,3.6300767073964337,3.050794394805797,75.05688944665496,72.17124332974525,23.48480918768972,835.8206907673733,abnormal_fuel_flow
2338.2690546657864,3.4771786898829076,93.37094365997054,141.28651161472646,462.2241175733825,61.632093373422336,21.218382478143866,3.352800588420898,3.0243948019716966,70.27069973162432,66.92588286455381,9.40175220197412,1246.1004964594297,abnormal_fuel_flow
1850.8831275876723,3.7064148088103095,69.11532775630982,117.50615587922543,424.2408744291982,51.25630093472962,19.572222661982096,3.3288794785561087,2.659804126829716,60.344288929196324,45.90941178180331,-3.835888620622999,2849.079617959565,abnormal_fuel_flow
2518.734123330841,3.425100839939348,111.69660577058423,160.80507783044635,471.6346494095438,65.94369364407997,20.620055814655096,3.408463023136932,2.98321934062808,64.89085929972535,78.59233255294643,29.54809529768163,3914.0652918340256,abnormal_fuel_flow
2686.052220452488,3.4745234545448285,102.82412485095513,157.35643246012356,477.5223043611994,70.59907318761037,22.494645779397548,3.024474440068662,3.05165574166085,65.99577969176308,85.63077106220467,19.64294279226159,1069.4920620804694,abnormal_fuel_flow
1627.071321899932,3.7786964979145967,98.88613399527313,142.04819332164863,422.4997269931185,46.112416318098,16.76069404163373,3.494242415557538,2.518032260456689,30.53213860171015,37.71978239751607,35.455801381452716,4748.953359578438,abnormal_fuel_flow
2603.9311411968174,3.32763109214494,109.44397972100668,164.51154483224423,497.1924665132431,69.01880027729102,23.511921624638628,3.2636126342585112,3.3994464271397917,90.19718078011587,78.38285116947065,21.095300141313107,258.1454107451552,abnormal_fuel_flow
2640.3081849493037,3.3379283308166907,120.45818900317637,171.52372587666153,474.0289752151748,68.54264478609267,21.60374564087035,3.2906436637214633,2.9081345117236994,66.92591866172076,81.78016969658584,36.996353490902656,1786.6213250838139,abnormal_fuel_flow
2552.7210779524094,3.5577361143099044,76.95343918268554,130.81426127200868,428.3968219830166,67.22213339701358,19.967403575128614,3.7307996913585404,3.088820919197638,59.87322679992864,80.86398651045593,-3.798912059738127,3980.1689577988395,abnormal_fuel_flow
2689.742847075549,3.130374428919669,131.66549576939704,187.23024599587438,508.56930567516906,71.1898842459692,22.72082107766952,3.5774040444911375,3.4605570985884495,95.0596509481846,85.61925521075848,37.99120860111982,1562.0907347978723,abnormal_fuel_flow
1774.0028511385863,3.790890377322425,82.10037046577303,134.17928222841113,427.06619146730236,48.80735842697501,18.742791564413242,3.3035703001561427,2.5429149811190874,53.17350476312765,45.51448844347692,8.645832023992147,5809.694853008722,abnormal_fuel_flow
2056.3410235874003,3.421294397122416,104.81651854295886,153.753088073974,454.4893041219939,56.90633377035932,19.655674020690892,3.5872275466936028,2.7481695914917856,62.22657716182913,57.339055609274816,26.560304156510668,4230.752065194531,abnormal_fuel_flow
2311.627732112074,3.3695266718141976,104.32148535786312,155.53080844716467,485.0045505553632,63.23042235246769,22.67811860523706,2.8799623109287786,2.9039554014741484,68.09700698242548,69.0414159272399,22.734143394693543,1849.0571518879315,abnormal_fuel_flow
2630.393139472356,3.338149529754042,97.83857597383137,157.1007901020534,466.55071368610857,68.58842970131714,22.665907869420977,3.180437681598417,2.9280336979686084,72.30415663958158,86.70773342355321,13.5977602788276,6083.502809139296,abnormal_fuel_flow
2019.7195943877382,3.7016794499136623,97.75724567792308,144.3542115650483,446.9462107600187,55.905925975860356,18.10100434063078,3.572790360789007,2.3472345877403207,45.56594542432205,56.625142525814226,23.244525298377617,4292.8827075395875,abnormal_fuel_flow
2580.311346047548,3.3468481499109553,89.09467010917912,141.09591725520568,467.7262918112166,66.85659150848417,23.367453411395843,2.9397520282205654,3.030737127335123,76.17291353446782,81.14648289362766,3.353692979927291,3543.4909521379723,abnormal_fuel_flow
2126.0780725685963,3.3752959355658305,98.87762021516275,147.42644431737475,465.2203304881631,57.86980699282479,21.44189639445877,3.3674792462117105,3.055939252733389,72.68409697427093,59.782269134337305,15.300141518736453,4147.626839198109,abnormal_fuel_flow
1813.2985562928998,3.5837370706707206,98.57576907038242,153.3307237685399,455.9994356538299,50.150467755696084,20.729423003132585,3.360928828470234,2.8247803790896464,60.20610045212353,47.81796494388359,22.216443013237747,5524.237663306765,abnormal_fuel_flow
2544.3708727618205,3.4093889151503283,83.61763838709739,142.5988115368589,450.727428858592,67.19182936332976,22.087260399254422,3.313183167596343,3.041229084955419,69.30323547497701,80.78557107205481,0.4398408953215398,4363.075425640291,abnormal_fuel_flow
1667.0312688149681,3.894908552669621,68.50026121853945,121.8043849011462,383.25069863249416,46.00323263713179,16.4537727056248,3.629237424242572,1.806585304055098,27.82656099980818,38.667021769116474,4.9643151723612835,5266.821903647203,abnormal_fuel_flow
2295.8486959739857,3.4656407638251086,99.05630292821098,152.94147181687583,460.8904736196085,61.26991060020173,20.42649342491987,3.3398131767527,2.910881127290508,71.48348841429457,64.59554258529899,19.350212964178485,1726.207145670576,abnormal_fuel_flow
2417.0166598893734,3.393170425977366,116.19133735288672,171.3946513780469,504.935957484922,62.9681050418259,23.763142323612023,3.014979339953882,3.2381884023123884,90.56741331010389,70.87909414346952,26.88159887001391,1722.7212670776692,abnormal_fuel_flow
1880.530855536484,3.929602852698328,76.53976805590523,111.91841679202685,401.4754998718644,51.2691887992815,18.11994812337091,3.3005942094515435,2.016613918322295,28.484666220462003,46.33294758589175,9.565755786872836,2417.7368953938776,abnormal_fuel_flow
2250.928568660944,3.335009614743396,90.72614077734566,149.26030382450094,472.06558177889536,58.05616995130456,22.885026567566825,3.2266668207826426,3.0278474460835176,76.21101319737417,65.52939625718597,8.040772504356568,5124.553564480883,abnormal_fuel_flow
2540.7696358452026,3.263754843720032,110.64149846098667,158.89364358549489,468.35656306874483,67.5036602280692,21.901883026439954,3.5633491157744617,3.1712537368765545,82.37119387727691,79.60236995826384,19.86086766357641,2691.6633396939246,abnormal_fuel_flow
1496.451934211522,3.9260583176922474,92.31013329868395,129.93524099347283,425.1935359701933,42.286516956270006,17.211298070965746,3.371112431337698,1.9420329296813115,26.932485185031368,31.315574964005457,28.271878335891806,6140.941088425741,abnormal_fuel_flow
2033.1203869660421,3.846047852303318,86.16638016242557,135.67413400499134,441.42455191779516,54.93644657550123,19.065282984280483,3.2904846117078153,2.5565682322198118,47.04122784098719,53.585799728753315,14.107490386581969,2237.90027714287,abnormal_fuel_flow
2022.9506146140752,3.869228780078708,78.60333778376128,125.95019917437807,426.44751720365525,55.44868909205967,19.021005604931016,3.3955134188269014,2.4422138335575063,46.65988101204051,52.28396442722903,8.596859312071794,508.79108107872497,abnormal_fuel_flow
2080.434160322386,3.7725582978097942,91.33841308045945,139.3357244787295,448.7527396989357,57.03469209182412,19.20393085257342,3.431331300541882,2.603183674113371,53.73913310842346,56.06599363207066,16.132803812214487,1244.9351860975112,abnormal_fuel_flow
1765.7562968503871,3.8467872284645535,97.8401267266125,145.9130152090488,447.95545825961875,50.06364426777633,18.508977600396467,3.011050742151569,2.4855327373524294,32.07496551321547,40.56746683193021,34.093267250218226,515.1934625724872,abnormal_fuel_flow
2001.0038192118968,3.610265020733362,105.15991409829553,150.93390006958793,474.92437566674346,54.71253082632892,20.392869163472035,3.3051636025928337,2.7069258497959847,55.32513914899156,55.26822899694255,30.59984860171547,4959.36540197778,abnormal_fuel_flow
2226.288285534626,3.492024634463186,83.36325551977617,137.97932080894225,439.3807119701065,60.29487646149276,19.533500186899772,3.671199391215403,3.051381012292295,65.4888336353323,62.72073770341759,7.10759407323775,1560.0501761918913,abnormal_fuel_flow
2664.415291673367,3.6416150801114298,89.05755605241642,141.39272573295304,466.0503956574988,70.93934375261875,23.129928989785487,3.2796598169336937,3.17329063502753,86.92969896135783,85.5424356746531,-0.5892700205220451,2411.4748645209097,abnormal_fuel_flow
1582.315626591432,4.193384003931019,77.9488131860708,119.70949836567755,407.3358798216265,44.59141714181668,18.553013850197555,3.18990335028031,2.1230000001922833,31.013363965589395,37.011647632205346,11.221848946473077,6207.838726908338,abnormal_fuel_flow
2107.249380188174,3.460315151749156,102.52760258437844,154.76393703259006,468.9291579687809,56.54575304649691,21.11411861913175,3.4204415916876743,3.0935012604051217,77.78749131666217,60.925986239300954,21.3477103995695,5498.950434670335,abnormal_fuel_flow
2384.8245775444,3.6475452815593266,82.25674859480827,130.92999457912742,454.25242100338073,63.458884007333616,22.905882061247368,2.9822434248167986,2.9812454868454865,64.17296940540172,72.43795496832549,1.561831112594549,3940.983705624358,abnormal_fuel_flow
1590.6709374439952,3.990089045582379,81.24694608050925,124.7673999112004,422.99487003780183,45.53624560791094,17.53994482746768,3.1645975055138464,2.093838555784441,22.515991275700543,31.68197343680016,20.51347825247371,570.951895877561,abnormal_fuel_flow
2026.5477644122125,3.68830782351056,76.63180368906804,135.15388014509676,452.50840536863126,55.55648081493942,21.23353874513259,3.0758231016825364,2.6809524477140037,66.45459971267857,56.88136114705453,-1.6182054016461276,4862.505699240527,abnormal_fuel_flow
1854.2946717479028,3.579889262364501,96.7756259872004,139.1090817804316,439.1410277233077,51.313862752287584,18.310492837982,3.5353687901472624,2.5233006731602905,50.85502153829266,45.40619036492334,24.009689570302356,2090.004789404841,abnormal_fuel_flow
1684.969315849345,3.986355399424917,83.97378484129943,128.69357956956603,416.329878681484,45.98201285927994,17.444434694455342,3.379987433731502,2.0759537313076812,25.84081265186298,39.81137978746283,22.841446050114648,5615.097845226019,abnormal_fuel_flow
2420.3927571466825,3.3338175116525384,113.87362389786081,166.97752868728924,491.769064655198,66.22852580594801,22.58683782839863,3.2776795162020163,3.249811251994103,83.08857386562492,72.39197898326466,25.461713730949715,122.08714670908772,abnormal_fuel_flow
1785.765515421566,3.719699909029436,106.40643134517626,155.44797327811153,440.91627006794937,49.28323060357043,17.533340987859358,3.632832539832653,2.56530154124008,53.084719819116245,40.9862861449849,32.9912342147231,1955.9471238903354,abnormal_fuel_flow
1822.293519274276,4.008396628409534,89.88179772841275,146.2873970761145,429.4158395126469,49.794875094888525,18.865686152511916,3.1782122805335438,2.2118552162692837,33.42753082503369,47.449941176663394,25.87193973519014,6275.795318432875,abnormal_fuel_flow
2016.4909626527947,3.557802843320673,106.24279062690647,158.4457886967116,459.02258232537395,53.54567005925323,19.722228887961375,3.404617585512342,2.454069280247858,55.108957556049546,55.12619055467903,29.37534070239672,6299.73644503353,abnormal_fuel_flow
2559.3041908449386,3.1358125949228395,120.9099729421195,173.31209866616373,503.78572747317696,67.91427926476814,23.488332045628052,3.0327636215215534,3.0327331901596177,74.21211292241124,80.12822255589715,36.13916682135547,1208.3709007401417,abnormal_fuel_flow
1712.334569576445,3.915377901112294,89.43277929735363,140.10628097013242,413.2705970047233,47.17155434653705,16.644855716394833,3.5923226997285873,2.02642193450638,27.53298806149684,40.152612059825714,26.430667917218628,5065.821104564113,abnormal_fuel_flow
2319.5409595365777,3.586831349185835,103.99243698617124,150.15990258474667,461.44733972867965,62.568736874019834,20.781940652056193,3.370268471311306,2.8369165909686056,67.63711598633185,67.99765464039426,21.848061142019375,1202.8291194648575,abnormal_fuel_flow
1949.197219019427,3.960526930913267,87.80178950053325,131.45329007851257,431.7220824280412,53.472706939450084,18.744112560675408,3.1525643196473787,2.3215397096617116,34.19743721851499,49.10412505296058,19.106649830867752,1785.0559462300523,abnormal_fuel_flow
2330.631302802241,3.5039909518524466,91.57731714899901,139.37142100455975,454.84749185112787,62.00527265463909,21.325938662210444,3.0562248806287236,2.807642807085769,63.436066973058814,67.63695440448605,10.905892212488588,2265.7529227775685,abnormal_fuel_flow
2179.3600494526677,3.2536541634974987,118.13979217974408,168.48058474738755,482.29580062912663,59.916866572714945,21.44387665346797,3.5272432245591414,3.0008973391135987,75.45460280620127,59.93657549541771,34.86409447840173,719.3021957384585,abnormal_fuel_flow
2072.467513394874,3.6120992272974988,76.54342074525157,131.66553618732706,451.4592002040222,57.4320279564759,21.805551449870947,2.9452850495349114,2.9459775525042544,64.2007246081512,57.181257983624256,-0.18001670209943188,2122.908036546802,abnormal_fuel_flow
2682.9780860240166,2.999480921011086,127.45602585978973,182.99635270220904,491.29873025279136,71.16993422067056,22.64060256875274,3.4859520684673653,3.088004099325531,84.30131546746401,83.68439956311747,37.565803813272694,544.9821789654895,abnormal_fuel_flow
2526.9540297429326,3.044105932440037,117.85117780307094,177.38511346708833,512.5684328965046,66.71168657585677,24.68085001453695,2.9858882971085796,3.2196748053040465,98.0,80.07811560542629,24.473477816892412,5160.82963221068,abnormal_fuel_flow
2667.982982310699,3.4182775742805207,94.41695868605379,153.8250504740956,470.2797409567994,70.07773298936415,23.50421916430511,3.187958345191339,3.13357794658634,80.98278097398634,84.29181634810494,6.167158233228285,2551.9586146753863,abnormal_fuel_flow
2329.9271517559655,3.358876273082727,115.03597202942598,170.8055125747296,497.10724927670265,62.22774952361834,22.66874285125997,3.0964724649525706,2.820221340870315,80.99892800883327,67.73093701442605,29.446569372309508,2177.434490270684,abnormal_fuel_flow
2171.3659072678856,3.47405092875458,90.46106046964913,142.23879546311224,442.64007511489416,58.85579162035435,19.579015542449735,3.464019235482674,3.2840214494906266,59.433031828793204,63.43412097125262,10.052787143213594,3989.682943365092,abnormal_fuel_flow
2607.9725690476084,3.255579966434036,116.74303681965725,174.7964815585844,489.80144631406,68.39153768296882,23.238194534245963,3.306384530435011,3.2177918571369295,92.72593290771567,85.43731797521644,22.3565518276894,5174.567058619133,abnormal_fuel_flow
2255.7426426944794,3.3411619087667477,92.9485612004326,146.69741216645141,453.6718857521294,60.19685704885991,22.003099644696356,3.1578894662836126,3.23880861660725,68.1636432285102,64.51011416587413,10.43613589520351,3017.0258238440924,abnormal_fuel_flow
1709.9410041435333,3.690619966689734,101.06742216820984,145.0675918525285,432.3589145179095,48.36515625929492,16.15713118430532,3.6607037221045466,2.3472040372582854,35.092202642853074,38.643331402770826,36.39734671979684,2400.6233771644293,abnormal_fuel_flow
2404.176667847992,3.558912757705945,93.60614569021142,143.9809409322895,447.8877886496332,64.06355003363771,20.46579076455609,3.1829811351087063,2.694929031368699,52.96753468720768,68.84720705375176,16.681629965654057,75.0863412486164,abnormal_fuel_flow
2430.688229149144,3.6224251866090427,78.73878261460507,132.99716951279623,440.77925273890327,63.99364137725405,20.325710451905543,3.3954231034973272,2.787715123584741,55.62532228094152,73.85447570932841,2.9333403864630716,2962.12002062019,abnormal_fuel_flow
2675.2797228491945,3.361645107364974,90.44880968290227,147.68528335699054,478.1291871811226,71.14760460481449,23.489976564924824,3.130462291592818,3.3093598585015083,84.96543768349237,84.99720621318687,3.296505235272043,1240.4321169772631,abnormal_fuel_flow
2036.8437717600268,3.4014305763536976,92.36358027842353,139.54489426043463,454.1579558238576,54.72047421596553,19.608644058656648,3.5292658768573535,2.5054934872817176,55.22125464710406,55.13352080911295,17.005945931553633,4707.268819234858,abnormal_fuel_flow
2536.1185519442197,3.517795133021324,90.02406589780254,139.94822396091126,458.59414063753957,66.11308634246832,21.08150540568518,3.2541801301711266,2.9638081482004397,69.73961307932029,81.27159084883104,3.9401030153335364,5767.963219826186,abnormal_fuel_flow
2526.391674427725,3.3744250208299116,110.17508905059631,155.87506047644345,475.2448092561965,67.64528914448914,21.742852189397876,3.2447520860373755,3.268936452718547,77.80130585520993,76.63944226309049,25.154516328700364,569.1125256810799,abnormal_fuel_flow
2478.549000260172,3.463126167188638,79.48870064109232,133.0267140018446,446.3716731561864,64.64428221567795,21.472432436062828,3.4248948130346273,3.015786808028887,77.09761790886905,76.94079935960234,-3.6702357884659653,4858.052028823433,abnormal_fuel_flow
2423.837505405288,3.4553254705250307,102.51842714320696,161.70737912027138,454.08213924595964,64.4384159013157,19.859865847313287,3.5173283114775282,2.870471380835977,59.71394196276078,75.12568192801379,23.996241338338237,4168.665083487401,abnormal_fuel_flow
2314.48347601121,3.218263360899665,107.48659638475159,169.39902324754974,475.2622299408719,61.085981195903,22.849006999165873,3.2688695136435157,3.310980836192984,83.34229319810328,70.73552509882019,21.252266342048543,5363.682989751694,abnormal_fuel_flow
2030.403605783674,3.7104862278187767,101.00730538950378,144.62819829357392,462.16545814946363,56.093153197940225,20.441154260818088,2.966414899020709,2.4827150802638607,42.09796694114146,53.91068171069054,31.730664749781386,3054.09625902145,abnormal_fuel_flow
2483.2427539231526,3.2111754109157626,118.79846588006755,178.78801222373397,505.6385324162828,65.42945209544351,24.512202073499683,3.2021697789171037,3.304728517524164,93.58540521898315,77.07724685177148,27.755257106096085,4592.248188242627,abnormal_fuel_flow
2137.2486793858666,3.4838617439522226,93.38992716767942,140.85716817706367,458.52545439013073,58.075252442688104,21.683620913194694,3.0626959862053544,2.5163080570693066,56.03927710439802,60.48183633540782,19.39799019595189,2752.627734806515,abnormal_fuel_flow
2340.2922892313964,3.78020053608719,75.78258613505255,123.53673610132331,424.91108016990836,63.21021152645537,18.837124016212233,3.616791748147852,2.917152354280092,58.343877699167855,66.27124696851226,-1.2671057522500369,556.736702537636,abnormal_fuel_flow
1580.960225897386,3.947178184491236,79.97742332246901,125.91471647923571,407.30434217468445,43.3975630377279,17.14790180663622,3.573569360197322,2.4621259328167624,34.81916351177797,32.44972027743588,14.488008589700732,4728.26969838473,abnormal_fuel_flow
2302.3177506772627,3.1021742455561467,87.68074766973551,145.51982495061768,472.01804716254094,61.763083327392074,23.610435943567694,3.1942271659124613,3.4037467609316923,82.28763566606975,71.3602900639212,3.9379157060728387,6310.89245792363,abnormal_fuel_flow
1502.3972653030737,4.0466617079612535,67.15990965643368,121.3750281285583,411.08274357567467,41.87702685103936,18.75845506526739,3.235616711715344,2.2432222393429857,39.40880012374106,31.38885167780879,0.934868864614856,6299.074542728638,abnormal_fuel_flow
2427.454613182341,3.6135833545004186,89.1493917333056,144.52327591875078,459.1657452842912,63.880848617164006,22.682081561494527,2.9268372417191726,2.8847184919991973,64.11921600104905,73.7103526874306,9.294870616502399,4761.9127141808785,abnormal_fuel_flow
2055.311883730223,3.6876889603360254,102.18529890394574,153.11630483040108,437.80684655028125,56.007857005991255,17.85591092441095,3.6353924773020476,2.516341259428092,47.798024147888476,56.233391770868195,29.888458374132046,4410.886852710999,abnormal_fuel_flow
2075.386733566497,3.6573111014988675,85.37828408857018,146.93919825723003,433.04771981749303,56.79600612445397,19.71065328171216,3.509825878258666,2.8736074736551402,62.8267562912638,58.76995735981823,7.266471074656994,4318.811644789533,abnormal_fuel_flow
2501.8826772567018,3.11877989177064,114.80556142395442,168.11046221032296,501.3732307362564,65.97407569304131,24.500798242959466,2.896696130357049,3.076468047433396,83.64806048793898,76.83892464937101,26.127223470766555,3272.104459255123,abnormal_fuel_flow
2076.5887914325936,3.432228180450669,108.01429423508007,162.92607110439698,477.18025549464136,55.748226667710945,21.374382646324772,3.2862113651122593,2.9491614830027246,63.21564763988952,58.36401788124311,29.514425905942534,5446.911873780778,abnormal_fuel_flow
2651.153551016119,3.1860934545072706,126.88480447513763,184.5248841049286,511.4030172652629,69.83083704037927,23.8276235932189,3.199248865749877,3.540539538906787,89.0006801267932,86.62020480283827,35.515980979872,4489.545820791881,abnormal_fuel_flow
1494.1979633888268,4.038177883722059,93.82833614934614,133.55031808842563,425.30144580241415,42.377668651988245,18.008620919402702,3.2305379096454163,2.2304724757623653,26.479022991804708,30.640101708968835,32.67555405785051,3315.6244825247145,abnormal_fuel_flow
2248.485673354627,3.581316554492923,80.62734569091236,130.22279631010633,445.5754401380008,61.72813366177748,21.29622253803003,2.988726621980444,2.7587092198528533,53.8942930090115,64.23481852772069,4.130065321265759,827.8637087113333,abnormal_fuel_flow
1807.2100566066317,3.651603676981982,85.9418510307837,128.07995230213484,429.1760858100668,50.82109375071103,19.583156595612415,3.136667808351251,2.0954233511080522,40.31178302370818,40.24015766530215,18.24357159110227,281.78233685567375,abnormal_fuel_flow
1946.7281722723296,3.7910690310410877,84.14381073960067,132.8300801433229,421.2718315513417,53.075026398905244,18.6592368042312,3.468189173162929,2.2203515079342147,46.93562977673399,50.76472337219888,13.269430905945612,2442.1044728452057,abnormal_fuel_flow
2341.614337119415,3.570785221373228,116.67400133108364,170.982785918746,480.6684327706462,62.88601417960248,21.34659594071323,3.275714265424357,3.107343613054634,70.23163275112488,70.5527463002945,34.17178738725846,3011.7001199527213,abnormal_fuel_flow
2054.7388880870867,3.954674264754909,68.13289726780916,114.43751001489544,422.94573376829544,55.52318698743183,20.07569688859907,3.3415729246164014,2.44146448322276,47.65463469129311,54.64419544344399,-3.0422983565827115,1029.533943427238,abnormal_fuel_flow
2624.891625916146,3.185453766836208,124.03327675583611,176.910118238847,495.3840867711219,67.76768781635975,22.83149211281501,3.2335874418850135,3.2089626715342785,79.30856434654356,83.3403834040295,37.099445352204725,4647.096263812599,abnormal_fuel_flow
2643.396777875839,3.4490168533561043,107.25314848893947,160.43086531895418,472.6347452195336,69.7542772448511,22.359996407550895,3.3761157945457927,3.456436203221908,80.90067991450057,85.86163908318571,19.496997370639043,4031.662806840991,abnormal_fuel_flow
2265.7817710739287,3.6408054208586407,106.85423509629868,156.34880398467237,462.4196988053544,59.67416164484631,20.774135044750942,3.248126861392658,2.809811009265854,53.39241021033829,67.53451836623387,30.706472326268443,5865.476250605243,abnormal_fuel_flow
2315.2564240228667,3.739282151923997,75.7521482971408,129.37257291507328,439.6554918651886,60.42813699493899,20.946254983514194,3.191109244934352,2.696344348741685,58.93274297350706,69.84336704844343,-3.1711939061672783,5249.341061977487,abnormal_fuel_flow
2272.545811712729,3.512869022485248,92.61505481273223,143.94844927152602,441.5047680850269,60.24460584967167,20.370230061097704,3.3900329665572446,2.90302173812618,62.03214618728552,64.30062688476349,13.962814147306558,1508.9423057940007,abnormal_fuel_flow
1851.078267365446,3.4467527629797514,110.29917046767099,159.5443658645616,462.33225129953354,51.411913166628544,19.291639275896785,3.6984493633798516,2.761846489285105,59.975022248448454,45.35799552990951,36.19188173915884,3009.912615506899,abnormal_fuel_flow
1581.724801630427,3.890356176353,75.48236884455771,118.06823980679509,412.14543785309047,44.168180074796744,17.198804200922865,3.376293852005345,2.317599596492945,31.052053195289247,32.56880931362845,9.776877199644044,3838.929586058207,abnormal_fuel_flow
2549.9949797514682,3.6274484093155333,90.04667415325707,139.11477215349967,474.78578955144474,68.02576786189312,23.166375724313646,2.9312101613035373,3.0311905872528553,75.31006521834553,77.29573381317113,4.182075647772379,448.12389145754685,abnormal_fuel_flow
2078.0480992904522,3.5973642000699515,82.99159991721822,132.1916049074448,443.2843964510904,56.32338442332676,20.779479945722095,3.3625231444391517,2.63211892600025,63.25361899664849,56.58189046263264,3.8572014495945712,3868.8100146706474,abnormal_fuel_flow
1749.494752108726,3.92969138606716,92.24037972082422,135.34576158281052,440.06641135955846,47.41078881770637,18.62764743104563,3.4256220500353325,2.451064947594163,40.371659260886716,37.23551609153918,25.290070861887422,2548.877799915978,abnormal_fuel_flow
1635.3080921030742,3.811188140835181,79.78965127238162,127.1304322987127,425.61553952507984,46.59686433025354,18.859378285360428,2.88845570765232,2.0346574052395074,29.281921150764678,36.19315526497015,18.368202996028,2420.7831180674098,abnormal_fuel_flow
1627.2238773557292,4.009757702902284,78.3375442418101,121.7362033283038,392.654328919188,45.4989874243537,15.879454748692563,3.718432951944103,1.9399922897279245,26.833290116567795,33.40724003561776,16.24190113811348,2631.6096473827456,abnormal_fuel_flow
1790.5056531518765,4.115848416022965,72.20852621866707,112.41798247772049,399.0736169604325,50.20282068210369,15.95844737113953,3.40905619886599,2.0161735166416714,19.660384112366234,41.0803521321217,10.915438797702404,1570.8337700125599,abnormal_fuel_flow
1957.1329416950796,3.6615353100534933,93.69144311575432,139.4457583783758,433.98172557905383,53.92272123048442,17.785778855755673,3.632411321492967,2.761292730061536,45.557719671809046,49.09089638114164,22.494764392040874,335.3778723535987,abnormal_fuel_flow
1923.5112828335427,3.921528082735634,95.8258473542355,134.09533182399647,438.3488982527831,53.65988916809028,19.017794781883545,3.260416181065602,2.5648291920712873,34.68610083413932,48.75201562509411,27.781494482746982,1082.1326334348512,abnormal_fuel_flow
2080.6506849022157,3.641301445517288,88.04936358031789,133.84579550399246,447.0982887759771,57.17913986261351,19.73297970162413,3.4533423963611227,2.656899602640803,60.51637112988235,53.92429917185392,11.026689759955483,220.66440109055736,abnormal_fuel_flow
2170.164184383048,3.50868416513754,111.67243824128174,164.47938471555742,481.39935178303153,58.925565943878375,21.486755719394978,3.009274296279213,2.662032100979062,62.79750941041963,59.03166535478278,32.13534933440919,546.8608679084349,abnormal_fuel_flow
1577.483625981205,4.117349330077514,71.61854483171236,111.3334393085261,389.12207939614154,45.14233301058102,15.099248429017626,3.688816997230391,1.933604909090539,21.354943325174112,31.675465938845402,10.801487775778053,1681.91701639921,abnormal_fuel_flow
2598.9566271181448,3.127674718503111,95.08734012909643,150.97334489016976,479.7097061099233,68.01262078553786,22.010057939031952,3.5395659919835487,3.307525393800928,93.82085240906935,79.17819500136858,5.047325884564296,586.9255878944373,abnormal_fuel_flow
1651.439261957917,3.8773597314957065,77.05840767323173,120.55510343630698,419.1656750406892,47.8870292681005,16.465193101332734,3.7068192206763024,2.0528661704056166,37.75471071826911,36.44922183674553,12.8133763491145,842.2574672305535,abnormal_fuel_flow
1820.0787355309942,3.770394482739969,74.45503207059176,125.25752965315091,424.1209321101488,50.56993038715484,19.94163105827614,3.3552867353071685,2.7015855195150094,57.922430452857434,45.32608930544581,-0.029144050386883835,3311.1734836708774,abnormal_fuel_flow
1901.2983616259955,3.9803088535523727,74.65005213597325,123.1614280656829,415.05208772207664,52.04407480085584,16.851584317069015,3.6454620437007637,2.6570236760549313,45.19279078385259,47.39827946769376,3.0118652109591384,2799.8566952893593,abnormal_fuel_flow
1947.3164083181368,3.830768660693426,100.61505904897294,147.30654603268204,452.9011922990505,54.1771965438741,18.334736345630272,3.4307044271874423,2.453626401210311,36.805684929906505,49.771699037051114,34.914327279660725,1362.9148281657847,abnormal_fuel_flow
2271.481923234422,3.461997214616084,98.78040739156407,148.84202803123134,479.8157399656311,60.26171627004805,23.58897080287411,2.9914398863251073,3.3663266143320763,80.15984675996822,66.2316558278135,13.051864860866747,3679.2668340185446,abnormal_fuel_flow
1975.1099486572846,3.8488445411928205,89.02826147336525,139.208327990975,421.5649109095616,52.61666856509502,17.592839048197625,3.5863601391856315,2.2794854327455907,42.01574786354439,55.02830714045104,19.92913787664354,6228.822456492184,abnormal_fuel_flow
1613.5747382618977,4.037412477422225,86.26690297939665,122.59775302397799,422.5799974461101,46.430640304404946,16.460420051319407,3.56523235783743,2.307919902018818,35.515031332367585,31.644890453185347,19.101019959419922,334.08826912033965,abnormal_fuel_flow
2564.563399756263,3.2571972353754988,122.5343750027454,178.32042448838405,500.8612170580671,67.93036583181225,23.36195620543304,3.181736746180019,3.0587327301372462,76.95667683397713,80.47276795355971,36.790996978461834,3068.778765528728,abnormal_fuel_flow
1879.8705448819087,4.015363803097002,66.38809351706138,112.73414010487859,404.35315905825667,50.958032810617404,19.530222950384115,3.155226708776472,2.270945972368906,39.08752652933313,49.329931679030324,-3.157237649625004,5976.13070424021,abnormal_fuel_flow
2095.162327362968,3.534203515696518,89.89239590479245,137.66594606162224,441.6805291636731,58.17081624235413,19.710554016072965,3.584836772272809,2.6806496749697946,63.957598504323016,56.04177089026584,10.608464879787885,247.85269079195854,abnormal_fuel_flow
2285.549139285184,3.5622286268405317,94.1242707390411,141.29706778000022,459.07810816698566,60.04537255447108,21.788630999226122,3.0077557213416153,2.9261189233241787,71.81685143538381,65.16500541063866,9.448830962927213,2915.26852345784,abnormal_fuel_flow
1699.3712757472335,3.88263367673163,76.18682413907167,123.69362842017043,414.8070827488013,47.13893857755406,17.92757257889197,3.2503895782469563,2.258235407766349,34.41109675076369,37.15703853053263,11.284843284023383,2268.3957621193085,abnormal_fuel_flow
1666.7370929018869,3.928045776161833,83.74214231431264,132.04409630683924,412.07180712529754,47.30663167084144,16.592456802565433,3.905334257189204,2.2339807961898064,44.184241106571896,34.834493438271814,14.69445375920191,1751.7843151729605,abnormal_fuel_flow
1771.109351791199,3.9500903335865982,69.55786622849355,118.24939641217317,405.23809946144627,48.222255733536265,18.150674877517766,3.331314837134167,2.6398695745509695,40.29532200638722,42.397871068083106,3.132315879161542,4480.007155854912,abnormal_fuel_flow
1843.492924565599,4.150765950186121,65.40855220350088,112.7784266236892,392.1773749531117,50.21333072328634,16.36252677832909,3.6368653862854807,2.0949901759953784,28.88201803960411,42.262929335069245,1.6235944943114404,957.4829141162302,abnormal_fuel_flow
1679.373134379809,3.549256949694323,100.37436304738809,151.1831589246115,454.70792904705644,45.79356652347034,20.426473398952698,3.048218575745603,2.4387876716513524,45.224493039548726,39.06818205071261,30.76040951499327,6232.2000234229145,abnormal_fuel_flow
2789.3994003284724,3.1874109191425117,105.14840135209592,164.3656420734354,488.0726184419594,72.88913044848435,24.375426872730383,3.216346288159516,3.0620119171524265,88.71628413646216,87.45947400371297,15.53364595760764,405.5314786470266,abnormal_fuel_flow
2307.198075592772,3.644812820350792,85.69841141309982,135.8701995145051,449.32931136453266,61.210678606056504,21.47397251983071,3.05390948691295,2.799844327945912,55.76045906462534,67.15881706620983,8.441468220604444,3210.990576760999,abnormal_fuel_flow
2628.8599869376512,3.3813418234999184,93.45509418617654,148.46347248099943,478.83782940719203,69.30350259793153,23.199908320080898,3.490650125777782,3.1534099133568714,90.46897517185431,83.71250366483204,3.490015194247178,2815.3495842183975,abnormal_fuel_flow
2704.4483982705606,3.216191467657752,122.696631019662,177.88918677534966,484.5523034507744,71.25659734881357,21.480909341754078,3.4714754335455553,3.1569239247335936,76.92318770691352,86.54929225951047,37.87270597029673,1728.9774838634673,abnormal_fuel_flow
1923.9999959356178,3.579605593430339,87.79465271746463,143.79587637400397,438.01193892579903,52.932467804570955,19.673973069732607,3.6553381664712212,2.85304961874866,66.96085804949593,50.67005162882916,9.168350145972225,4879.013093844748,abnormal_fuel_flow
2286.8528938827226,3.7765807815145527,79.9525100460858,130.2952120523497,428.87633472210814,60.55046979700329,19.12865759516119,3.6028757395233404,2.7779742151671383,58.524042517011765,67.02102260274032,3.0473449997771924,4911.863820501148,abnormal_fuel_flow
2471.5320359213915,3.532873257867575,118.87698120449632,164.66762560365018,485.0545224811681,66.0037268478183,22.137461941764847,2.972379351629799,2.9200026715165612,67.19121388705219,73.3427387071689,36.18997435670511,525.5976399147424,abnormal_fuel_flow
2194.59130302606,3.6367937230629326,80.19152714097689,132.31190755321828,445.67964197173376,59.23973761757319,21.40093424549729,2.9595122715683546,2.6129996716377057,57.25339242752958,61.82549268035964,3.795672720892955,3138.2871458607488,abnormal_fuel_flow
2101.089652469212,3.317124420975916,113.48861266536768,167.97198799065745,464.53363701043577,56.631206963851,20.34133189289539,3.4336199333993456,3.021400234765519,74.92504771849482,59.07272264008454,30.52779711889207,4803.793519953695,abnormal_fuel_flow
1686.9699504131931,3.907551869777045,84.73173177029456,131.88815885789506,412.9730153926872,47.64293051470504,16.695211272244535,3.378310968630729,1.9855388862443613,29.54242396983195,39.93652719728467,18.40981310513279,4080.384388342877,abnormal_fuel_flow
2496.560743119079,3.5680460123285815,104.74909467748006,159.822628391442,459.6539117998559,66.15308633426365,20.80658778380214,3.3568384721842808,3.1263227553072754,71.42510032270681,74.54927495353232,23.912421899654053,1040.6031049850862,abnormal_fuel_flow
1798.0212347666704,3.8964454271458084,89.86971072596373,131.64777206938334,430.19915315470223,48.383884244859225,16.634330774658267,3.719233078385887,2.4724039098318347,38.40822867459815,39.419995982819934,22.920004488013866,1175.6436642181504,abnormal_fuel_flow
2042.633325265878,3.675682518039626,110.87229932026074,164.03694207436843,453.88473410981953,56.163775041316526,18.5900726708695,3.679738055137137,2.877685238422682,58.44371252489154,57.569552020242625,33.78365397789098,3227.963091243861,abnormal_fuel_flow
1892.8253053389692,3.532457012096483,95.50723148124591,144.71043877778564,439.02125961438355,51.548605990712595,17.75719154671153,3.50724534470631,2.5445639165294485,51.980157154594465,46.542902319478294,21.020598390471413,3558.6835494557927,abnormal_fuel_flow
1532.5706431824585,4.108791732427774,71.19559883346484,114.02574661624159,400.15312860195445,44.87860935953626,16.764991950323456,3.3033372526310885,1.63586900889197,15.47928067826909,30.213344128727073,13.675120088759755,628.0785058867029,abnormal_fuel_flow
2059.2592038837197,3.419861368271491,114.52825004621693,168.84832798609574,472.5870626630352,55.382623648198646,20.215533964826747,3.4617361306791254,2.6235030489870477,59.41333191523965,59.833280290914836,37.066557972854184,5788.457010345517,abnormal_fuel_flow
2277.2388401082085,3.384419783006309,110.19711297565391,166.34565086617067,476.22783448942926,61.068674120783975,21.01595845653421,3.2156151261156127,2.7533339556667347,62.738829427122056,69.22918822924098,32.11286982956456,5785.111968899142,abnormal_fuel_flow
2056.8043318068817,3.7458229856313814,96.57950992878187,149.33900405162566,455.62002319432463,56.48968176616238,19.479477282189727,3.2328205034560598,2.732419841111443,55.425027878453,54.464435366592475,24.647911578604333,549.5157318270966,abnormal_fuel_flow
1826.5596828909938,3.6905668767617734,86.27426857598371,132.86479136948893,441.1343679840672,51.60909818054697,19.04787572474021,3.2661378426685084,2.376711375634941,47.4364085797818,44.95416740631993,18.59658760357445,2267.684128554556,abnormal_fuel_flow
2396.8057675191167,3.222441209076808,117.45656983303085,167.75392108286698,485.96189595328354,63.47438889877755,22.485432723638905,3.2845969508275505,3.0787142738941577,80.06296160316705,67.93814354735184,33.64649283165272,358.92258138032815,abnormal_fuel_flow
2304.508487758208,3.723232528178524,99.63632542901611,141.31141606333392,455.58876049647176,61.510224505488196,21.166267973865185,3.0691790827637737,2.461417354492515,44.36098735983896,66.25055478557928,27.239587662389827,715.4829741413613,abnormal_fuel_flow
2792.18348811887,3.396061552994932,91.33664133046646,145.1178066983191,459.4241901567142,72.8628864581961,21.253193959812265,3.5820927812326357,3.247576638121331,79.7696515364653,87.9020996324231,3.166616049401604,423.55401660145486,abnormal_fuel_flow
1799.179387992825,3.306387031787239,110.71046413197462,155.41904252271937,459.1117287146459,50.523884342497496,19.637485465896955,3.3871478961631385,2.4517755598588393,62.05293296026955,47.084109397450405,31.924723631080035,5275.315706830584,abnormal_fuel_flow
1579.5093189274057,3.94581993795076,93.44254648682303,147.4729790606407,428.3277667072702,44.87208252618661,17.994565001658675,3.12027850017679,2.1323508239370104,38.09606060846965,34.27786581781852,26.744213130880677,6260.700285882297,abnormal_fuel_flow
1753.4809364979685,3.8909894672862113,89.84905452346712,136.97782263441022,438.5270656709683,48.426467828346276,19.252317734049093,3.2490470583878195,2.533366148901855,45.07862086433843,40.79155479399095,19.868523198760457,4710.16186105921,abnormal_fuel_flow
1727.8367778772124,3.993084465644213,69.88381485555436,121.32222400198668,430.1447743145063,47.68904065758817,19.839408170239015,3.3576760015938834,2.400988243383705,49.25627188635016,41.04994628017612,-0.7698001659094675,4660.2125386567905,abnormal_fuel_flow
2114.2871788011134,3.557589450190585,102.90307599440587,150.70165270000888,459.09179871522497,58.00519140981163,20.587780666726324,3.0469624765505308,2.656959119256187,57.058678490108406,58.275661336210646,24.7340457902963,2472.5176874772997,abnormal_fuel_flow
2575.570543270017,3.0975450124736286,109.42464399495542,169.82788277380135,483.29554001283645,67.71757947251548,23.963294343968368,3.1638916247370243,2.984716578338712,89.66265238105731,79.3028062513312,19.763267585461442,3365.9875895775076,abnormal_fuel_flow
1602.986084753739,3.9059141053699733,72.90109762197854,122.29209028307834,408.4100734858855,45.884143034610965,17.381650361402585,3.573703526660951,2.351704304566968,41.105493408858976,32.83639844784117,6.6012350032146125,2440.344371230226,abnormal_fuel_flow
1593.0194105194282,3.8447062759413075,90.45233866143704,134.4474368205515,421.9765212599912,45.911718464989356,17.02724918082417,3.514812925078619,2.2773705587425233,33.26719930190872,32.92774690173016,26.36649613834219,2930.1907866448773,abnormal_fuel_flow
2666.230348451434,3.432348782314686,121.51715172424777,172.1509925958818,485.25823274583394,69.00486201192265,21.97256828288437,3.6191352763677918,3.4847342403327035,83.12610649399397,83.2699223636158,30.805361340910636,2665.350097689859,abnormal_fuel_flow
1593.408864965678,4.183074400167468,76.11307602943548,119.11421079823636,403.03077631270617,46.79862555686508,16.283842821538524,3.5679863599462083,2.0122865912783845,23.577532978965426,38.41806819154344,14.655529477387262,5219.802003889281,abnormal_fuel_flow
1733.144247571244,4.09038466605107,69.12777627419268,114.99912939442787,396.4532290286715,49.26942364692221,16.31909366464949,3.2870761548635783,2.0714341717513105,15.0,38.46768798606644,8.705569942475782,195.17981059947687,abnormal_fuel_flow
2655.5759310878393,3.403859941904947,102.44185753771308,156.2318329644375,474.31320850012025,68.5009374060193,21.456398728012747,3.537142255404389,3.168198198803082,74.9285383166707,82.13024274707101,17.495163453027455,2340.5890137546403,abnormal_fuel_flow
2371.873946251316,3.58881514568877,89.59505027930774,138.89414556833384,452.8129011263981,63.91869509984353,20.76136827291866,3.377841712584103,2.8917194244158173,63.63109056632635,74.26091589829412,8.45689784090543,5531.144232044808,abnormal_fuel_flow
1831.2386264512684,3.771416839979593,85.76598577708786,137.42286277760303,444.24284230929726,50.902424359234416,18.57806251624745,3.3972999911779462,2.869398695270427,57.72939127915714,48.064742653918174,10.751046710991195,5897.878566577267,abnormal_fuel_flow
2207.7727368957517,3.4820749972950185,93.85761846310648,154.618840717321,449.7532931725946,59.71316820294918,19.427196660462222,3.573539662373026,3.073036058010224,63.23416193609056,63.84142177627409,18.086424105436546,3290.1325808638917,abnormal_fuel_flow
2158.922615724424,3.9350612274358103,81.95479781744775,126.58157410276881,428.3851017438952,58.817439492216515,18.498586989375905,3.4683162560473924,2.705649609793388,49.53013010715846,58.15762012072513,8.708674862409566,389.90747757949345,abnormal_fuel_flow
1683.2428855109652,3.7267405699147873,93.9503976566972,141.8206181082358,453.32749380446745,46.5117229542094,20.31952897122981,3.3103158352122186,2.737869209734523,56.98632851413413,40.71264479254972,18.44819414180712,5621.381389182717,abnormal_fuel_flow
2155.548916890418,3.2093124121971695,113.24713547184302,166.96702357376913,475.1430385737667,57.438211382054696,21.644015678725314,3.436268174345747,3.1211130879833733,77.47013404729186,63.27084550270045,29.65711752674279,5824.922805076714,abnormal_fuel_flow
1774.4148976237807,3.716733676879613,100.22791013136202,151.21157331331597,452.12765511260636,47.4572767257364,20.233172378288494,3.2061698216577748,2.454657671125451,52.700611254164386,41.49549155800128,27.7143386626163,5247.746506780792,abnormal_fuel_flow
2794.469396107273,3.1463635232754394,106.64176080770291,161.99365242257812,495.71683789024473,71.95351300143511,23.490868276017142,3.116358519350542,3.268366678839043,82.82311468779936,86.78170729843883,21.22453990786181,95.62796178354338,abnormal_fuel_flow
1711.8163403765088,3.952551225926588,79.69090412792748,128.97302604351557,404.5674213876248,47.668567922710416,17.06286845514654,3.4794233803306858,2.5064833767657735,32.21623134716411,42.081536595280696,13.766089567000114,4546.859551823569,abnormal_fuel_flow
2449.892337534845,3.2419619208375883,102.67416774786021,150.54497484658728,480.5544016940423,64.09878931716366,23.207444957262478,3.3231278951965617,2.9821729944229745,80.40408636754118,75.55258504432514,15.094170430602478,5186.138297740601,abnormal_fuel_flow
2442.0360316959163,3.198334699854419,124.15422123164687,179.77408544768775,503.4577119482219,64.98376076467788,23.493066835987804,3.140965651599802,3.0274280522412673,79.24383210694153,75.34861650931519,36.51767367365175,3631.5683427707227,abnormal_fuel_flow
2567.9959423701803,3.5362455831673563,100.63867332961433,162.79856472012824,482.13909375582386,68.14481923345846,23.30780084696547,3.0777351630598906,3.244841447320018,81.29568645651608,77.49812567991324,15.882139196528271,756.3890477593197,abnormal_fuel_flow
1490.1809553856203,4.080759624679446,62.642326496216285,99.87970408420509,399.58845139032917,41.502171617692035,17.596177373414413,3.1448254251102137,2.175573695503681,19.67467684686114,30.747411498760062,3.239878117760233,6446.673147372093,abnormal_fuel_flow
1766.573665600002,3.936602717966691,76.62693312607388,118.7086754760787,414.9732254401059,50.556710955417195,17.74218836918415,3.314814560661312,2.000195344594891,34.378193346106485,43.07713146135174,8.762516078006573,3234.8519246420856,abnormal_fuel_flow
2539.659721532686,3.350763380847346,110.43624398990538,165.98136795468128,484.8036947075036,67.5957879671951,23.5339264872581,2.9187979034802267,3.1976667785741064,77.66074125133369,80.05158922494877,24.62597258369333,2988.992908273378,abnormal_fuel_flow
2003.599439325887,3.555744110070093,90.71789350445806,136.94161555113743,453.3963351900161,54.61515430643,20.811792641136027,3.246665108359834,2.596194755182089,55.09588361450503,51.16390850160011,15.99818456102155,1071.0555483348867,abnormal_fuel_flow
2451.188806897481,3.485600039472181,93.28579740813488,145.4920887398723,449.11576522340783,64.67403023626541,20.863913674600933,3.5436519321442126,2.918938603165696,69.20050211503087,75.54990892328155,11.67497129773038,4455.455212101504,abnormal_fuel_flow
2580.6613193102467,3.170022902620153,89.62448747946455,146.96628996143752,475.79946713360783,68.42695935403701,23.256575032881774,3.400999629805871,3.4320991884080057,98.0,81.81937519833423,-3.1013236274076705,3183.106772709145,abnormal_fuel_flow
2047.3640107925203,4.069848816032816,69.23186592503306,125.71358097132781,421.52194618245545,54.78223945603227,19.751711153146264,3.1985013652448053,2.3559136589255565,47.566425729440304,55.70550773189932,-1.6226309584390457,4987.7742809960555,abnormal_fuel_flow
2330.9934100501505,3.4910318735555896,84.28286979934641,134.75715876627476,437.856007703652,62.84189549700576,20.218361460476114,3.60523066397337,2.7978575397735588,70.15825263695626,71.70017455277691,2.0878643415583147,4757.456930189021,abnormal_fuel_flow
1622.238639498526,4.096835480326189,86.58588906632164,127.27349741519183,417.26642985059806,46.731996181019674,16.753843302869356,3.079086937635193,2.4177475913682267,15.866883165118374,35.38515262796095,27.20422503910205,1895.2429894554507,abnormal_fuel_flow
2300.401610906871,3.7961089184978474,97.23423658350559,143.85352442913222,449.9153352031307,62.74607027322502,18.890919138648314,3.578871723129303,2.6936626193182924,55.46668797915481,65.01667525043094,19.826324956408783,348.92433319469046,abnormal_fuel_flow
2306.414063322608,3.4477473375606866,109.42478362278935,158.6824428666426,475.08593657879055,63.37096269919148,22.355096746447575,3.3579828821331374,3.102215413339819,77.79030551903642,70.29238280243874,24.54608516130317,4218.587868162288,abnormal_fuel_flow
2234.4291307512776,3.4411741048841464,102.38483160693009,152.76832807386828,461.1245637302524,60.61306089789006,21.90432156486978,2.9444789484471334,2.420794173610671,54.22236175208337,67.76217426991226,25.034861865635737,5786.24991925795,abnormal_fuel_flow
2269.874279770351,3.632682390857395,95.52226870319222,144.27465958522401,459.3162575192919,60.59856099954374,21.500720566991145,2.9233099322280283,2.833366430290852,55.20523894191906,65.53273015309911,18.439294587854093,2889.3324979801323,abnormal_fuel_flow
2550.011379134518,3.375069073770053,98.36842656381864,152.49076808419053,458.6020091735317,67.05185414470522,21.38529935751125,3.404795987601104,3.1123161599330897,64.98084560214238,82.98653924351827,18.921853556388978,5684.766824083364,abnormal_fuel_flow
1507.931712655782,3.9258216024191244,102.72476936623565,143.46400594453334,443.76423341511355,42.61926665131699,17.982048220330235,3.521012910431055,2.4474454877624914,47.01002456996404,32.49975379937155,30.491651648436964,6096.356571933578,abnormal_fuel_flow
1814.2098563351883,3.8712554132876713,76.4581133506485,121.99643088545204,412.5835196107685,49.12438002232283,17.041529895082206,3.612897146586176,2.5190186792387617,38.8998282684917,45.51128491934534,6.448204541302793,5278.581885244268,abnormal_fuel_flow
2659.992720090497,3.4871032090549923,90.23094971303539,138.5826274011393,458.5713519357379,69.60118851687234,20.22817976708849,3.7274447006816307,2.8331271825177176,70.96205223946401,85.75139597743059,4.571356090651243,3736.1501003165704,abnormal_fuel_flow
2027.3765145696375,3.7716360001362546,72.90307593066686,129.68953427413206,446.7773922722823,55.19505223643429,21.129940996865383,3.0647529166280094,2.6979494828990807,56.35395015042991,56.56423899453342,-1.6652466094762006,5264.804085373261,abnormal_fuel_flow
1671.523694011626,3.8739064822950935,78.07584679411838,133.60288456468948,421.104706696443,45.598753445153775,17.493591539045656,3.799019515995905,2.603007757012147,48.30411744499004,37.61450298648709,10.272841977961976,5114.2206156025295,abnormal_fuel_flow
2279.146543788536,3.366230314644474,111.61543296262388,162.54715120376477,496.1905588636756,61.43757943115834,23.032347324590624,3.066523595659005,3.3217422909100844,78.66785555510575,71.15687729158088,27.129356856081483,6287.864010838228,abnormal_fuel_flow
1772.4001651697251,3.5783853192032105,95.82740193231736,142.92879412252148,441.35273253475026,49.66447177107863,18.53082632435575,3.284404249717846,2.517476711627431,43.825841339466415,43.50482091908769,23.543629348045652,3339.2990263850456,abnormal_fuel_flow
2609.722033318425,3.6035493972164234,89.15147291221265,147.76748974046703,454.4601646118744,67.84674634898784,21.49472188301104,3.2358875654680936,2.9053601479153417,61.21321938725905,84.58727614026411,7.980441217386486,5721.824385840947,abnormal_fuel_flow
1658.3035864008234,3.5202992497820995,98.06811272923277,146.50941478890834,446.61943007466243,45.68503896177831,20.0972601507232,3.484363057534657,2.6804626768951243,57.425756961193045,39.56543724546507,23.243335303675412,6488.7822008169605,abnormal_fuel_flow
1653.4521073655585,3.5339267796797826,88.59564375306996,138.86186927040274,426.8582276162586,46.34151456157784,17.500097546270442,3.738743896090158,2.430560802023131,42.61511834115157,40.54351073319264,19.174585967077153,5864.745450273216,abnormal_fuel_flow
1589.0994139744885,3.827096704747939,67.66924187937737,110.82184023604323,406.8004980190765,44.819013346886905,19.411984102985503,3.06022979332329,2.3356198151511705,45.1597778778861,36.200098223992036,-3.39170624605699,5383.983925373025,abnormal_fuel_flow
2153.0604776719647,3.54541404349188,111.44269790314509,157.70027860636284,466.3221641730982,59.034728346647455,19.442088723877085,3.517141986864187,2.7000204374430448,63.602232213696055,59.87985360569497,32.59093031295315,838.0138496047937,abnormal_fuel_flow
1989.5337192160985,3.690712823848638,82.11726407150827,134.12803917105094,439.6863146840388,55.353576698663595,18.785095059111708,3.6619599033930466,2.8423163935423648,57.400233815969116,51.97649846627228,7.638792461333058,679.6541055931092,abnormal_fuel_flow
1670.6697977055476,4.038215706655488,77.94437559590502,120.87498105655226,427.00827614717804,47.72267270944511,18.8533561041336,3.3034259050100183,2.1480264788679815,49.33609993082034,37.01795612395582,8.266841288011907,2008.501148101704,abnormal_fuel_flow
2110.464837811971,3.6544657378680645,80.73857228074625,128.78238987758456,442.2416188758519,56.03904371010355,21.487591039504508,2.948384171511056,2.7294934946204856,52.87803357713768,59.48973777056504,5.057933668655604,4761.582148262848,abnormal_fuel_flow
2093.4909703204244,3.3823306272923066,100.9833302867687,147.6007649671908,464.7094233152908,57.645035088297256,21.908556219693835,2.9890462260587825,2.884347280491452,62.54181462088977,58.72352469524444,23.69027404102423,3617.9864970350036,abnormal_fuel_flow
1876.9061323422013,3.6969057198747683,110.2292074529044,158.66729223470097,449.8704465875284,51.495576078842866,17.789255154828307,3.7798576088495737,2.5999326130794773,50.95336052490056,48.53984312288814,37.39497125685855,4406.611153245246,abnormal_fuel_flow
2093.0378116816823,3.2833720848786907,116.36330997233216,167.45778819786986,485.29506924341734,56.62082765920988,22.1363002536115,3.1430409500807137,2.8425599321625277,71.79846823915071,58.82453751296124,36.36794593723189,4131.638790940764,abnormal_fuel_flow
1502.4232571744735,4.165423717170587,72.06907544098321,113.8521600813544,396.48419905580226,43.80684814877766,15.500661051446032,3.5426457653193633,2.3612201186774096,15.130788616461555,30.718427067253216,12.953358995706022,3603.843487427331,abnormal_fuel_flow
1821.4708898961705,3.911563005033804,71.4348697217127,120.53637712011329,421.0225765122597,48.643992770359795,17.85363107342521,3.336684094449405,2.4116274339862747,37.03801713771099,45.35065689831455,4.871811357081361,6235.389337148787,abnormal_fuel_flow
1621.7390098893316,3.830978386125005,93.15075374537136,136.2245881648237,427.82850335414963,46.99817243750513,17.959691209559693,3.4112759265150183,2.278652557379212,37.42843941452009,34.92177681396691,26.59561155308647,1349.886446011142,abnormal_fuel_flow
2202.7703792292773,3.496922249983747,108.57418077119823,157.97269175351187,456.34646365547167,59.08979876673755,19.4383466732347,3.615274634919783,2.795197109292998,64.9233862937656,66.18676879366961,27.16033869644345,5698.87540000485,abnormal_fuel_flow
2722.0688531541286,3.2796650328436576,103.62631165908874,157.4455345335339,477.29563347212945,71.5093239347128,22.822413722568655,3.024334235913172,2.8665464693782368,73.48672614262544,86.6814439959572,19.87003015481528,1063.9231653234137,abnormal_fuel_flow
2011.2616047525946,3.7001106145805385,98.23346990014016,141.4760211624561,450.55976934820285,56.06111636828167,20.313003658799705,3.002783355080981,2.4740817638252874,45.8903747263839,54.24546862504159,23.994656628413622,2141.0477080930323,abnormal_fuel_flow
2648.2240642978054,3.000175056868546,126.09193200210177,188.00469399792996,522.6770273233112,69.93344664499159,24.66132172615922,3.078990692675504,3.1835498137760716,97.5464874384032,86.09781905367494,33.3682025260363,3516.975709669466,abnormal_fuel_flow
2443.855787001389,3.6373898687291346,92.43342377010917,143.70249960823782,455.3154559266616,63.20123774620236,20.187554315003528,3.5170236322931343,2.977296321077601,71.07480739754101,71.86262107316065,9.298433669681353,2662.8402151789874,abnormal_fuel_flow
2209.0180915449464,3.6206021281932914,77.88490205707038,126.75341071404418,457.5506773553967,58.93465992450549,22.630605092547697,3.1230208716712946,2.90022757824399,66.47965919191255,64.429398876098,-1.8658973435531094,4406.10398978282,abnormal_fuel_flow
2509.95147391569,3.5519321570881552,92.67749420210849,151.51745927945535,466.0583895060355,67.40329743150707,22.288643020540604,3.2173737632507287,3.1283001922427798,78.41556302118319,79.0857228452699,6.586159757418361,2804.6186418209154,abnormal_fuel_flow
2143.9040117172976,3.6479595526805615,79.57403567664515,131.753525667068,432.28441102482464,57.98448606711712,19.211725369431257,3.26756774190064,2.769737110977191,58.571525827474034,59.30307386336992,2.7747952147377193,2057.2811494605203,abnormal_fuel_flow
2010.1590506790033,3.5813256565826417,104.14957141274803,150.5594993667206,446.46825504433417,55.17627427645389,18.781177397796856,3.465231245291541,2.4648674366043637,48.69053352688266,51.60822474063935,31.67227469487435,376.9723351961161,abnormal_fuel_flow
2326.4801234581914,3.348233717769847,113.92460799623501,163.43311691488995,470.3683097562578,61.70784207598944,20.728405524363545,3.596217656572516,2.7228834160814404,62.08082383921021,71.15937077225513,31.96514533723125,5493.734634552593,abnormal_fuel_flow
2285.8784143817497,3.238952977609033,100.44834296708768,152.56581475686596,467.2588440375305,61.57328637795733,21.073359195463578,3.2567005177252306,2.810258721001226,64.64309184928028,68.43737866324265,21.667195401870995,3997.1939744534056,abnormal_fuel_flow
1775.3863972059262,3.6307731507849397,105.40829469693104,147.80428298048338,450.15594626365373,49.24838981247099,19.645433043814798,3.3125922163635604,2.5315142323323534,50.811655033765334,41.75257096140742,35.32390296202859,2335.7131471429975,abnormal_fuel_flow
1841.6645064843908,3.7339243719157844,92.48835372212244,136.47062922461393,433.2765915146773,50.07668321616445,17.628172405621147,3.762269325522191,2.3594949343212352,43.40403951560397,47.27743106186619,22.171814004291967,5432.012458566841,abnormal_fuel_flow
1913.7563636252455,4.020081519687322,77.05629094298524,120.39635803020536,421.81601028984915,54.79487623506507,17.331863772808898,3.4523095132926613,2.1892985417431357,40.641687459991495,49.11071857234847,6.032713139951875,94.0617006641592,abnormal_fuel_flow
2045.4244020465699,3.5440470658036194,98.86126006199642,146.6476086097821,463.8318843738693,56.179589071142885,21.132696110126524,3.122684862220389,2.8520584523161774,59.68917886181866,59.98737614603217,21.647053385144797,6254.127956719332,abnormal_fuel_flow
2439.0440435699884,3.408546485904212,86.44185715229486,142.57338693890648,468.8129433974733,64.19369288147375,24.27860750574614,3.039414330897652,3.247014703220725,80.16308623581226,78.0725712291353,-1.164225849172138,5950.55447928211,abnormal_fuel_flow
2031.1612402051921,4.065894748196367,66.85374019051434,114.52209682834321,408.05297762258476,54.96596237996347,19.124708073255572,3.1562773814497502,2.450186402692786,43.91594804979808,50.51879082263477,-3.5140616490053294,481.9112962324034,abnormal_fuel_flow
2311.3452487318377,3.47538578516519,105.79202954206315,151.53816075780063,458.1639386224833,62.17940750808066,19.400960343082744,3.4340343721006326,2.905418488517228,57.40718208566651,65.23404951563373,27.397288621221133,571.8099581255482,abnormal_fuel_flow
2343.780826989269,3.2273240631771456,112.57207945528043,165.79094609721224,473.5503156344969,63.93082368452972,19.987416519004455,3.4782800740274027,3.0746897111385483,68.07603612401725,70.5640565924705,32.329015967240096,2202.0658406758594,abnormal_fuel_flow
1583.0258151276432,4.01952972341987,93.95933119611881,139.67197497912815,436.3075763541794,45.482418037885076,18.978923450015156,3.2234039143553277,2.043070025653322,30.215913313402787,34.360131769706996,32.078577344038685,3075.30419198012,abnormal_fuel_flow
1863.5796978308963,3.7411703876628772,96.35517206697413,149.7692002806206,438.5660435245795,50.6242614082829,19.1379446265272,3.2048664242823053,2.4205835505165023,41.97489730044358,50.11871741574496,26.57072428832916,6397.481182159473,abnormal_fuel_flow
1641.7648184147806,4.1167890497382,90.4146353398699,126.56055766419365,421.8042399519675,46.287596525872544,16.670246331108977,3.6132345299785835,2.163432301933397,29.651666541605234,32.31441361536038,24.74100606879317,616.0707271933577,abnormal_fuel_flow
1550.9577479639647,3.9117873755420627,93.00117734885272,147.426973949136,417.7759412919403,45.224152672313885,15.541975088139653,3.8985178666566407,2.0985261643012154,25.820012504389087,35.76345530194694,31.38502993581517,5640.531709618368,abnormal_fuel_flow
2605.046815468449,3.6195543700050066,99.02208731102247,158.81421233674325,458.7094447483399,68.8782198573143,20.814755948058124,3.3593710699566657,2.975676056044792,65.50625774862904,84.9007889725008,20.733676514736477,4292.053815745344,abnormal_fuel_flow
2559.004356553738,3.098974230244526,99.18834533177665,154.43519207910663,487.6607033386755,68.47982022228359,24.871343336732746,2.833125573900731,3.1950950692994415,84.35672161627173,80.6456662201935,8.814873801745893,2093.2497704339285,abnormal_fuel_flow
1538.5369380379084,3.94171785734158,70.25162371441793,114.64696799798652,398.2952130346511,43.936245708035486,16.34503237147023,3.645731432386355,1.883973720536505,23.408469044969706,34.84575795612822,10.333002811509973,6006.630820240538,abnormal_fuel_flow
2732.5677028514074,3.0972891297936567,121.49567422302172,183.91211708466207,509.77476286589535,70.10395986841083,24.200342984982203,3.079059609934836,3.4849335120238725,98.0,86.97617027510152,27.09092680286218,3955.8737547638502,abnormal_fuel_flow
1732.2924418306613,3.8353161372558957,81.40107942744356,128.38922597625708,421.7238956097435,48.73527479645297,19.121168048315802,3.295629313619803,2.1963273721037098,40.59993751997469,38.61038622541416,14.10973177197496,859.4439223752448,abnormal_fuel_flow
2267.5400624262716,3.359160186885612,95.21997926602212,152.65931162673388,462.14760799613214,61.98288788179657,20.847076360819035,3.555741931077519,3.1559500674480496,83.00038710665727,68.29181126997632,9.700188574578714,2785.857515054003,abnormal_fuel_flow
1856.4032775040787,3.572235557258898,90.99381634115815,141.47799890548274,439.40531463306763,51.02118727159667,18.663006831326157,3.539529867075288,2.2648761185088855,43.68714702222296,45.850728812236824,22.994417258402837,3698.4204425160524,abnormal_fuel_flow
2450.22885497414,3.0818063719803384,122.1812680666192,173.75573303309739,493.91492028154295,65.55541220100164,22.574780741553536,3.1190558258406247,3.0222845447799647,79.49934482749772,73.9848569732016,33.3475630309559,1504.1749780216562,abnormal_fuel_flow
1698.2093136688418,3.9339009827258704,78.38911712363631,134.3829172727134,422.04748556827343,47.75592738729568,18.80888112685615,3.5204153877787037,2.6764706149638,47.376415298855704,39.80463772761192,8.722992098530916,3465.2778163411995,abnormal_fuel_flow
2181.033325810991,3.6249701461136965,98.44039358300999,150.76244595440392,459.233319930057,57.805634568987976,20.253779905211214,3.247470683480718,2.530381442005025,60.12890914543033,60.81434160341464,22.26059430611519,3702.7468886862266,abnormal_fuel_flow
2005.6977018662817,3.371477214657852,107.04419409777718,149.7147827745743,448.3739165497087,54.54730535129481,18.629073337512715,3.5168216629642646,2.686293154189379,53.11824362023797,50.466271314083464,31.46331329753494,771.7849711864574,abnormal_fuel_flow
1516.9743581126704,3.9688793319440334,75.63791929479179,119.9537021766413,417.035969654302,43.558928171801405,18.354491843985343,3.161506050650247,2.049365047584503,34.41272193215038,30.06803087067597,12.969028653632613,3447.8042967122146,abnormal_fuel_flow
1643.5219490693696,4.0874055157322635,68.671422236162,113.72704612040921,406.1873918789387,46.302636957492695,17.693259663389778,3.5837908175374262,2.3466415446842483,41.399009363543385,38.8576041401799,0.9532032490417544,5782.1424048055615,abnormal_fuel_flow
2180.390490499435,3.609871574213096,90.80489094068209,135.6683786371304,449.4442097071393,58.56717862675825,21.041810616651873,3.413642124621511,2.8521044154043556,63.33627892405973,62.85069450551966,10.388308093728268,3698.0846832925754,abnormal_fuel_flow
2688.451470258486,3.1990558043423327,115.0381248289757,168.30317568030534,509.60398406559494,71.34177338596042,23.55388438904175,3.0510750920903416,3.231235890459967,75.46744884328999,86.87932934863079,30.736511877786043,3315.3012665642855,abnormal_fuel_flow
2386.625116354208,3.4258483111702387,95.82330836847268,144.7414821812551,459.67578386733703,65.34529568881781,20.719353466506448,3.4566721159236113,3.1303993112698576,69.6979458689328,72.13847770730915,14.482333755079273,1623.9076149659434,abnormal_fuel_flow
2147.57766651322,3.4538603859260952,91.11303174512435,137.47377468046346,436.47209719521584,56.1947855442727,19.044856037675647,3.6405164375839707,2.6564600030438843,60.603787207166185,61.30385827790113,13.523592592771472,5327.369806459231,abnormal_fuel_flow
2565.221675743289,3.2302560287395536,117.76512449260356,166.99717604287127,480.9524477680257,66.82737111424058,21.52180063418315,3.3430707163134015,3.0516870515137913,76.77429621385838,80.3936925692451,30.891296555834273,3384.9205754022896,abnormal_fuel_flow
2528.00775352253,3.491579021853158,92.66353073645314,146.56184979625957,471.4289558291503,65.5042567095309,22.88462420286993,3.09053843302425,2.891163905165138,71.12898361487485,79.41554460554609,8.413912427621778,5967.353821777713,abnormal_fuel_flow
2599.6156827637265,3.1406134647069943,104.21644588695202,157.79325676718972,490.17639364932813,67.80722868498128,24.196074136644206,2.8665336219644297,3.0173038267199765,76.62560792723912,79.72623098793031,19.422758349111767,1326.713347193887,abnormal_fuel_flow
2440.515297611318,3.3683030580079008,112.17465073228874,163.79929455075472,499.2860041404569,63.24132720196404,23.77639808045842,2.992127080040073,3.243116020817896,78.30330119631924,75.80506476551955,27.423305378881373,6094.872023005785,abnormal_fuel_flow
2467.2573422950836,3.5657455717365645,79.71011309706557,128.2093295925099,435.4769721485233,65.02624324780399,21.115800193164112,3.3683100708643323,2.6932665472124633,56.7171826525783,73.48297821247647,1.0204557181883611,1713.7113615239048,abnormal_fuel_flow
2089.6105814337216,3.5392456849044907,101.27684873102494,155.63588041630794,454.76231516023313,56.36064619357244,19.33175438360876,3.5807336814770045,2.8855389894363586,58.401950766703884,55.59678257754694,25.34166249993863,984.9444531791995,abnormal_fuel_flow
2658.835400945774,3.12569699962327,125.02935281098927,181.8541124652264,500.5868118224683,69.4301302593081,22.56691197642772,3.339090690183596,3.2697265776021376,87.37771880323234,86.22051007426471,33.29686501710969,5416.93390120356,abnormal_fuel_flow
2084.6900249865403,3.8305413651744042,92.1379141883054,139.15019344011804,442.0601965442429,56.07694165620044,18.495415018894718,3.4417620787892305,2.403943867801931,47.65596047805572,53.40694157368652,18.38288690577213,923.8414027903593,abnormal_fuel_flow
2559.074800312798,3.3412777485527583,110.82832552524347,169.4031659673378,492.39894798127204,68.58931424462064,24.28124089940747,3.08019433272255,3.211417805136765,87.20665032748032,81.97353591233805,23.08897232767119,3721.8287564781567,abnormal_fuel_flow
2247.020748043693,3.492486876680338,101.5163734906069,156.5034488962328,454.9291563581883,60.59299419803743,20.058421609411774,3.5523934636245773,2.7727998475904494,69.7371038731088,68.12828101692715,21.028343608098666,4841.407790084806,abnormal_fuel_flow
1683.875366249683,3.8070613272888134,100.82925360083713,142.63672406259332,442.39484090096886,47.444681957735064,18.725897784625026,3.215463118354806,2.398307461897416,31.321565591018555,40.27969434838597,35.65467103192788,5450.680359262903,abnormal_fuel_flow
1685.591519220937,3.9831412713525403,98.87652072607995,144.03476716617288,438.12535885412984,46.516715265778174,18.049041400271463,3.2800200372837667,2.374045030262013,28.610333694781836,35.70890176631304,36.28056024576281,1924.667444829654,abnormal_fuel_flow
2498.7673154208956,3.480905142425275,85.63925921691435,148.87035317097013,468.8174875544165,65.52945549647362,23.757187795107516,3.2038517664520922,3.2342294520171793,91.52419687489363,77.41646560716669,-2.221919978645629,3914.783520919541,abnormal_fuel_flow
1851.129429013278,3.7202795864955034,78.94681118525389,127.79226040736474,432.7577300294101,52.07857165546558,19.501144718179965,3.318007660848226,2.825859985117981,57.832840328082135,43.70082030482887,4.269420811561726,371.35052520886325,abnormal_fuel_flow
2497.2612039479764,3.1808782074749793,120.90271359555862,169.1034986812327,498.55127333492396,64.75121973242902,23.32229318244041,3.006157065706292,2.9099952807603704,76.65300124722162,75.81203615211632,34.908085173030734,3662.6525183493827,abnormal_fuel_flow
2052.833088619633,3.7384311055786794,83.22570730863049,131.7192196282104,434.00192962166903,56.40883486426082,18.73382059201293,3.4297287088726893,2.5574475676330235,43.89597240896973,54.50124258341352,11.264252258874349,2033.8668627926857,abnormal_fuel_flow
1655.808338551168,3.727018323325108,90.17753866938428,135.0580176825541,426.1226231869235,46.00717003778921,17.91619052884309,3.496875270399921,2.1121467720824905,39.76395617759809,36.491258731936384,24.8809987549855,2707.502840201136,abnormal_fuel_flow
2449.4373590215496,3.4060464582655827,107.0737018510999,159.02438212120492,470.9985143490784,64.68365324552418,20.905283852107004,3.582140194226324,3.1433096914168566,77.97426846332854,73.1279989720321,20.741440888529123,1888.7755403679196,abnormal_fuel_flow
2311.4486857330157,3.40723714116866,119.59734680706198,182.18135915613473,490.5890856847139,60.61791804126662,21.892124656658034,3.2810996498214826,3.3515400836128797,79.37961941264169,70.29200026476953,33.20107798328129,6201.914361256023,abnormal_fuel_flow
1462.8128851576726,4.019862864193526,72.82309629032275,114.07441855014208,407.8460795175626,41.28355712520039,15.851183219860092,3.534311876764707,2.1651786015954033,28.579132188488487,30.33139943173745,9.327414975397065,6013.439565659258,abnormal_fuel_flow
2287.99698907545,3.7496343041314106,83.49951854974479,132.75497297181127,459.92000531045517,60.97622854266277,23.14467618807428,2.955846674123655,2.940560162115834,70.17495398746158,68.66008414208733,1.0827649968851891,4784.4578615200535,abnormal_fuel_flow
1738.3356703383263,3.7577808535963597,99.37101172060625,147.3586353475444,439.2542991384037,48.33529993974257,16.152875598735708,3.7297207622234225,2.241319178567485,32.91190899984941,38.71070716900599,36.13389932239884,1407.1776239680746,abnormal_fuel_flow
1834.2499564485672,3.6141058828195742,105.14445528710814,166.01414379064263,449.0924503909216,50.64982129441213,19.318940960915143,3.415758585872914,2.7673666773903256,54.16921214360573,46.765644759132854,31.197964207213218,4774.327373781748,abnormal_fuel_flow
2268.585136631126,3.6445283475021495,87.5805860937612,137.27180707771777,442.425081547699,60.429840705784144,19.333882607342918,3.606605738405284,3.062541624440313,63.06652121812389,65.12415214042157,7.625470953167408,2439.9704851491624,abnormal_fuel_flow
1666.1030121964284,4.037761031410602,66.9715469877319,115.970792320249,401.6061792531439,46.37591437285523,16.916282469292728,3.608774038517744,2.273968494548137,36.56116942162762,38.46039003483649,0.5667649330165323,3709.1895668310326,abnormal_fuel_flow
2462.8072498555803,3.493321424596119,79.69113794954352,135.3616911027216,450.61948089125354,65.16381095875288,22.2908213289733,3.2008450931664365,2.7462061249712035,64.99269175699936,75.08105724481119,2.0129264494189703,2691.8599731566633,abnormal_fuel_flow
2397.815270429737,3.164304210478528,120.2263627131641,175.42115172611514,495.4405060159156,64.71031344950282,21.818857693643857,3.158210086453857,2.917659542652658,71.5745219666649,77.20144178485943,35.40944865748393,6158.785466582068,abnormal_fuel_flow
1654.643663832242,4.0711432179561315,71.76839918889316,120.69631052079237,420.08400857940643,46.781661361800914,18.7289543836388,3.247299495251644,2.4579879899294808,34.54765300560621,36.91471698557888,8.219420160344422,2348.072847016322,abnormal_fuel_flow
2139.6745384983215,3.7937657549090247,78.6543226177434,126.07738827823722,439.0737136287832,58.209166720681566,20.3073715446254,3.171102997579189,3.0556433282750213,49.5944193353734,59.05930935828826,6.064628979113685,2213.32822556943,abnormal_fuel_flow
2288.617527413409,3.8813893528255003,115.9144108601294,159.950249124884,476.24267584960893,61.1563195362376,21.43408715901799,2.811968102057858,2.7882035942478844,55.38954849703855,65.85090352728069,37.39685299868902,2307.791668391963,abnormal_fuel_flow
2034.7372800337678,3.5489793691340963,77.85002317761517,126.81640533837813,435.79149207244706,54.793497945150904,19.944233844545867,3.2476531479947077,2.848571046083645,65.09232786279313,52.87082736407698,-0.06115775977095428,1532.5916221301852,abnormal_fuel_flow
2391.642349043225,3.585704548457273,93.59281238681862,145.06622432080522,466.0153381720355,62.04102044162888,22.86812166388795,2.976347645704847,2.9575771506165425,72.29495966382973,71.72900484444052,10.57621631894417,4494.8162616566215,abnormal_fuel_flow
1717.951011365606,3.8805874899146584,84.3638916463558,133.07436609369668,423.8128748607257,47.98025839098423,17.6529924715759,3.6796505774635246,2.7109995575946475,42.00952678218199,44.20661070983839,16.22033756307083,6176.659488534755,abnormal_fuel_flow
2375.0934174224567,3.5901200717581214,102.29185135490998,151.0274233456696,466.96490415322944,63.51929764591974,22.632186835762347,2.874840593393339,2.964633076323684,65.43985355066503,71.21892708680281,22.272737346907615,2463.8087382285216,abnormal_fuel_flow
2485.1206672802887,3.4825931686626324,91.06239405070887,149.75075504231071,469.9343190202701,66.41323347351576,22.093358697330274,3.4670679020284245,3.166063736285157,79.48184496294002,78.01850111953091,7.233162744456315,3639.191550855353,abnormal_fuel_flow
2320.125840524749,3.5257695650650156,103.36529971039305,150.67622314879966,466.37486203708784,62.94654355196693,20.59997450418991,3.389240638437922,2.6739499815356016,70.88819318961079,70.59326791366587,20.906156155225162,4303.96102607605,abnormal_fuel_flow
1856.6196103743105,3.7506032455024214,101.270943142956,149.03473736674678,449.1936390024929,51.85828072657962,18.549503689776596,3.4454465372009846,2.386246995930618,46.0155793860923,45.07323788093664,30.831943903591124,978.9086473816008,abnormal_fuel_flow
1972.7200406656818,3.8382447749321624,86.48050061038957,134.35731950858374,430.8383757226893,53.92589991368379,18.626732050471094,3.428607181139272,2.6178601250202753,47.719612447360895,53.11043235028391,13.983895663258062,4414.1167286511745,abnormal_fuel_flow
2401.153566462975,3.3746337060055263,82.12214047158815,136.10916121992076,440.2448392947479,64.34854275430766,20.356899134633274,3.445694457505958,3.1883305922479948,71.55504723530309,72.69832300932916,-1.7142219552791467,2966.1686450862735,abnormal_fuel_flow
2062.4130448185965,3.688424185491397,92.92492559113872,144.67065005937584,446.72045946364045,56.36837474546115,18.950487908466712,3.6628017218684996,2.6970078017344243,54.265604179394074,60.099994023794956,20.26737701304892,6433.008027857005,abnormal_fuel_flow
2622.9972561082295,3.4325739278847527,94.50743342443168,151.601539523624,465.9057941454981,68.53338699877774,23.384786143829142,3.1092395674359254,3.4209979378516837,81.91198797844422,84.03665485266318,6.192002353992095,5708.660869449335,abnormal_fuel_flow
2163.3206198420994,3.952020776163853,76.2947423856558,124.95619807729803,436.31772144927925,57.7115287255006,20.681622536836578,3.3346965242368505,2.4966993166072005,62.17690047568353,58.30551999364874,-2.714172862551781,2622.630139126066,abnormal_fuel_flow
2136.14737460621,3.4126479921478534,116.04556162394572,167.39945919440248,471.943988297134,58.227493231485475,19.704635745902678,3.6269329326441517,2.8520320429490824,65.80201171260845,57.32342461032692,37.52077212728556,265.9175308996888,abnormal_fuel_flow
2633.265470569303,3.434935162046437,92.24804504935983,142.9821606655707,470.5364355519067,69.16102143734918,22.222251615779363,3.1193068735603644,2.9074670200398236,74.43209615362825,81.99051943121168,5.9393974537336645,1175.9559081381485,abnormal_fuel_flow
2013.5562292521513,3.7075899947486812,80.30815039892731,128.4498680388143,431.12131326093055,54.57952463104894,19.80797316604417,3.3545867670822647,2.560225504230066,59.57602214808798,54.05059667814573,4.274329915156712,3846.5861959896147,abnormal_fuel_flow
1596.0201186256252,3.922951921342857,91.38541364698342,145.50900586230665,423.71223004130724,45.20949638117366,16.92863951572052,3.2433995401850315,2.2902820891435516,27.794062106760418,34.70686886902229,29.488160390377807,4431.576563265196,abnormal_fuel_flow
2745.9855510607117,3.3270528434624485,105.45286275226043,153.0271471298863,492.1562573872624,72.34057393177183,22.979603464933557,3.3495167571892197,3.222357196304315,92.00230141825097,86.91120604863289,13.497166227265083,666.0670685571893,abnormal_fuel_flow
2125.175251908767,3.5237068331064205,96.63126450673913,146.70827156888586,469.19907932389,56.99605781134032,21.993018741927173,2.885903950991367,2.6607496241869644,62.2195779242386,56.157173692668266,20.181130570297476,1272.8196441685727,abnormal_fuel_flow
2567.269950416495,3.2215068601057917,109.37467157107639,166.8218639497124,479.8226362566604,68.18433318242589,22.540427449563566,3.344969646753581,3.318130289413428,81.19035294472658,78.65156384565348,23.71446484944073,1053.7048076069577,abnormal_fuel_flow
1865.602438374299,3.5600206600348816,126.25010995882036,195.5179118654543,470.5167539080746,51.84216714955528,17.374497445031793,4.050774500834641,2.8605257311132797,61.85798863766402,49.64045433434698,37.1960119092834,4210.9294327937405,cooling_degradation
2197.1604438189406,3.8613698283591913,88.83424735998076,155.97954919667416,424.1886690378361,59.16738386022382,17.872560875117134,4.0752092827719135,3.12089018628766,55.317765189395715,65.6009634062169,-0.026240333550149098,3694.0147612397045,cooling_degradation
2365.2215680852514,3.28471178379282,108.31484368680881,173.73708360389986,459.2735233946505,64.38490771723933,19.24520624228924,4.049876388126029,2.875554375782824,69.38010379960042,74.71653137467813,17.985669942807732,5203.8085516033525,cooling_degradation
1752.673659637565,3.904771675630287,95.8796429318236,163.48092884128633,422.25564323394394,47.546729027469,14.95316511583714,4.187309424116672,2.2545701860768803,35.93611833406838,43.74320139531322,17.310831384077755,6401.526563051138,cooling_degradation
2047.7705899224954,3.5164853076094604,121.37823574752645,195.179507741662,447.94648713175206,56.17486796157607,16.21152225585043,3.9922407344139703,2.0755605215422173,41.4385692477035,56.5901173213541,35.49830205306181,3014.8253292918416,cooling_degradation
1729.4340384699708,3.8808921302134785,86.35049608388563,156.29597471916827,420.40159322384034,47.61033928559229,15.338612603316529,4.149443310679799,2.3646870203116546,33.68448620421123,41.8407022968066,6.196708643860575,5676.1343677505965,cooling_degradation
1739.9146797043559,3.7302481963702254,110.53990131608018,181.87671596055958,433.58143943242015,47.74817665186003,14.401952794562762,4.1652459855685775,2.1401897818494393,29.014520422006804,39.987459794943746,33.847943856614464,3277.996669344032,cooling_degradation
2512.3637662563356,3.0558710998806164,133.7483795744924,199.0913643456527,499.4273051938632,68.26828023756667,20.69176744919747,4.130224807506363,3.404525295770063,92.55379625451938,77.70543737526387,34.21750094799624,783.4129829134619,cooling_degradation
2165.432298075801,3.685122221324899,96.64765922790313,165.71667621261855,446.65906130748436,58.43746250881301,18.62035587782189,4.09047567892139,2.9495371017269774,68.55837032332424,62.91454680694882,6.614272284812047,3955.2404263743188,cooling_degradation
2529.895540405433,3.5769945411397166,96.54997313578613,179.33863364697586,455.2319630075324,66.29232706129103,18.92875547974587,4.049024123265001,3.251060319203483,71.14732997551086,78.73696595766505,4.1745699142751835,3661.5881139682183,cooling_degradation
2457.8729781812312,3.531981048649218,100.75767854197775,177.3615534412325,458.91362813337673,65.19710199169862,19.2213144996048,3.9317092633336883,2.8884732335498713,72.62893031009483,74.19552701553928,3.459134003600996,2466.0076469328164,cooling_degradation
2133.896391417021,3.691190616618578,86.46551735969663,151.92099625050275,437.45859658944283,57.933460302892954,17.709520573102164,4.091009196892485,2.614524888423729,59.64297761272715,58.867105774129776,5.0552520829004415,2592.4312601029515,cooling_degradation
2643.168398493444,3.186575549117678,116.59096901669541,191.04761451919364,481.1177410459415,68.38652957696921,19.458191068807604,3.98565893992708,2.9278819084278593,83.04782809284389,83.03319843184053,18.293974645966447,2223.3624455936524,cooling_degradation
1658.9705831753606,4.120786573599202,76.38162149241128,152.60896960113112,410.4665828556331,45.790588428479985,15.532802264136885,4.164136208934062,2.0892218417736386,35.381768649438456,38.60298617808617,-0.47126266078495904,5634.696790666817,cooling_degradation
2132.807769445755,3.3436106319549896,123.12632429522809,196.62463730129048,478.1455016070906,56.57558294705671,18.688821188286592,3.995010696251507,2.98820238634834,70.30196293323446,56.3974936272192,28.262349525900024,1743.0954062505914,cooling_degradation
1884.4201470996059,3.932984549340162,87.85476324878907,160.29653977515164,429.2815838613582,52.071546130400314,15.963735356675672,4.124047072078532,2.3724493448717707,44.60503362200779,49.3332466778621,7.546011052183622,4514.624076416935,cooling_degradation
2625.738218585233,3.26314046377471,96.57417266361492,174.06001840133143,458.8251830292952,69.43771441079237,20.026089416270107,4.070814552247,3.332473150386375,83.22346757365366,79.7723038892099,-1.1958332862575607,633.7018413185422,cooling_degradation
2604.7067572681035,3.3117799763977214,109.35970789880125,184.06347605920067,475.2115314515325,67.7272174999141,20.66195715781155,3.9926658863386195,3.261300776331923,88.45310542565333,78.59240121316333,9.245315659049648,1285.2049006532031,cooling_degradation
1630.3245679987358,4.110993672944259,72.20316970570116,135.63828247177037,393.31537326202914,46.217851753448926,13.87023371263782,4.2208214600947995,2.0711736193544885,25.876401320442156,35.26478300517365,2.9213771741192494,3054.226741943882,cooling_degradation
1943.7834365620295,3.808048282711051,102.24661371268724,171.67153197171206,442.3776186740656,54.64618719837643,16.69759926471737,4.176315357699098,2.3984093831586613,47.572744861654975,51.505008276832406,14.092754214410792,2133.954178841215,cooling_degradation
2086.506797524093,3.4065694721637767,111.07197013572234,179.89277178726206,456.43422526369295,55.542936545360554,16.625285072693742,4.071986034963419,2.7753427914989732,47.024417890142296,56.36480898184581,26.960372281222206,3621.573678038698,cooling_degradation
1633.0568734502162,3.7623995002841664,107.66514477306234,163.20979691976893,427.1859187196642,45.20531639273685,15.524503440039926,4.125704267084444,2.3085517595479477,43.27234600706972,31.99821274066713,29.14839321652851,1931.0076541498693,cooling_degradation
2008.27864690392,3.497936312856706,101.73005010255648,174.09405554538154,441.79995823846343,54.3950518584906,17.331731453872123,4.045702050625081,2.689992927059906,54.37266392680327,57.03855646289722,17.014945147538512,5784.053069482239,cooling_degradation
2591.7108156858276,3.309867712808178,127.74288218255505,206.2010311612881,494.6887033746574,67.97678165681415,19.170914945408658,4.0229017096143025,3.2615354468679922,71.5288371258401,79.40748113978796,31.888212539026682,320.0372317300842,cooling_degradation
2522.62567156272,3.377918314840083,114.93600014611836,183.06234480723458,476.0016735539941,66.77936048391409,19.659278837052415,3.9453927677465264,3.152804246502918,77.11431766377838,79.7264626221336,17.80267425180551,3316.645067313246,cooling_degradation
2147.6504782675215,3.7327787240085937,91.92897461390967,162.0786477031058,441.90617268728715,58.49333122052965,17.496111048300147,3.9404277049548213,2.5963719972009502,54.50790499310733,61.87232942337232,7.305263950462193,3800.7061732095576,cooling_degradation
1733.196227407087,3.9113610810920125,115.30245236094854,190.3701185483135,446.3433120932178,47.86568043720967,16.20368996071947,4.1710261325790805,2.2699723948619077,43.76280369004029,41.251998183716196,28.570317005975753,3718.7220293100436,cooling_degradation
2697.1657467886316,3.135938564038961,128.22063692848647,206.64437660836862,515.9823293219542,70.71785420092127,20.75902301053269,4.019872180072395,3.3806478130272715,88.787033729922,87.751970279132,27.23361116567834,4018.0608920969325,cooling_degradation
2115.7866834327115,3.4329165061731364,105.02469671331696,171.95326330390617,456.4502434716952,57.0529022319012,18.55399572438142,4.155573028656505,2.782404833493839,67.95947341560861,59.46566380953415,13.176720975211156,4202.748048633772,cooling_degradation
2360.144988504613,3.44778867989437,116.25427720729553,185.92815845549293,468.2624894449639,63.923886522379625,18.412277710662924,4.101069248313012,2.9540402462725965,68.74409129130946,70.73909246152859,26.910099596955835,1608.267340608994,cooling_degradation
1662.8899126341905,3.8254729598324246,81.87634141702215,151.89579650432114,416.7727260850667,46.93687700299423,16.550254475097642,4.003569927894424,2.347101633284759,50.495286586704964,37.32200870010224,-2.284238296700119,4064.992703946795,cooling_degradation
1679.6357828476775,4.010397073439208,88.02813554494513,147.44395145734237,394.2649417243766,48.02108812678296,13.006784618200788,4.167756954437452,1.9480967088152303,16.180949446031264,35.78394748434638,20.855139540295777,1183.3694781986153,cooling_degradation
1711.8771033236403,4.016571529899209,82.13899425584589,156.5463709315904,412.6405746140626,47.483939615908604,14.745115534582858,4.3321353701106995,2.4188344715060146,28.79951532522352,40.32897212040671,3.4113479086616376,4437.835218922299,cooling_degradation
1584.740842922128,4.104375402735182,82.49992088817348,133.4407926175067,393.64372481745994,45.71248221370312,14.402762461132507,4.089835033528929,2.287849612894792,27.111524856421465,33.25699228401946,10.249094968024094,1663.4262480200964,cooling_degradation
1993.74718023111,3.7793105881922586,90.16861594031056,164.73008619322258,437.09317397523455,54.75520562341877,16.94413532645491,4.0362612716905995,2.5407397365694395,53.05992884868955,51.01373124424087,1.7931480887968307,1860.5761457682304,cooling_degradation
2081.274969515386,3.731150109948298,95.04099014731577,156.22513392400575,442.465346363,56.86136433961117,17.86067651571031,4.054699353473823,3.063617238226868,64.31300248716065,56.17351922578058,7.905776376598432,2071.3853554347006,cooling_degradation
2194.71144070233,3.5909016591414193,108.61543534697415,188.07806610440716,453.3219213739801,59.340377437838576,18.56487930462002,4.023129416014,2.7537202310533413,65.45909202563871,63.909698697389395,13.281745680077261,4191.3607280274955,cooling_degradation
1599.9375568516177,3.842818621203574,95.70156316468348,161.50818509646282,422.3513768465114,45.423237877404596,14.558844107172396,4.095679809346201,2.1676259132946845,30.537754239008663,31.58065753767963,21.14581555513454,575.7917568643263,cooling_degradation
1937.0073291158315,3.523706399210551,112.79776259771906,181.04208357768985,439.5083560761833,52.62864023329279,17.50151086703563,4.117131722754724,2.746441203642581,52.67944780651118,49.121902031303485,22.000335038102328,2549.167115334776,cooling_degradation
1826.0678976736563,3.9152145090648522,100.997060054147,178.96610167418083,436.9983947361545,51.50200604189166,15.967032596863534,4.076779363200014,2.410063354013227,40.68060994292136,45.971079543927324,17.711448729275865,3241.424570720752,cooling_degradation
2533.2729636831887,3.5640958994886174,98.21726295359643,168.65469367769123,462.94681104202135,66.26865166110639,18.176866645776414,4.192349240983266,2.730620797416478,63.668734631453994,75.48869370223136,9.089047073040858,631.291245500378,cooling_degradation
2631.090590324223,3.328375720364943,116.69973145744314,187.07921772848545,480.78094402887086,67.92637835001572,20.597345792043615,3.9600768553559407,3.257866125142326,79.62161753247335,84.79887175335048,19.767023723566822,5546.124598942072,cooling_degradation
2334.02115656792,3.3618452534860066,97.5518108612624,167.91178541957052,456.42643127225125,62.568699997637054,18.615011152313542,3.9420172700837326,3.131337377447592,69.90425147391842,68.95781599262496,2.6698297595313774,2675.843380357214,cooling_degradation
2594.578649682629,3.355075515038864,107.507508813905,174.46385718535646,488.5545777705635,68.755414735381,20.71338806032071,3.972413468338872,3.4586515164940037,84.46792621307854,81.04704827593699,10.440413125130029,1225.3949034374175,cooling_degradation
2616.7269791865924,3.1737959730298595,130.49474771561628,221.78992374582717,503.50311626293416,68.79141627972892,21.57079143354861,3.8921035868696583,3.458598822137619,92.53290442648662,84.10538643983865,22.581596010858185,3108.8152256210283,cooling_degradation
1711.5519856034377,3.936681693435329,106.45765701039295,177.55737603424114,437.98540914359194,46.87149498001562,15.01984028239081,4.1314004235633535,2.1958258517581273,28.169668845280228,39.67547999838463,29.933962863486933,5581.365405414722,cooling_degradation
1931.89045596516,3.7637113521916823,101.1757394217351,167.57451053848973,438.35056519416776,54.191803446745624,16.872619478336066,4.050014166387971,2.578703857050465,51.650029438850325,48.62280064865348,11.381031722069991,620.0765189790791,cooling_degradation
2631.0650396596575,3.5672830121002685,99.46422378542027,172.00690186640134,453.41518925632954,67.64275768859483,18.803369306654094,3.8484985803032314,2.7743715341928334,74.08823423976048,79.2623286556289,10.835765392993165,2925.0337114501863,cooling_degradation
1881.6468143567026,3.8698944633938352,84.7661477556896,150.11291854733764,434.16698407810327,51.98816801353691,16.87530032475863,4.033704932996244,2.6419918796885624,56.11289073866258,49.96706565059218,2.390523050230035,5926.393927273001,cooling_degradation
2581.9660148246267,3.3457697528504258,119.13493105587486,191.7682564594249,477.92283521217126,69.16863522963388,18.673164043879783,3.9751102292204887,2.9037908302680795,68.85979841219294,78.09533367827028,25.27216309474942,0.43787109955584214,cooling_degradation
1765.5329055792652,3.9360843494194118,81.21530410753043,140.976844577319,429.95301858911716,48.53896144999921,16.94595887167823,4.21863657498858,2.5617969194339096,60.67919344035223,40.622649667827105,-0.027274865666879755,3746.7762400858273,cooling_degradation
2632.436061878018,3.4708685806246327,101.16023113649227,190.27582955200114,461.16330176414976,69.41987342730492,20.116890205194053,3.89979256937793,3.2044748021449565,76.66222084296112,84.71312817941211,-0.21220273882293927,3288.2999557941657,cooling_degradation
1487.3648111757473,3.890506296795875,97.24802887117463,154.0662967994589,406.62163447156956,42.7735053849679,13.041392172571632,4.106878510831921,2.1175703432589366,17.099236807193247,32.615317171280786,27.92017012977087,6072.871486784246,cooling_degradation
2342.3459176413635,3.438322462779127,94.90502319595478,161.75727283743814,451.3245799615356,64.68551502677636,19.151411333363818,4.01689573849749,3.23485742919847,76.74778185913944,73.63154554736136,3.0002928636761292,3374.352332750436,cooling_degradation
1679.1849480600858,4.0518491209682255,82.09423558720509,156.29455390739773,401.14988024452026,46.525955830473336,15.172657725998885,4.071506521790974,2.025073315480767,32.96592850168302,38.41281729386742,2.563442162630487,4890.716582440705,cooling_degradation
2359.767958053882,3.183176861874801,123.46940667363376,196.47337658307964,478.9373184059285,63.34070402223215,18.72266432759401,3.952922980632782,2.6684497734299666,68.28990294060522,68.79659224223866,31.208006116048974,2027.9000120645603,cooling_degradation
2413.0213473304425,3.4992234242528215,117.62375477255651,180.3684797156733,470.9872655816442,64.84958718207992,19.022622476423123,4.000637437287369,3.103570887314917,72.1614048054261,71.9768465748799,27.78395185019728,2352.452172850251,cooling_degradation
1803.6509886401648,3.5175121203571122,95.65497276082688,166.54748164535903,444.4667717531148,49.565944179114254,17.11829297241322,4.0206494481101505,2.6680604316152357,59.80962943746415,45.866880663277804,8.024088762492035,4830.594111387148,cooling_degradation
1563.1309393655426,4.090493042371492,77.74284582861358,133.3223155118576,395.6719978169888,43.35463871509371,13.498401100227355,4.293873704118354,2.230465014722704,26.235783424876317,33.488903721499916,7.455041551194819,6400.199413251063,cooling_degradation
2076.8182642740176,3.393710085608817,112.71842098911563,173.37515890106587,449.8200096697495,57.48636894343694,17.741314781555648,4.194427589286887,2.8116767753137655,62.135166826910975,55.20387426454769,28.1644342364733,272.97900693489987,cooling_degradation
2632.1949944482867,3.368157027516448,92.96819099292901,156.66571453114838,460.77116540643914,69.28672938522955,20.408474387909827,4.017148701974873,2.9869969118359654,86.6689626262934,85.94848284268721,-2.233840423767881,5158.127880127939,cooling_degradation
2189.3844297813193,3.6859305484507483,97.73636257543829,172.46029417998832,439.960839267117,60.43068021492539,16.84633402098443,3.914109562161368,2.8024920105513975,55.029846060856386,60.869667387983206,10.308384668920857,221.32641536981967,cooling_degradation
2049.3161990423296,3.745181975953667,98.90111114092252,174.4577367405928,441.2875798810976,56.382872794548014,16.968505596266798,4.119163669186508,2.4799862187419386,55.82579050511435,53.119613845211006,11.984279179056015,683.2374556076514,cooling_degradation
2464.0387168134716,3.717750939008327,92.38555099641188,168.6820742657486,444.03916371759107,65.58208891958671,17.808887196660375,3.9242705531184274,2.7753159486151326,60.6719673178994,72.10938437015035,1.241104506036846,20.968175921502684,cooling_degradation
1761.1528536614178,3.771305790286765,104.57741586696974,161.74003182247904,428.5176598865414,49.03454892774028,14.801025298988439,4.1588275724504005,2.126504510506931,31.74651961829894,39.52343774298352,27.064993082500678,1131.6332652681378,cooling_degradation
2466.9339401427333,3.6767364811527776,93.96219345705344,167.24077047516118,450.02837395130166,65.37469733105355,19.808243246451205,3.9214760883709663,2.9890620524213127,70.82223780758308,77.56537953855855,-0.45966981998738987,6200.624542100323,cooling_degradation
1648.7045803828642,3.887528634201501,102.8460007783893,157.07328594522647,424.88166826004135,46.77031670466949,15.101127079482469,4.250668450568133,2.3407194963635,40.398625478822645,35.156097958456975,28.778559639139004,2243.9729745247782,cooling_degradation
2476.86068146933,3.489107806006505,105.4743695914891,177.87481091773898,464.12039817276707,64.96955658834638,18.62076638943493,4.013482405474375,2.928574181830259,66.54583998647362,72.89137813008224,9.7569853091955,1960.2419357768665,cooling_degradation
2347.4163819715964,3.5278622784602245,117.31883656957984,186.1998728367343,473.6925101286149,62.54670586879845,19.140040172853993,3.9509244384871467,3.137236758480011,75.0267012467372,70.24510434712724,21.770182593340238,3882.5572942335625,cooling_degradation
2035.4227980374826,3.679972487387122,89.77489657630301,156.55389920259148,431.6735281483862,55.06912088337704,16.91370616322463,4.11920653596847,2.7472515467121577,53.619459834906756,57.558359032022956,8.435766998701052,5688.422448145111,cooling_degradation
2276.25058609185,3.678903052981445,89.92988242729044,152.592297945607,435.0861626367818,61.57520259337907,18.088338861547406,4.116504702851901,2.775656738313231,64.37919212930665,67.45276083961487,2.6048674726289813,3156.5674773998026,cooling_degradation
2139.142249927535,3.73259700458544,92.56938072184053,157.35785689613536,432.06289093963744,57.29979491664505,17.187253448609543,3.998473265367651,2.809409766661377,53.706815344226634,57.876485750644505,5.972712114465521,2525.590627133505,cooling_degradation
2304.0332434272473,3.3764190982402873,112.82880493692107,186.1910247473337,471.6573078280985,61.206434035810716,18.773817301015015,3.9877093642173507,2.487228092972896,66.81317207343405,70.66059831591237,20.79350297821164,6163.328851123701,cooling_degradation
1870.8735541855258,3.8512448018741265,83.55988461271804,145.0598124890684,413.01834651664626,50.568882260377656,15.79276177688072,4.235377130481113,2.515972009477293,43.56113997093721,48.8899320570563,4.367720153963462,4748.484018913663,cooling_degradation
2081.9397057302585,3.6020942122870823,95.6711722253241,175.47458286119144,445.18585151536445,55.82086546574377,18.267470029627745,4.1912776511322365,2.5003765818145687,59.92452376113247,59.7318194968748,6.858372101295542,5605.569137475763,cooling_degradation
1920.6004397091388,3.3465373449065443,118.65246047093065,196.23773373379242,463.15999636887557,54.39749391682243,18.744553696586824,4.084295291638014,3.0283616819922257,71.53966023089053,51.33170110337812,20.72907085923584,2979.6834622005576,cooling_degradation
2184.2699864414894,3.3894933026210188,96.0524916067696,176.89979846261798,452.436936202304,58.9761209819278,18.07979487720134,4.140690896512722,2.553308317065464,62.106080152470774,62.467946203830465,4.766228040028204,2846.2345243320565,cooling_degradation
1714.661239007257,3.7173656217827684,115.17636210988263,179.09337928142162,438.7622270196015,48.10190929330762,15.167306854381478,4.282634185101764,2.3177326060404915,34.89416378047623,36.901300842903865,37.132344263624624,640.9646202627282,cooling_degradation
1984.9470661371436,3.7142437948900673,118.98097100173496,184.42748571355582,476.2153374925175,56.02502482478005,16.18625938703544,4.041926747701641,2.5057480608187164,53.41804974055045,53.407919861647585,36.315040773507675,385.04239162945134,cooling_degradation
2120.3389177771455,3.5215419711501035,102.78461474743257,166.86569055553971,439.47010909578114,55.91317715474506,17.52531298326057,4.054727780583642,2.5948826743966817,56.426583957461524,60.10205994215552,16.889252172094693,6351.380234433818,cooling_degradation
1760.1449009366272,3.415655116619354,116.43083360092854,181.877469074764,449.0832734749948,49.48255008848106,16.692913711057436,4.1342107452524415,2.4865617685997248,46.618364122943404,42.98179001645407,34.741470646046515,3071.6063718049963,cooling_degradation
1512.6207094918902,3.9805130799541324,74.28073630693999,138.2014969475234,405.52171602564306,42.12779192663861,14.716450238660917,4.079031096026488,2.075583272592956,34.60735947043284,30.869125543498516,-2.4370120932588097,5308.757107239745,cooling_degradation
2641.011298457269,3.2064070860106018,118.89407286232412,188.5353714287691,475.8973618199501,67.40451489209059,20.339985394008853,3.973843847566908,3.3833920254467156,84.28321262980953,83.61018056801676,23.80474091914124,6215.57378193497,cooling_degradation
1849.3320751407,3.5416241839789544,94.85698109230648,152.17881577503178,444.50713995037705,50.18349739998055,17.740344295237243,4.164376070726258,2.934212305400674,66.8004936484015,46.686809001993474,8.253067801607344,4082.363727717935,cooling_degradation
2228.8730246560326,3.5967907424172334,116.07415213935006,197.05820827430117,478.26198499210886,60.236237226610044,18.85604636545881,3.8977408571523022,2.9063909011874083,66.33216190767715,62.864192946686096,21.20902990455116,1189.6792940838932,cooling_degradation
2036.6037270349048,3.944821144172728,80.13279959772974,143.92166077337652,413.007541664261,54.85879166343037,16.71859831610589,3.8850582550689796,2.3572982572562875,52.353779764520745,53.24802455162748,-0.40509117761748437,2664.6638121648693,cooling_degradation
2045.4241935499358,3.661042083056294,103.15323971390663,172.2536310448064,439.4786697664035,55.13693378561972,16.087284926212014,4.200031525647438,2.469902794241444,40.83583608716971,56.28244660918024,14.914735642046796,3567.3917752089747,cooling_degradation
2073.5792103574418,3.6557344596090675,101.1406389578306,174.46080483218506,447.9419667800465,57.04803377754687,16.953053947281177,4.021289781376062,2.5656035177677134,51.05511914497263,54.72198741845755,17.897959345567546,289.04809302015013,cooling_degradation
1804.0774433134263,3.9334657801048025,75.3294738928831,135.2852022667687,395.62529101033726,50.99350668853242,14.246475255607479,4.2045458992240174,2.4936062509974235,30.31607499484084,41.04855443158311,5.40534653324954,232.3673744106014,cooling_degradation
1707.736207965039,4.002609351853134,110.09669839250651,176.9175197024769,440.88987953236233,47.76572187214264,14.909523966634353,4.266154048024133,2.2644023797705075,33.77538376045591,37.6682653272845,31.107269321955695,2784.352675251959,cooling_degradation
1876.8258791125495,3.9645153084533398,86.73377335884052,167.11939276297812,415.3923973624643,52.457418579013414,14.637728402406347,4.074487834777233,2.319851418232481,28.75455808286288,45.81459334639977,6.904697912101015,702.5264287652664,cooling_degradation
2504.192663275226,3.2067615066441886,126.8278212866632,192.78716750793956,477.1008635092092,65.45993973495715,19.00252768665496,4.045750929142147,3.050687547660565,72.00785853070585,79.06782440063579,35.19517485314111,5257.129842792819,cooling_degradation
1628.3091853165374,3.692003269778919,89.46266588975642,159.64798762682975,419.4224345605657,45.966527897363015,15.58635426657999,4.132477331027973,2.5126228130804824,41.7639073767906,33.70859697679372,6.687884891343197,1600.3532122454592,cooling_degradation
2407.0331324746276,3.59953962930075,93.8946524902366,153.36845662157072,428.59599995307565,65.59320370420151,16.276716797997274,4.053618002200076,2.5648706058299524,46.356624588424225,71.40631110243706,14.662000312459561,436.2104382831734,cooling_degradation
2399.658063295749,3.8427853744222698,92.24887730632057,161.7111560025665,436.7780174480763,63.964817465403314,16.770248542441625,4.109886690248662,2.5398615294534364,50.86143107279016,69.68680135156424,3.5113340460754983,815.1922557840871,cooling_degradation
2431.621544838187,3.4346362465090903,99.8422078322655,177.01362998091693,454.65693805123965,64.20778058197894,18.596010663842282,3.963255528474425,2.7287242254550126,63.52970158499725,70.94392874216491,5.4806953694213325,623.3283749528051,cooling_degradation
2686.0460031531065,3.3410015347371598,113.26722660848236,185.4031651925442,476.58927847502764,70.61290753128453,20.004317027001935,4.027414087969183,3.015258117510128,80.24265951740597,86.7326050187335,15.801692971896438,4410.364992801977,cooling_degradation
1606.2278300433209,3.8191554305135877,111.63350100157463,171.722457461671,429.21996553495825,44.940571209583034,14.372631961717723,4.152491729627049,1.9013701173256408,31.28036429933594,36.36691054440068,36.25978790154395,4787.788325690793,cooling_degradation
1746.8942695607072,4.0578690236622075,77.96669485847,147.416715698448,390.59734178681106,47.71841848582724,13.446907035873906,4.479487342839442,1.9309599811526543,15.0,42.63527929540086,3.986791857024838,5663.064406939573,cooling_degradation
2289.9298577485724,3.4952458552447694,119.74857284202119,193.53689059026425,462.1839523937295,61.15797124410329,18.053140401211824,4.122940181894261,2.734981019151233,58.98212415264946,67.34936139495912,32.38292640070882,3828.967957566386,cooling_degradation
2446.334603594209,3.588427224229979,112.88507232754094,185.35842940292682,467.3171833216823,64.43344829600667,19.665725413619583,3.970645673548934,2.9119069332806613,72.26929300720916,74.19183811863918,15.282212503226914,3187.6602828576815,cooling_degradation
2363.9338479677263,3.4937200194209774,107.65093360356474,187.7755665714743,477.96533247897196,62.46304595229286,20.671181632206192,4.107777024180694,3.095098442912359,81.38268222925954,70.34580302832296,4.844249071391255,2949.59637056622,cooling_degradation
2041.7156146990287,3.581685235077039,104.34992191429637,171.36542922362312,440.92222595235694,55.967785261078504,15.982167216966667,4.145866505801903,2.6922853324882023,44.34664355288025,56.17123780015589,23.401785611547986,3031.8562738254413,cooling_degradation
1597.078581271216,4.027015366251678,91.27470497528583,153.05401679906925,408.6051381845285,44.71273343420448,14.203743563361982,4.368500367820692,2.130240993602519,23.58649116138413,34.13747184434784,19.064408248859802,4814.064036096431,cooling_degradation
1739.2213092413187,3.927324093831,99.95202311053359,157.9569398560891,425.0768252066939,48.619386359788194,14.439424147848,4.1990724635908645,1.9074288633529515,30.478603745724232,40.161901019374646,26.0478586020259,2022.6819193419744,cooling_degradation
1943.7855816301897,3.919216238859661,113.1239300105369,177.11342464314177,432.4263228970638,53.65203864368899,14.693792682534314,4.126997731479947,2.1355938311152682,26.072023407609958,50.7225078574162,36.58317974606535,2043.9263347311949,cooling_degradation
1555.7621863234872,4.100349933781056,81.66688580342795,148.40673874392718,393.27065974090095,45.16459063603385,14.6068087060248,4.134649298228837,2.0089244923358374,34.370219448967816,31.669933341925578,7.50720438467683,2116.3100109240745,cooling_degradation
2715.160561195165,3.396900489569133,109.28272074345736,177.0286772985453,470.48282737812985,70.62666346516382,19.586713822058407,4.002814592524952,3.365187871923195,75.1609061600706,84.86285834410985,10.621102588618513,1917.7783699599738,cooling_degradation
2258.1973309701903,3.580005789321392,129.2869687211229,209.40338705176183,483.0055396273451,61.22972905078328,18.852560692128087,3.936136228472974,2.774854075005071,64.41221822985861,70.4099015857635,35.60878884336012,5737.21593733463,cooling_degradation
2409.513429936708,3.478896576804146,121.16786400645852,199.8035299366822,482.1355397309796,63.564709760603165,18.720153965331825,3.951411628662274,3.0131228049863115,67.95552457647625,71.79584727327678,28.372306526569805,3711.4613060961215,cooling_degradation
2478.8427841532634,3.5827954298056235,104.21773178496638,171.8981220700257,474.15836754709665,66.78244205194524,20.187792297882705,4.016164091119929,3.200315058721129,82.21471217582226,77.06953611207301,6.092608654954908,3542.0896863188937,cooling_degradation
1985.8661957797003,3.6393710037344444,95.45264896753092,172.21344087107286,430.1301698573755,54.65814154840503,17.20915759993372,4.015125990267366,2.6387962758329353,53.7494559326948,51.75128098158314,3.5662658106454526,1264.931006592207,cooling_degradation
2382.289965213376,3.569020952105532,125.30284810910173,204.11257720836875,472.42154233015157,63.3242841329879,17.954936948060936,3.9368224474137268,2.8259971916613393,53.59758183784704,71.85803778721578,35.088450317780925,3134.8020655294786,cooling_degradation
1769.5680216949547,4.187029820445418,69.27083431057551,120.24825604944225,385.3170614054905,49.39123023176563,13.497014218606054,4.144782465812926,2.021996648543126,26.804633332891687,41.31825345906345,1.0323971426357048,2501.617096408298,cooling_degradation
1590.5207802817536,4.121540499645419,95.83361316261214,166.59373729147683,414.6781720204265,43.730003547703035,13.698958449955786,4.010495998376328,2.083781461541507,20.5222311267121,33.138813353161,22.6181954254017,3380.6630651474934,cooling_degradation
2663.631471735528,2.948571602587969,124.5028373378776,209.86413176596687,508.79164212987365,70.83439479430466,21.832585331875656,3.822906985947819,3.9292242150588934,98.0,84.5866631156996,16.801342051591146,1737.7461185365287,cooling_degradation
2549.9023470412517,3.234352518901625,109.51256012327887,174.78851638443146,474.1653911139855,67.57476883486927,19.524012382225724,3.981200814026152,3.2771634602346396,82.05122204253658,75.93408002772826,14.643444351891395,582.1346484665563,cooling_degradation
2229.599021004356,3.867935755835845,92.84578229894043,152.15677957268406,442.5605232828315,59.27704642715087,18.1887683196531,3.999279648686018,2.993786171598344,73.19343165160123,64.29507744441969,4.747500973682979,3816.4215468627813,cooling_degradation
1969.367881113207,3.54223058605852,117.07174054935243,195.31719544092817,460.2658928217725,54.10738997998159,17.722592284717958,4.090415290132933,2.7642398649519757,60.39272995190117,53.56559126798924,26.064789721316643,5796.944357909387,cooling_degradation
1693.8087565557519,3.869432882992032,105.01416961255745,178.5881053358268,431.5886822145781,46.404492084087686,15.360555258195271,3.977873100655936,2.2926624371128823,35.86378065625118,37.08260214782697,22.502442179863454,3627.7448226563206,cooling_degradation
2034.8882570178228,3.934480902099637,100.13735807182692,170.73686752711046,432.6009353392703,55.2250613893874,16.351725328577206,4.306620498445825,2.571051242524222,40.04984223990668,56.13512787738114,18.898337037987094,5206.347293113942,cooling_degradation
2673.665101911602,3.1846879965670825,106.98778550225906,174.57762476088806,484.1046430703985,68.16633441801838,21.651345448599034,3.9185872976820932,3.5269242653092947,94.93368376670279,85.82822089653234,8.044691982759057,5863.923559963284,cooling_degradation
2310.7730270508196,3.7064817268167047,89.2251911530307,164.69183232147066,440.6356411023496,61.38692323951479,18.85543489639335,4.167200637667544,2.5327897216403925,65.64353502632405,66.72248246468597,-3.644842568056624,3953.875646222038,cooling_degradation
2055.8276152848885,3.594793802738684,95.54699473829464,175.85846269880813,443.0002382592545,55.85683048949628,18.092583906233084,4.09219060619901,2.743400810156415,59.206358261878876,54.481242232226414,2.3718617012509533,2601.028037612579,cooling_degradation
2632.2086270333825,3.087795401906256,108.21977840877068,185.56424322095202,482.5778625690748,70.7617967385015,21.659663402359293,3.827057232666776,3.3354800162684284,92.64128859183461,87.28330583376118,8.582120539236197,4467.285174983068,cooling_degradation
2197.0979634967994,3.4486912784198513,126.5277672941027,201.56200756262268,477.9942155770992,60.095146920377914,17.641510993811757,4.172967392649895,2.854175761760914,58.73670055905715,60.43220061174918,37.48200866285878,835.2253591859122,cooling_degradation
2702.2891567802526,3.3041689464249573,123.11613604709811,191.92762948401196,489.0815577231541,70.00254240017287,20.238944776840942,3.921852830123347,3.276619353614426,89.54296186645868,84.18142938363559,25.523377445120342,982.714133251315,cooling_degradation
2080.8118328767923,3.412641948533305,109.475682035594,188.5967462760354,467.56294054341873,56.3968831777321,19.52284622179455,3.8662613494306037,3.2980754644448464,80.9877108310467,58.94618221810095,16.413672382536117,5890.121422704924,cooling_degradation
2460.5471102743168,3.249037881037473,125.60878712072513,201.92638247832642,488.4554884426308,65.95852202293489,20.48837406343805,4.085679293299122,3.5735121122635,84.07498527448648,79.28381237987762,27.880008805035352,5062.629475301006,cooling_degradation
2480.8745803140723,3.394033669472406,107.7853728780286,176.195588916808,463.44444548209515,65.34474639170864,18.625907303915408,4.117903432215929,2.8246834361303086,64.40794120914398,75.77706805958397,17.277888523493,1473.3921311276695,cooling_degradation
1729.6277432981174,3.823556622954219,98.63845561184043,160.74898762265866,423.57266667522737,47.97532026076664,14.940967805807079,3.963319468751558,2.485973668120302,44.938790408134,37.99308519639433,25.0382360218154,1586.8579081079974,cooling_degradation
2616.642517827568,3.32773123853249,114.12800877681416,188.48213484192604,469.82187616665226,69.31698579956067,18.689156932111622,4.06681078768608,3.225880328134183,71.94313825829602,82.00045951491967,19.72709069869985,1567.3486042298357,cooling_degradation
2113.2607584974803,3.513838185311559,122.37634052010209,198.43889101834074,476.04183338871354,57.12305573021006,18.83066565023173,3.9025369530325817,2.808791383830267,68.64819206568946,57.357204992387956,33.117470537788236,1968.9351160824517,cooling_degradation
1585.645966578491,3.8404300358844985,118.44705771984755,188.46798959649797,447.43497411796,46.724507979454316,15.494417025214847,4.214636494890224,2.376429880678396,47.112757763253086,32.412678309942464,37.3529356485549,92.96223566505896,cooling_degradation
2639.7845683676132,3.3680815348222035,114.11980269933642,182.8111401258625,471.6887218727262,69.00805507887078,18.81464914303185,3.9560742480459776,3.0670903607245608,69.17059406951647,81.59354474751228,19.864313998145573,1264.8531144510512,cooling_degradation
2249.82356333925,3.6634830139248686,112.62213744744173,183.65542998914842,460.62728669494027,61.010250346210235,18.651792455421944,4.0930754894689025,2.7551091779335106,66.0863242779645,65.18532765315724,20.554833363508365,3117.7509858429858,cooling_degradation
1514.2162950078646,4.065857529783582,80.03464422451705,138.16646112377367,395.8050482876217,43.97230861147048,14.156320584899875,4.339563154363153,2.5053478083994905,31.900242366925003,30.912263105087902,6.066634084756241,3002.949287212012,cooling_degradation
1815.447697720777,4.033380054081886,90.94318121494969,152.7392006752243,407.4288204171889,50.25803910910665,14.281730689086864,3.9650240481836097,1.9204348389001293,24.407096810474943,45.73823918818389,22.384128683452754,3910.2980441271675,cooling_degradation
2777.5433173129536,3.2057593064674164,113.42798274236515,196.75363311104846,500.07389081798743,72.0109625048976,21.226145933696472,3.9142134848681556,3.169818892421957,91.20405797352653,87.35607644502616,9.60896982627542,1696.4679691401186,cooling_degradation
1585.7321247412992,4.014226637993782,101.5434858271521,151.5303244879756,408.56634184762703,45.04134387742247,13.527582772500278,4.222796402185729,1.8254881207881954,25.976568344304308,30.262410557562703,32.60084841503571,1032.959708441454,cooling_degradation
2156.6631969115647,3.4161036539614553,102.32009409423205,174.9399949769245,460.2822368866418,58.07844166273348,19.887739022787123,3.9884025798186875,2.940138427070219,84.03302402179504,64.5927251873066,5.1602759092387585,5881.895153350368,cooling_degradation
1661.9653443161437,3.9103649489538292,96.07632607015636,154.19442074861914,409.17762555536524,46.46895113896966,14.805899058453404,4.028858819611564,2.248837918383662,38.79051315361559,39.03610580374294,20.976843856831444,4164.744960818619,cooling_degradation
2208.6306913998346,3.4643454652243304,122.9990087710579,199.63941464432895,477.5537435346178,59.251372132155836,17.82441340652713,4.117838912872711,2.566847793495595,57.45745441587677,63.50940506603351,32.36587906269038,3505.927813258307,cooling_degradation
1814.1089264200098,4.233720220845323,87.35666475238617,149.03297139178275,408.10012109037575,50.12720042657918,15.296967749055138,4.248366077578311,2.096873323866388,30.959686727114306,44.236945764617246,7.424876761963787,4743.9479635806765,cooling_degradation
1559.4595175102263,4.008839754087691,115.29859090638416,193.48568360892665,454.5495777950101,43.024934967564114,15.127614575656581,4.226907236365217,2.2331058901284186,35.68848124407746,34.528849955400275,35.768470934202725,6124.466548144222,cooling_degradation
1682.0108582159435,3.8127094022730565,113.07727630704377,182.31467202912052,447.34517515286285,48.67139697671994,14.626548370664596,4.20699035332973,2.30893543888886,30.178079966392282,35.69567768040165,34.19762393567192,677.123124647871,cooling_degradation
1711.0665599427755,4.024677204654145,100.34639805889104,150.92754095387485,413.77959847826764,47.93293047053321,13.681992518458014,4.059794336987858,1.8572074590186216,24.67673890697889,37.808288589370186,30.477332143523558,1759.0746892852994,cooling_degradation
1669.879586136281,3.7209978017793457,97.9454464740738,150.76241645485325,422.84837241953403,45.93610748067028,14.459356135298256,4.076189580373823,2.4582080078504185,34.79911120730601,36.755531913452366,25.081470048836202,3287.542958611892,cooling_degradation
2565.7412229651322,2.994888383889137,135.5043983563663,223.68160345164776,501.6214481882679,67.97298427131777,21.227384108132213,3.9842901310941903,3.3449186191681326,88.84232173353539,83.86663665250708,29.978686947569805,6204.106530572309,cooling_degradation
1958.9179095211596,3.7072280293166346,101.70587995733175,163.36968823691228,436.5493006031505,53.95084415433744,15.942081736688536,4.060236471690566,2.37760270995581,46.88574536719031,49.20218929728815,15.867873052178874,1020.9680039972658,cooling_degradation
2014.650876859098,3.527766807904903,118.23175129372619,195.9302336224028,466.39325557096026,56.21650495438639,18.02409676564921,4.173449288272449,3.0976928112413002,62.03651167241721,54.85229113948311,27.182452640118836,2096.829774870965,cooling_degradation
2161.214832163619,3.3979516535402565,110.78112080104742,185.88163987758406,463.4587386510566,58.08485097391649,18.65954692702833,4.087396777930332,3.2563030071494814,65.79139316928371,63.142147303948875,17.36965861677745,4251.940016530437,cooling_degradation
1847.1131272603736,3.9418693300683514,74.28232694926398,139.5887178113146,389.6111086452004,51.97543961026875,14.325592316083963,4.233945125395802,2.086391611051847,27.20814325861194,44.09596160861038,1.6674786034818274,964.7505959269552,cooling_degradation
1844.822432849571,3.914556002816324,89.07907595478864,152.80812019181016,427.5417984176152,52.117504035662,16.58716066904457,4.025046291002278,2.5245253362701914,45.97569743173772,43.79478965186108,3.640140092427772,94.46823287593986,cooling_degradation
2573.0893976922466,3.38620547129642,97.60362067481775,161.99755712892608,448.70843520883363,67.29637855676138,19.445916453550883,4.074252170249037,3.483844175750817,72.52246804484884,81.34305199043801,3.714798439702559,3844.346817257537,cooling_degradation
2307.9606033563646,3.7504404461636502,105.95322100967883,183.34722521916345,450.73724317546254,60.98982706975323,17.89435012260523,4.08266840056289,2.6040410332933797,55.55923308035016,68.237086039429,15.251144106229034,5506.925322473349,cooling_degradation
1786.3153535292413,3.816697440539028,87.53109026415028,153.58911208626083,423.056040030308,47.52790082357321,16.34459898797793,4.095886918469035,2.423801866387765,48.518576817454324,42.076286863546294,6.910494182948965,4700.174334377734,cooling_degradation
2303.3636454772313,3.6046554547262994,98.82075876628487,171.64109283663453,471.0919618208081,63.107430052673806,19.76973059321368,4.006736315614814,3.1302417197293053,73.64842906467739,67.62471814865631,6.40902363000019,2755.572678627229,cooling_degradation
2348.930167400512,3.676123571001289,110.903445019234,190.12990246541165,461.8431931472587,63.41516011019177,18.514040134253033,4.110951569897797,2.9701271420843596,57.437354978053975,70.41185790454858,21.682962724556006,3164.5421158118857,cooling_degradation
1759.4880958461247,3.4359679283181315,112.8622543707525,189.64218421438662,440.1327514052208,49.05648721819258,15.851338310759626,4.1673478421630294,1.8702059123548946,36.35341880254807,43.310474837313684,33.82624163601803,5069.093372545862,cooling_degradation
2485.3671050523976,3.4555667931267546,97.26914849597148,160.93745754253302,455.41928700733365,65.14813896360417,18.539621166089745,4.111137950257144,3.1380057159671906,67.19113799277498,73.0498078203966,7.166002900833661,437.74848965653877,cooling_degradation
2310.858335780978,3.4674043310931184,123.81975312289545,204.45612437498156,479.957473416325,62.6280095462347,18.75532949378128,4.251965650011879,2.9244964471446786,68.79805712897387,70.96104530168043,24.951653971375528,4724.1524890880055,cooling_degradation
1886.0781329555375,3.588158603484649,94.02582241994219,166.62934904656825,445.71718615325295,52.31606982173902,17.97350671300557,4.107280373302345,2.6490032354949333,64.35968744534713,47.50539788945887,0.18524838803767874,2343.0041411277393,cooling_degradation
2094.7776952839213,3.7763894236787547,93.49610203394546,163.01165919445396,421.6458643002739,56.972037015639536,15.99522540545409,4.155146819092346,2.4713559121155657,41.34656697469052,59.07216176077601,12.725621479329368,4164.961037610161,cooling_degradation
2642.993035894911,3.249444356675757,121.447250387033,193.38321242466282,490.1307115817289,69.90740948737962,20.433825506009764,3.856850853249476,3.0725394314033436,82.27894527741695,82.61981636906332,23.34719176703898,1015.8119229476439,cooling_degradation
1568.409868056038,3.808240902180956,88.78704451549551,153.96508441757973,406.77700859561935,44.58043980135335,15.627843407174042,4.085511273080774,2.1629877675288283,44.25334553360764,33.883865610226906,10.816922127145949,5561.87753690049,cooling_degradation
1645.6345329070757,3.9023775121888553,88.4290461608133,158.6527060804422,422.0644514552283,45.06399214405117,15.579082743872034,4.065091326139528,2.100623603529782,42.02460290900135,36.89609927043025,14.294306282136608,6125.7843303363625,cooling_degradation
2136.6832681972264,3.319431260750704,131.27463159050285,210.68251924433773,484.99660187864396,58.25970794477028,18.72881075566451,4.029340346674882,2.8541900737333536,69.88992189228904,62.8730654128301,37.39920148155729,4329.2065034172465,cooling_degradation
2513.347270226306,3.434915124535438,112.99115179748733,186.62586135099073,458.07585730482884,66.5853161454633,18.834004158145472,3.826745590380995,2.7832101021617746,64.29462323271629,76.65252948118543,21.791177342601316,2646.8388109624957,cooling_degradation
1912.8581392995522,3.5520007002218428,120.2975406806732,187.50593661674603,453.74691545050325,50.84418274119271,15.718408737327202,4.110742666852229,2.2720741501352633,37.944840400903175,44.99394981881094,36.27521767884396,2492.8460037263444,cooling_degradation
2032.9870200268665,3.5350468807609303,103.63505525734531,185.6022305486988,468.70951824240126,55.21923191682035,19.297558535722697,3.971957046281428,2.934599162417105,74.15383375292706,58.59463373532993,4.368883060605266,5631.8070343347335,cooling_degradation
2011.111456692434,3.4684297291557327,110.19738605070893,191.7879907617818,460.80309830635014,54.64334283191862,18.687574615901763,4.058114540933261,2.8977604665513206,63.5438232804031,56.43849545373918,18.677843704376066,5502.999446040166,cooling_degradation
2223.792795757327,3.6333129812197624,104.29828126538563,173.31384089613144,446.05313772680057,60.39738981860558,18.004345462946812,4.179386580679725,2.8501271667221704,65.43285588672727,62.18237074823727,16.47342926791189,1120.873310302218,cooling_degradation
2161.2599109640673,3.457651311039065,100.07827798295178,171.8910273828878,448.48930381363573,57.90087583402394,18.672605665662466,3.863226614123235,3.0084751189535326,72.39986941108347,61.846352126431825,12.580221109901263,5319.976988851081,cooling_degradation
1659.9570007575594,4.079309759760895,97.78425469153655,163.0107295701522,415.349285674028,48.336537526380305,13.194609103132386,4.227704952169479,2.1333867865942344,17.404835496725852,39.70833962017569,31.189996987553094,3370.193495307953,cooling_degradation
1750.9075514266426,3.8859963275810276,91.3693063199898,148.87747220422852,414.0853058032241,49.161405672036636,14.749404848854224,4.255586054635342,2.3876147710138262,37.53217451200727,37.79299231534285,17.76934539382838,410.1499000857016,cooling_degradation
2698.394737734765,3.3466815476315346,111.44727749100655,193.30919447535155,483.84995223173183,70.2046873455119,20.461462778873514,3.937637209912445,3.3940120248996393,82.8948061944568,87.14892981911514,10.339330307341179,4083.0677439589676,cooling_degradation
2212.3078419652184,3.6311347119131847,104.5036062934515,186.66917541382506,454.57035090384625,59.94944617514282,18.882766945581217,4.1149144367879265,2.7472146937998083,63.341334345163254,62.73874266496205,9.478810772823516,2338.895779238319,cooling_degradation
2491.657096964194,3.4740721934528875,112.20689927321257,174.55568781453627,467.3963110492892,67.34901711285315,18.535956528477733,3.91821713388039,3.1477270840090665,68.55971493165465,75.89010701883726,22.46345649398928,597.3960610588283,cooling_degradation
2533.115708882794,3.242508906860128,110.69191952580707,175.2367927600962,461.7195900981915,66.98661125866357,19.004901753867102,4.011206522060929,2.75385185800758,70.81528098649592,78.56725262140907,20.33605826060411,1076.2019648852263,cooling_degradation
1540.7828541750725,3.715676125235569,97.22138509957225,176.11194767284513,429.0990057793436,44.15517850231226,15.666383921755282,4.04738726850885,2.197395363011962,37.883568848774736,33.46461046647645,18.46511022795999,5572.740944676303,cooling_degradation
2008.2479392726755,3.4965323043612364,114.86930167855319,182.9441386653572,459.74942984872047,55.444900988629314,17.342832950627848,4.033593152644037,2.5453341194229813,52.944894950067685,52.19143514276093,24.02420208014705,1094.1221821856373,cooling_degradation
2099.611710878783,3.7143303623114092,86.67041290188408,156.86706754646957,422.311648387363,57.74303201442002,16.781141677935455,4.223498484631487,2.676097215760709,51.83501240126649,56.84395231338596,2.4182871982517335,794.5687047914537,cooling_degradation
1560.8445403224493,4.099027484845994,81.85398694131575,154.07998689101498,408.96950860104147,44.278101730954816,15.91006753554936,4.190390724035659,2.242027751770857,42.939610692489055,32.56059311787051,-3.0646986647902676,3537.3827954440007,cooling_degradation
2017.638825251069,4.092303000062348,86.45152051947194,144.1801543758601,405.8221593139688,55.151989868745055,14.00388985062071,4.171495719341064,2.108401498000444,25.979873302129064,50.827663708708826,10.62905207019974,67.94429762316334,cooling_degradation
2359.2562678745626,3.473993886043566,122.8297138711709,194.36442537025837,481.1580937274794,63.5248869111565,19.20382772319351,4.034776140800717,2.968684487047028,70.62756811271713,71.20529031811611,32.26727332770708,3218.5448874159256,cooling_degradation
2618.465001637031,3.0474675168416363,130.9328418076266,205.98962545965853,499.8659546633959,68.94405222945349,20.28209862389846,4.019496291479916,3.0426197433191526,83.8664719088322,80.6061103318904,29.650452790304268,1307.0886588452215,cooling_degradation
1973.469621258679,3.91428736880919,79.14669226733525,139.75144514133714,407.22352157503923,54.54158005187728,15.379866015956887,4.149199309951694,2.3224593211746005,41.13971633323318,51.735583972984145,-0.7398383337845247,2230.8912805798777,cooling_degradation
2355.1455068987343,3.344046102043195,118.01889192125107,196.30870487961352,482.4408254841593,63.48273573626991,19.953964124775297,3.941933822892086,3.052119542198003,79.31725079320776,70.8607700065116,17.847778959916976,3976.6004245429476,cooling_degradation
1934.5250509280095,4.07139422476524,77.7238157429258,145.58386802607464,412.6501256514849,52.145703075363734,15.519214432668626,4.202967493246032,2.389956337924384,39.81040568585504,50.547965703825476,-0.6256829245131421,5054.109298903807,cooling_degradation
2057.057190314017,3.4616337748327006,112.04712733870925,181.63988335971126,449.47626762066983,55.544457132073696,16.6188145132973,3.967384451382604,2.7388923652664787,52.816163403526055,56.38245540830962,25.369149663679867,3627.09592114339,cooling_degradation
1458.9059463827527,3.8355349487735904,114.00732898545223,182.65365419703534,433.3032069155044,41.46341300492694,14.568034804476458,4.190965504752953,2.3965721525710904,32.86403256544203,31.1832112862945,36.84647065760894,5836.116090614758,cooling_degradation
2012.331990248682,3.6421071508089065,102.76702461484494,178.2748570474382,445.34662692163425,54.611300566519866,18.704480699721216,3.9704566114447997,2.9342864348088225,69.22458974767481,56.18381521184073,11.442158221686462,5973.182530923348,cooling_degradation
2739.6274947267384,3.4847938508039182,97.73318369685146,166.26675981720336,454.59035870588696,72.11824079224263,18.601107786476234,4.0173567730915165,2.9862248977416748,61.526393155531245,87.78109980152858,5.936693781457797,419.2360936427484,cooling_degradation
2063.4503379005246,3.8058121972959804,96.6577045186574,164.86304243216944,437.3411604334531,57.21941569673226,16.622036435873078,4.16541847268831,2.601986892126447,49.936446987673875,54.36710376520549,10.034064542810443,13.305693031837151,cooling_degradation
2027.444881855955,3.7513849475170886,104.2657116552617,183.23615774683685,438.31465241963804,55.333190695234094,16.488572417906646,4.1534737271328375,2.5191457412704064,40.05230310843814,56.4478650537878,17.308652513155927,3604.8795960899515,cooling_degradation
2700.656825556246,3.3816346222137152,100.81406331686196,173.8946727649409,485.4232274983504,70.13260642637476,21.456539441866862,3.8385053817483827,3.2217916305920347,95.16780122760964,82.68950122722558,0.023436580784659933,1117.3563535874264,cooling_degradation
2469.080006921821,3.5298609806396386,96.53195517245909,179.896861320004,458.8468766518477,64.55994605766118,19.47681917028947,3.9267528868615007,3.18415905022603,73.60772885679853,77.02853046841702,0.2579748794826917,5051.710860679224,cooling_degradation
2630.7330200612864,3.006800983144031,138.7385212546786,219.881800138631,509.5397520258685,68.09987850719496,21.44514537001163,3.918506497259162,3.552033411514545,84.97270305717521,87.89996668213006,34.64502092146366,6446.548037240525,cooling_degradation
2594.251932932559,3.069667133223566,136.88124909036026,219.60968474082472,514.5843888188655,67.50315388976742,21.177313245417285,3.966206394382551,3.2797954743687683,89.93685202213831,84.18709266730335,35.92890821114351,6035.4984559723,cooling_degradation
2698.9185428367723,3.2822592506231483,113.70839242684465,185.68285952827554,464.1068775717899,70.1488042950023,19.840683831803148,4.042828408223992,3.201115108688466,76.18613100093081,85.7033782158442,13.413574000859294,2729.5286661735518,cooling_degradation
2317.410752952975,3.4962166588691432,130.20033612817627,209.71679296784674,485.5684258102638,61.85840407182122,18.801027097104974,3.9350710985468913,3.1336154826617593,65.74652603574702,69.87542105930176,34.10041991723409,3764.8719476915758,cooling_degradation
1538.60260035279,3.99496563688842,107.75504045036355,182.61599868651476,432.89569539205434,43.86836365171929,15.497068650987755,4.30144671779969,2.1875990304088733,36.469853507370566,30.934371493573064,25.49766947237491,3378.7729511991806,cooling_degradation
1628.5012241185973,3.985157764506773,71.46948962631298,127.19991722955245,397.75789690727424,46.85509453249056,15.411411890950376,4.075034844977728,2.1282114086264357,44.19220578055873,35.61620248710092,-3.5540859216091194,2550.64614382757,cooling_degradation
1607.0129599528118,3.684620537436044,107.58158635291409,165.05263821155208,429.65759612979673,45.54750861075658,15.007522548892721,4.153718828986429,2.309898536110436,39.955093782390755,31.88605820171293,35.45433016107986,1384.1864995985566,cooling_degradation
1886.1257589962752,3.6923025911031218,114.82284147756079,188.11380082906965,453.4591899757162,51.543204883148675,16.57888987522565,3.922024096297635,2.5587988749402766,53.691674121856884,47.63419642091701,32.30826131407758,2609.6394224085193,cooling_degradation
2137.364899785585,3.411891991803836,126.0161311870543,202.84922441157738,474.6680235490095,56.77762746632114,18.53443536825878,3.9604916965380976,3.2163697642611764,65.50170071411527,63.303487799773386,36.6716013067344,6398.946687617233,cooling_degradation
1509.4797343952982,4.1857418469300605,85.50420142111224,156.09010605670932,411.9359337777252,44.15581959033409,14.590519461412255,4.08054246561896,2.057088254641319,27.34526105143133,35.10010574132219,8.151354340517587,6484.690107154654,cooling_degradation
1851.5152760515252,3.6151265474049756,115.07063554601834,187.79194409399378,453.90496348021844,51.58520581683688,17.404053941316448,4.03751653757165,2.6638979667419225,63.87817285933908,45.28189100326034,26.224032949640858,1750.6451144652185,cooling_degradation
2406.0328925738318,3.5144345330848545,125.56253266617747,204.87107331634203,485.22300749513226,64.63422600343264,19.802854948701537,4.073772702803958,3.0871278535530067,70.71996951094692,71.62651545573233,29.36572892904648,1152.7966414159919,cooling_degradation
2495.2603532205644,3.3800007270316246,119.93113375437663,184.33807967445006,479.913075305564,67.19144041705441,19.55484182371522,3.8775073842791348,3.198934538682434,73.85073768032728,74.79745120473868,28.26934770627879,720.0695922634715,cooling_degradation
2198.951975955224,3.483461153173237,114.46129711531727,181.70714695710657,471.7522957468038,59.062947022070446,18.76286731821426,4.178678338196446,2.8150951194094853,73.55563670741849,62.48823981263176,22.89707045166961,3011.4566990860203,cooling_degradation
1859.7943710938218,4.03742526367435,83.6750277688889,154.06084982132398,406.531872480751,50.74489811471021,15.720646474098615,3.9759674792359765,2.4757451636595627,39.58765785538819,48.994092895844275,2.74738715723284,5870.871414308355,cooling_degradation
2528.078604417,3.3867584181898374,97.69178869380195,187.3160119240974,465.2888373622009,65.66067361913997,20.173851765506672,3.9262524535670065,3.365425852757132,76.4097789179625,80.58548471582075,-0.6753351501041605,5432.986422701406,cooling_degradation
2313.3737701084083,3.3959645407141714,112.92949130165906,180.16502605969515,469.8640002784305,62.41096536690504,19.14862385882037,3.999115055845694,2.9458968615640613,77.24401501527963,67.67963498618784,23.411417201265017,3114.9562692674176,cooling_degradation
2395.3333256265632,3.4811136298255017,120.9631220557236,199.89296168753035,466.62938278348736,64.35003721781949,17.162814920966103,4.060866492493151,2.5542128408533356,46.162598564948105,73.67846129781726,30.894062024420734,4547.1261242328155,cooling_degradation
1604.0989997636843,3.891931252741537,114.48965330452268,181.29361682751872,444.18485162003475,44.01936950130636,15.010470627820084,4.082673827079508,2.2335534632056984,34.29121779114044,31.062176074425498,37.87215170726155,2345.5987790081804,cooling_degradation
2157.8855178755416,3.641744918222878,85.55705575237798,142.24968464908696,420.2592638396576,58.80993745673405,17.11171677777323,4.1409748200791645,2.8075944581500303,60.973584045633494,57.82070886470536,1.2983742550442494,649.0339707003366,cooling_degradation
2128.570376237289,3.546232382433922,101.13689605230074,172.3175606757748,450.9010383221123,57.45128028199616,17.898742265232137,4.068965641172302,2.911026260629916,65.27201253305762,58.49035375588853,14.575190418560098,2344.0581601620365,cooling_degradation
1768.208445689673,3.697565289127881,104.11204537118587,164.46792647317992,432.8868095416382,48.70783719741345,15.171933361439361,4.13357121066734,2.356221161683729,34.55501006999309,43.98084830608461,28.860835803027552,4806.274352009281,cooling_degradation
1784.822101141323,3.9287863250100665,77.12665903758844,134.18431078785594,407.73707366215365,49.205476617352744,14.648755207471716,4.308671909122593,2.4666229685292023,29.794664591243166,42.6925565457616,6.502940392259731,3555.7514757754648,cooling_degradation
1595.1570110776058,4.018839656617054,86.41789877159876,154.88674908044325,414.89826689472943,44.279225142082986,14.647558499415092,4.033518712907297,2.2836369398053007,29.56123075078406,32.6654253503678,5.729329794893953,3620.7360338846056,cooling_degradation
2089.721477604288,3.8651368624379763,86.3258250583493,167.9255181460607,435.0224542939005,57.24782687290279,17.293800340005383,4.2331280039194015,2.693017175292662,53.29276782136181,57.15491868659384,-3.6495998980324593,1877.582176444321,cooling_degradation
2692.296546131978,3.156740270524603,123.8585407672976,190.60262655782262,484.60318784430945,69.50013196796161,19.91518714642666,3.938676969985798,3.446988023150771,81.71931795021897,84.30742876440031,29.054422496454457,3328.7791617529288,cooling_degradation
2036.966284442836,3.832564314255046,84.09702477775961,149.91454805672765,428.8816738587373,56.16174385853653,16.58567286138352,4.149851032901787,2.4836962663440323,50.90764999867275,53.86885925780217,1.1275252402107183,2175.86490214748,cooling_degradation
2319.369155667604,3.590680338682639,109.26726244713997,177.7253448479002,454.1482428193954,62.32208232719435,17.278837919218667,4.038951694827649,2.56798356925254,54.863067286109086,67.83234821454128,22.557366501480523,2098.431469948529,cooling_degradation
2212.2032535335916,3.3939812809350633,128.23083725687505,200.10111090060764,484.5628252312746,59.83343276116142,19.269595269865956,4.1341183147118015,2.877192922071017,68.83316770229655,64.21498508951251,34.00457927271703,2929.336271720173,cooling_degradation
2436.389835450978,3.458851179810866,109.85623892069485,182.2800848596169,472.3301564724015,65.69951685764954,19.476702795545183,3.989121101165008,2.8725231033102347,80.88268335086397,73.33426193554114,13.431895243842634,30.581226913064587,cooling_degradation
2626.248854561349,3.0245741828992987,131.82684194520417,207.89313940962964,499.36237072717324,69.4402735623643,20.898303880261192,3.959384692522572,3.18573338791608,86.5418931727916,80.36130682107952,31.90422770817711,162.3382515345434,cooling_degradation
2586.7221872344153,3.38650668110943,105.32224581865816,182.19414268274795,477.99811310783656,68.83775207390502,21.864085923037948,3.9663110205848806,3.1476714816414413,89.52696028559998,80.37827187368221,1.396298537266303,2847.912060185491,cooling_degradation
1587.9718276292042,3.986082064040983,72.07457612924235,127.8141398607871,381.8057619812581,45.09155223570909,13.080816663237174,4.232851030271227,2.2101819527795086,24.94080459915599,30.81078879361666,2.273682700899613,1793.8717952823486,cooling_degradation
2154.3375280962437,3.7469729894660824,108.10594765507213,186.81018621258775,457.8327709740653,59.78799692439629,17.187998091267612,4.043945368139423,2.964880552170798,54.904918433216295,59.338294393196506,23.419245926813645,1325.8085450264914,cooling_degradation
2234.0402995947334,3.4804064949554694,122.49355043662246,198.53309899524152,467.94414584129754,59.84274370759857,17.883407968387157,4.072769217244673,2.728568394857672,52.87312471752272,64.742807261038,31.67797833474484,4359.108666721161,cooling_degradation
2493.2929239543637,3.401632486231929,136.28567318034445,230.09171389010044,503.44270244730023,65.061552220158,20.462317285457814,3.9213358135711656,3.0959143066382055,82.58303582291073,79.27394022956435,33.63966756453935,6429.50648862439,cooling_degradation
2489.4917528088818,3.6919395194444435,108.07531901464964,195.23204742321278,469.71968848646725,65.42397893898166,19.365952553020183,4.028584629729343,3.082382729798037,68.30472409283882,75.96605010593562,14.949705807518704,1925.5073794271468,cooling_degradation
2468.899591138514,3.3392529630866234,114.08918524613027,180.2205518864571,461.9836202819748,65.5067571458732,18.40283941226366,4.063389790057039,2.8196355729374507,63.33612741975466,75.37805779932546,22.21446015412025,3168.458574893606,cooling_degradation
1763.3337840995207,3.9275034276689538,97.51279786243367,169.8914171432027,418.37371167073684,49.35902648369754,14.597261831188728,4.177579108607213,2.246781952658413,29.55016778314267,38.72983876266679,16.053191517723086,145.66135968184912,cooling_degradation
2692.157628331151,3.112144473857685,117.89078056184758,185.74857489971274,479.8417785048721,71.28151257396841,20.012830809618222,4.143560015866365,3.338359235775618,82.30511612462824,87.87179383250418,21.467978414616212,2610.561623575189,cooling_degradation
1606.9066740440173,3.6736000660839148,87.38280754925104,158.949613857427,413.3682338809377,45.91815335704717,15.721082085649652,4.257491508116984,2.2824797631524043,37.46722097073127,39.0834311771587,4.466375703808498,5505.562648523889,cooling_degradation
1560.7217625984003,3.906046230448377,91.76173716792186,152.85952098382091,394.6857748639032,45.9954721367521,13.109913716381822,4.160198446442819,1.8078372223569787,17.108031157193945,31.77117099775961,22.681015497782415,1694.6356778501593,cooling_degradation
2409.7452341635585,3.251257531477626,92.84374409767335,166.91718417845806,448.0959666445322,64.65543903938284,20.21949989847467,4.087386559197213,2.8487453773664058,82.6204518014734,75.43154765371227,-0.5491126967290865,3563.188273515073,cooling_degradation
1483.5693606866505,4.027904483667559,104.53850407598638,170.67618282226977,412.2349254347612,41.47546777710835,13.34243731504442,4.2204883966174656,1.8994343487845797,15.509364222949939,30.70101684505856,33.38647603075269,6493.741920809335,cooling_degradation
1544.477769095524,3.924428925441423,101.6864626180113,175.59826584313598,423.49700896086364,44.74948433390046,14.814277610561325,4.320055107817356,2.351233415697681,31.910204777368882,32.33948356100043,20.981075427583416,3542.8540274311054,cooling_degradation
1818.3982817128629,3.9589783772045872,89.4250722363009,159.64116712012938,421.19214454334565,48.630670258178334,15.430436951138937,4.303761295767173,2.4163544038973725,37.53337710482661,44.371878941555224,14.828738271768385,4288.070229591103,cooling_degradation
1772.4285719740221,4.128522331057144,69.97781517654279,126.2585816892968,395.55897559631643,49.79287420357176,13.762216706905628,4.161176608753967,2.201410146201917,25.350440114817324,39.55820796664278,-1.206828702507773,597.96941436775,cooling_degradation
2011.322319851598,3.74149832745482,112.89715261538994,188.9649881303125,453.15727406273226,54.115700823312984,17.327454222836423,4.101712292858403,2.5130889476766582,50.723723172218776,51.59636215660355,20.21732984901999,2575.0758991280964,cooling_degradation
1809.3837556453088,3.980321426353532,94.02876972525422,153.04223517531625,417.53255730533357,50.89363734741484,15.638309353005134,4.119676287068478,2.6499910560863067,35.59652809548958,47.65852807421371,20.634885481619012,4743.293687060165,cooling_degradation
1770.5541244608485,3.8692975657488113,90.89433414127572,151.73545778665672,418.50969768841895,48.842393761957354,15.671502941612186,4.283742096046921,2.5524410777729356,42.377108984942296,41.91755106997881,11.149490681272889,2676.9022232479115,cooling_degradation
2203.1785641759257,3.6502301967585025,117.54702182668395,195.43927953826037,464.5122573547245,58.41137993476824,18.05546535175833,4.0891556044158035,2.93131739683619,59.78199991785426,63.291769947332234,23.54974303461648,4398.377332632769,cooling_degradation
1688.4371359350837,3.7703137568133354,108.48326695142923,160.87781586188044,425.65229034325927,47.792963383350475,15.247022148852377,4.175446945998972,2.381251351098192,41.509679476551895,36.477235825032025,33.36316946785578,1649.5264149196566,cooling_degradation
2710.8042798199763,3.141238659317154,107.93322893722252,174.23692762333593,476.2443327956787,71.89806159056607,20.229028471726206,3.8030089956648934,3.3483707021705604,79.0560334454879,87.04966553165224,13.749806526007244,1343.4469426597361,cooling_degradation
2550.8121354728105,3.494031209684066,99.05146029231341,173.504230114902,453.08978946000866,67.854133908658,19.912928459717367,4.103959878640145,3.1414365386617185,74.24850196199004,76.06181025180203,-1.0834816927587965,644.2715959012427,cooling_degradation
2439.6034815136436,3.5220078215447734,94.78419353737006,164.90262459096047,461.3953241211837,64.06793882440667,19.450989860084828,4.163752691550933,2.9644304529114383,69.78499189840102,72.53136485795642,4.866451414234566,2069.3858042611837,cooling_degradation
1976.8608186610145,3.8255841751583457,99.88344320584606,158.91184276444457,435.4813844501198,54.76499019242574,15.721836733295595,4.1232907682432804,2.5484928490062306,41.5321533482334,51.11186144570904,22.969285269221224,1483.5109954929974,cooling_degradation
2066.28488390772,3.474057491900149,114.6688713245938,191.37810855617178,456.3094326023918,56.0672660528159,17.522275608346412,4.009241531297537,2.446959725694213,63.85167018822595,54.78405304748586,25.809855088632773,1781.3692159420198,cooling_degradation
1818.317814486739,3.7078102912252544,100.68077492758322,168.251110527938,444.3005451011612,52.17238262613962,16.90974523260385,4.13879416943883,2.732536129416385,53.77686478335715,47.48354811517454,20.655380954895346,4277.494702029838,cooling_degradation
1532.3197371460383,3.9762327812572233,98.50234959912245,155.55083455028665,415.03783690230944,45.370604553363414,13.120653946040228,4.146592486858608,2.1624596775626372,21.818421362078706,30.399860588659084,29.98711966797326,45.64695270498426,cooling_degradation
2041.8275635661687,3.5279411726584455,110.04113522681715,173.3402363460823,447.809442095464,55.85722053535003,16.36360497955996,4.0744269653449,2.291381222796916,48.52257361071232,53.80439113009517,32.32261325502567,2482.251810153041,cooling_degradation
1656.0000006767068,3.7465072003902975,89.04853828942126,151.14623652961856,415.1486658977302,46.139835405975624,14.827355121807697,4.1493835249003945,2.6147078786603184,39.16647350597808,33.0882571835471,9.887581623599702,1013.2018873247025,cooling_degradation
1791.4945708265038,3.922744875576207,93.01680462271085,164.54869811281668,424.5251840844397,50.19371035439551,15.946740623386846,4.199907914291445,2.4212140512110367,41.328637583725865,45.45560694158193,15.907525738702192,5081.647267747402,cooling_degradation
2331.524238340581,3.8749247544775867,99.93072639399692,179.50070895823526,450.03473928661214,61.34392560556273,18.152590836312257,4.111184268719913,2.827093311488564,57.34522689016387,68.64465590160884,5.5569164579398285,4752.830561511681,cooling_degradation
1870.7248529754893,4.0589832088712905,88.15240457936332,150.69260759203155,418.19632706471367,52.18881351196599,15.597502433398603,4.032153028292452,2.774996089385062,42.800276594146496,45.93713064760863,5.675931650823411,1993.2092818723193,cooling_degradation
1687.6432321693007,3.929388625124523,101.62594013408912,160.68090959224452,426.47990556400373,48.28322869574535,14.660763279771263,4.06926305237374,2.2843295109977264,32.449174188021495,36.29128411324708,26.21931016646664,256.6816523649199,cooling_degradation
1746.6838059373213,3.6284260492388984,114.7295548843942,179.16198268044718,449.3311296769417,48.76505593378471,15.34943248545308,4.074506550990504,2.265989178910209,42.47386475562968,44.853662569150664,37.42945826503167,6158.640883722902,cooling_degradation
1800.3623795130725,3.676778767221827,84.14647024632295,142.39111092960246,418.7587988671719,49.84846313643085,16.61438692330519,3.86349723478151,2.5220306352878357,51.684778625178176,44.02904655235535,3.653201332943169,3573.569089480145,cooling_degradation
2405.7988407336084,3.5223836260100825,101.24089152425867,179.3067527034195,457.9344032394567,64.27935937434346,18.86855472139746,3.8465255177444644,3.0061842129688214,68.98980086647143,74.61794847643233,6.673735026227451,3716.906382581595,cooling_degradation
1918.1269783522343,3.879758475658539,92.18755381515734,160.26111113580419,441.24687941329375,52.77672906561298,17.646629299047355,4.0588936387481285,2.9760531767854346,62.92141676660324,49.82793893547199,6.449728184607211,3474.6307269790423,cooling_degradation
1760.445490598454,3.6112420597920796,115.07943541360787,177.82603993916445,451.540194959793,48.10230011742366,15.901799665732394,4.032577774438843,2.3981393299183886,47.21919468151847,42.42151404382087,35.90646034580497,4773.90227337179,cooling_degradation
2685.2900469030005,3.295053346533877,104.18181583445447,177.83959794690355,477.5904620950412,70.09524297985833,20.22191301274659,3.9980734466716563,3.3314092600122387,86.20783667131477,85.10411478792064,7.757050018099106,1951.2031718300884,cooling_degradation
2677.757980971066,3.1471145973998715,137.48454301421555,215.81057211512916,498.5382405125135,70.6387649252986,21.459426317814494,4.122572138897487,3.5725398804206816,93.30016442084923,83.81088889730685,32.9535696479442,1153.3266781649954,cooling_degradation
1710.389491901247,4.033914058350841,76.23111709941425,140.90585020848465,409.12175884420367,48.143472892637234,16.256418054652404,4.095689443359848,2.7705590274584417,47.36146039475684,42.53374758631081,-2.8391528428355377,4488.082206339248,cooling_degradation
2030.3757851104608,3.764942039692791,102.5715819645192,166.9961425292026,442.4881181138001,55.08769689130667,16.98353743176528,4.173442329186606,2.6222820005407423,55.55277849744323,52.90944062867506,19.71866292434452,766.4802399940697,cooling_degradation
2101.4719860462437,3.6364754159261192,96.01230018608503,161.51007426957403,447.22497433506686,56.58234074225733,17.475522857110747,3.9570831643977855,2.5063551110117475,55.000798531798125,56.40694493450923,7.733975643802666,2331.239776784402,cooling_degradation
2007.159280979702,3.526238592462129,94.98750415514446,160.90876298030423,440.1197491968209,54.4797376070578,18.397770063493844,3.952833687201061,2.6731074780362576,68.31937379766013,56.50322084990883,10.228117252582791,5263.027924677907,cooling_degradation
2618.808259144087,3.1945349747830574,125.62838645543589,191.57053539489243,485.6230186396438,69.7589278053895,19.56347347940527,4.036508397265174,3.0911400477264017,77.24910436538002,79.46149792971983,33.64389028865932,845.9789674875661,cooling_degradation
1832.3490348229493,3.6997703570172478,116.44076373277548,193.6993671846998,443.6123177771918,49.71496600079839,15.282959449430951,4.051848826076377,2.2108698611069966,33.65823137175468,46.604582134767064,34.28812734081003,5862.999579101867,cooling_degradation
2540.3316637689,3.6409893104449327,102.01633674279657,188.11158053090514,474.49680682951094,67.09387291106319,21.198723183034904,3.97589865046547,3.0881721811035705,86.10620089919101,79.85797885350021,-1.6307194873490083,4160.636713569314,cooling_degradation
2598.06426054351,3.1583406878472284,130.71581692097882,203.91899863749217,502.7668473450525,67.52227229088413,21.27839551965975,3.9209020056030606,3.3645546384195133,89.92070811447726,83.46895590006065,31.70844059859907,6019.642440961716,cooling_degradation
1739.728749775389,3.9867743406904013,89.31448506008823,158.96690461712717,425.10034879555377,49.8484656043289,16.120856656964776,4.05324733488625,2.5895666952373686,52.375493916062815,42.689060889490584,4.740883935279616,2997.156047619877,cooling_degradation
1736.7085573975328,3.7365375837715384,107.77621543678337,174.8903796003413,448.1294289677279,49.57088206619084,16.70533971941636,4.094857729122154,2.4863080432838305,56.0799056595149,40.71135374063072,22.4777581188066,2152.6852576146316,cooling_degradation
2574.2321395152712,3.366389045522289,111.93544624497491,180.56255036492163,478.91735274016963,68.08245791248513,20.10316952790481,4.035145613137974,3.2775208823681985,79.95139657605435,82.20530475812006,13.432872139777883,3187.382114931048,cooling_degradation
1939.3203948374673,3.7617967032074926,88.09995112388437,145.88332631508183,421.80348128905933,55.492127238755124,16.00022625489539,3.997099395795241,2.3797658589092494,44.18594982660376,52.595933454934745,8.66868662268459,1515.0326875812716,cooling_degradation
2566.6776994631673,3.4553742696776744,97.40355665353985,166.70228067472195,452.8417003271773,66.82958400564905,19.199867090813544,3.9826851725680092,2.9989180768399253,72.75033185157403,76.30007186112992,5.8186330228955425,695.4905172727032,cooling_degradation
2447.278103209033,3.193561945367751,127.91945860398904,198.2304756022293,475.5911705349712,63.270847852257496,18.892806039251564,4.096046748978142,2.9538890010223726,64.52981414556189,75.49217444111089,35.763395846394886,5659.379803088288,cooling_degradation
1708.5454546967587,3.8772319151088372,95.67912279806583,170.1470013000876,433.21420314272757,47.940589830996274,15.642104349171106,4.055496485942542,2.397747595248039,39.034787943621204,41.14598999082748,14.370276608767899,4771.226453939963,cooling_degradation
1694.648203180651,3.868991503308573,103.00993886097784,175.3031467698669,432.38869539682656,47.24584938320357,16.30070031224429,4.111486444781093,2.2896730883015595,46.506941136704775,41.507830481474414,17.639599632167435,6412.378318511488,cooling_degradation
2482.2560983100343,3.6347234184406014,95.5920708160664,186.94067217759206,457.42645711643144,63.99489022556395,19.520529939085932,3.98522076301609,3.192376713569343,74.85071743644785,78.59999529968027,-3.847805556278626,5915.82670376958,cooling_degradation
1791.4932698889243,3.6774057612042617,81.97988674423242,138.62515815907616,420.92734407119246,49.9828474749858,15.975692656294465,4.088868759232456,2.7704664595035586,46.524015004492696,41.940405130615645,4.917780047385048,2933.78650039436,cooling_degradation
2134.2834041987194,3.7946813058551743,109.89734656738783,183.94472184730893,454.50466379563295,58.28756783483747,16.891439979782994,4.110452153945532,2.3670449864313716,50.09858137281731,57.736036806009196,22.052601463016323,885.9863859040875,cooling_degradation
2556.559921715828,3.239795573811874,108.58840185589516,178.6589127704064,475.9412259770991,67.74911382000221,20.657137947580402,3.966988566392219,3.041802915074729,84.65000969556272,82.48695025517807,10.098378761510787,4527.129354194201,cooling_degradation
2182.5333361918674,3.7041156809963605,106.18027096707424,181.5305721191531,451.2777869848525,57.4255382863464,16.644341660269436,4.065621585549038,2.75662331485358,49.58220966164776,60.16280163993081,25.053214567405472,3784.2114808194037,cooling_degradation
1907.3871093113446,3.7518173368569347,89.43191507939675,169.3352935963262,427.1677739355938,53.60548742029913,16.463440006855794,4.343112468719265,2.50159092197341,45.415647846408085,49.30639964830988,7.8709562817770236,2805.5706392728152,cooling_degradation
1702.793356257087,3.879010730458723,91.71952076912099,166.99792188942413,413.84829841553,47.79106027401962,15.273490506012333,4.1202915195499745,2.236382774075748,34.76696918130952,42.31494390853662,9.50052528686529,4895.302485937169,cooling_degradation
2719.6315051913552,3.3897751892273624,111.11250252178692,187.23202346719967,464.7062429759303,71.20658433555371,18.863994376509122,4.076087892624689,2.8999923467179145,67.0986039928027,85.91607726026693,17.170353361808093,2182.3326821735145,cooling_degradation
2735.1755408948547,3.2301524122508685,96.74550459439196,166.7860154516936,464.39758951234364,71.40938749234164,20.220486641577526,4.0109362118371426,3.3249474775110373,84.57907160885793,86.28256969526458,-0.5443012331443868,1797.1956839746545,cooling_degradation
2307.4559272597453,3.60210971451885,114.82623480460158,178.42517689423224,453.11137209947026,62.841356985453615,17.812557133567086,3.974032929876197,2.6963627914133297,55.589675454064256,68.69452303070378,24.96492855293274,1153.0313150350512,cooling_degradation
2194.9847508851094,3.560585128088033,115.26794016107368,188.26828871314356,447.7808893266235,59.55884362055893,18.155300808951928,4.122177051475753,2.4392494822409327,58.282334527476124,61.67808750084642,26.840940502247108,1838.0393422090704,cooling_degradation
2188.1158449985837,3.43468616460508,126.40599509662144,205.76870678039,483.495066447313,59.35014628264619,18.89584516987367,4.039316382274852,2.762792529565515,67.47080685686957,61.98592939671436,28.913418975756905,2967.556157503315,cooling_degradation
1928.6737979945458,3.727677976999593,120.31777382767179,192.35919808932684,458.49502811688666,52.44656149746128,17.049796996729633,4.001587363565707,2.4431485506821837,55.49356839708102,49.514328432932174,30.19901154196357,2217.7221650496267,cooling_degradation
1639.9027590789597,3.9526111861976005,84.5117624748525,135.67098296796837,406.2143075679186,46.32983584666025,14.70799190471522,4.2979688335703585,2.0529867388451404,28.489185330588644,35.34822398481639,12.486724217335489,2764.1851372580163,cooling_degradation
2046.8679851758495,3.7119530038262085,98.29282083420111,188.03082464050405,442.1933366707973,55.586321649721846,17.963545442504344,4.1506820985119806,2.6473932033538676,54.65114800076741,58.69625031603052,7.0693994098177,4909.762393156095,cooling_degradation
2273.792473260289,3.176880916223594,137.46756713825513,217.75430210349276,502.2185739119373,60.83884120912846,19.532803714973234,3.980040979083785,3.0484348723220283,77.60952305174527,67.99693632050806,35.645223119077585,3602.3799906298136,cooling_degradation
2055.8102650664246,3.727619253261893,112.4534678688209,182.5280486995152,437.2536858707454,56.57308587811446,16.46024300599077,4.121292099658199,2.5328193713574203,43.44014991432597,60.296458602850514,30.164561145052016,5930.004041816626,cooling_degradation
1872.9108145518326,3.618921970479355,128.59284859961153,206.46487623705056,468.505070138734,51.12866942746676,17.794426738628957,4.056960467766127,2.6639292553784886,62.288508102715866,48.08258364471213,35.77299375978834,3621.3965741842267,cooling_degradation
1954.8570595319743,3.6370370842246293,117.62887552652742,189.08793259703032,457.40256023297724,53.32012741245068,17.34607713299281,4.126583052820792,2.584830794092862,53.598896162520234,53.904478090774475,30.82143404727787,5929.839163762715,cooling_degradation
2603.055162659993,3.3678134587461526,117.69521071501751,189.39911551955993,483.9613148631309,70.00906129523176,19.982555440608394,3.9190062319291066,3.2958695396836206,82.19668872366594,80.33315193896003,24.546789347826394,761.9787998998199,cooling_degradation
1779.4454361132464,3.7400880088627866,91.78736687508012,154.5194662161967,420.1441645343,49.090960719590754,15.753055637816331,4.286963421236951,2.6834414720608537,41.93112941831108,43.8708286859351,15.856877079373888,4886.737237124137,cooling_degradation
1708.0440173861095,3.715554276186869,114.32658942182144,170.76906477138266,445.1788150356007,47.86976131255012,15.043768587572979,4.119901066119116,2.338078654826422,39.931487307026345,38.87562365019083,35.0050856425762,1888.9708741481898,cooling_degradation
2257.68021187745,3.7195381726615286,92.20317748396727,150.17145145421324,435.01683140091245,61.160231148271755,17.136934733961652,4.192406493654913,2.767023961202053,51.18825824592995,63.935394444865665,9.284413017996574,1138.736759521301,cooling_degradation
2704.3707551384896,3.334435451203595,111.12824346379884,177.31311749969947,477.34694356521453,70.30010280226247,19.86438247746075,4.106264807573815,3.612268867045159,83.02773011657278,85.12276464960821,13.503762332593398,1509.0526284002717,cooling_degradation
2166.2213984016043,3.303046889570303,119.33327380914956,185.24450591294772,455.7148857400314,59.175739365758176,17.002795124450067,4.065114472979308,2.5609060284897573,58.22140291346994,58.80202310798975,33.616806621208596,3.9660437793133108,cooling_degradation
2093.0799788933996,3.772969597418793,96.05065634756805,164.76117735908957,439.06150595320946,56.85344579653842,16.791461078304884,4.098559840778399,2.4486173665386946,56.22473664524854,58.672468337241554,12.752853675793585,4246.063811475402,cooling_degradation
2354.719217826801,3.5988258728761315,104.85228715908691,177.3795162532373,456.21011303221934,62.36926959478906,18.671996257787494,3.994215327695204,2.666260158332396,65.79890362315412,67.5827799063635,11.811933941826423,1793.2281194860454,cooling_degradation
1730.9238778745655,4.02017738209643,94.97230629912471,168.45016571056232,427.95098063794507,47.18977724236632,15.697054976069756,4.1956219110882715,2.636620130083805,37.842448059240084,40.54425222693872,15.181442531625597,6074.041519394983,cooling_degradation
2680.948346127457,3.328651175099502,106.67752921256255,187.12599219057185,476.71797016724065,69.80281829623553,19.70703429693365,4.032845156014497,2.953422434264042,72.98810647960624,84.53169359123443,7.175707143306877,1327.6142385493192,cooling_degradation
1821.4538557341887,3.7559237200373965,95.09466307029821,165.7434755917135,431.7207035411211,51.223650157870836,15.783324609674072,4.0067022448242735,2.574150204758703,39.647395826772375,44.950050412241644,11.575694917823615,2653.4180558354324,cooling_degradation
2348.9811672787278,3.631203904526215,114.5251904268317,181.89863389969912,459.7321851035321,62.799035472631495,17.801859104934728,3.9961649816323,2.5012934558796793,55.38714016814559,68.0510535641676,24.213075912775057,52.64683622548127,cooling_degradation
2312.34500901403,3.409852009665217,130.66335163034663,219.68296065062802,497.2708954625078,60.74414184398886,18.684325339635766,4.157547457600144,2.9379096024101354,65.80880544971839,69.98119850229061,34.67889722035562,6189.335461212207,cooling_degradation
1588.9138143999933,3.8635283448545894,94.36438197391132,157.154839290087,410.10957513962256,45.145735579573945,14.132690593842385,4.315342800331855,2.352571797215732,22.363414507355145,37.65770967786739,22.758614929047006,6257.296050525649,cooling_degradation
2482.65095652786,3.4103516961736027,99.22016951830089,178.6282253403805,461.19600411985067,65.89099583447073,19.8382707022134,3.886109506951804,3.1004506165103267,74.29470136259603,80.36321625322365,-0.843584308923579,6350.263723434013,cooling_degradation
2485.8919252657465,3.2411618941228677,130.58484865353898,210.5790072517903,500.02123765465353,68.1348256729595,19.862208455049604,3.914169230348391,3.2552339841214826,77.7149954729467,75.65246325404765,28.189512658631973,171.36166590546736,cooling_degradation
2707.7752027677616,3.3655911223352852,114.37625221810981,186.3402592573871,476.76997304623814,71.60454111983684,19.497370418417585,3.9158796490614307,3.239221963686149,75.19971669250357,85.97255840533906,20.413511609440803,33.65134683276227,cooling_degradation
2112.269331633238,3.345328536774388,128.83550092416138,202.22988243156112,473.81551758126375,57.29714764649595,18.545163680329836,4.073079500498248,2.763755994686006,59.67823417351608,59.57411156364214,37.97784636805717,5081.795061433666,cooling_degradation
1802.6648792085102,3.754445610444821,84.38419141297693,142.39344420184375,404.82055314042475,50.178207327513036,14.707813325182608,4.305822273929399,2.1009033744555077,31.14063774991136,41.921599387752664,10.22156076563152,3036.000679510365,cooling_degradation
2644.8967483577,3.3143748206149293,118.49126553613989,199.93472475277602,489.13277217327663,68.6907587117213,21.128161301720315,3.796436700119294,3.21364564794994,86.12501144449806,87.42105201298794,19.44743789223743,6434.884783641773,cooling_degradation
2711.008219414044,3.4995896336128074,100.32807473663114,175.1222245028476,460.26551153733794,70.3236261473321,20.526079555200567,3.9478159217372144,3.5281235059956617,84.7865492751503,86.64215191605358,-1.2829923381341743,2495.635831129342,cooling_degradation
2511.400442347968,3.727539321446176,87.87072199990659,147.0414248676421,446.7199521642389,65.90160314847688,19.807114542635844,3.981298731714363,3.2279753925285597,76.55417737226858,77.61586197566538,-3.9180774163344143,4392.542234762659,cooling_degradation
2228.4002683867643,3.700388086094988,112.44394044970609,183.20633125034857,444.6284868752343,62.19721411236352,16.87121317983439,4.074059231262479,2.930075231166605,42.43684378003929,64.64001679940034,31.39896214172191,593.0297811601284,cooling_degradation
2660.328228535783,3.285345905270072,111.16422244625075,184.22441536236286,468.30695138520554,70.00461178974773,20.104772528400936,3.9503939280667235,2.986475890516279,78.05398636574402,84.55010134455513,14.79794257380923,2567.8106498765583,cooling_degradation
2588.7801273222485,3.285485088670718,111.28371322091138,173.12214734366935,478.07987716463623,66.60234387025552,19.64390204641643,4.0307222705404255,3.05325604255346,80.58876491581943,82.4386965465175,15.601257358176023,5901.138594737961,cooling_degradation
2053.9528902112934,3.688172115894882,99.75771710633796,165.4796525117923,426.93083307740494,55.42922360023316,17.134263755477456,4.046926937672061,2.56062140180762,50.0236595354623,58.114251702914274,14.463031069284096,5146.427994251283,cooling_degradation
2633.899634243415,3.287685371276332,129.02083248390056,197.9645081772833,492.88513711386605,70.47372995175876,20.85773319717185,3.970787591755233,3.3254097712482524,89.58668573569189,84.30332297722973,28.176822810689888,2787.862917509965,cooling_degradation
2388.923573580119,3.623007269680071,87.51540832896487,153.80483723715875,446.5008712415942,64.62253113360299,19.204154165928397,3.977707005840047,2.964920452450643,75.17676065600718,72.72717531016835,-2.955409384128595,2840.1497690440433,cooling_degradation
1650.3238106851388,3.638445257988662,106.18945298208276,163.66889071213055,431.01277631874615,46.01756296756924,14.975746179414514,4.27952560525968,2.451177086256484,34.83340931697734,36.81834671095284,30.61741707784771,3504.2965001569446,cooling_degradation
2507.603678298035,3.386646433545238,114.79719167829012,175.17099469333482,465.0752681141383,66.7693786913128,18.832232832209243,4.020821904831992,2.9291967947792603,70.88761658992608,79.2655424801334,22.96480709160303,4746.631981631728,cooling_degradation
2319.609967246803,3.7245884526952833,88.59005656635898,147.0360012092856,435.84859277547,62.659134793470756,18.062839446192896,4.083698889286993,2.8163648855619914,58.020454309018604,70.23265683993385,5.677778199824291,3231.4390370489864,cooling_degradation
2577.527737402017,3.3071053332278977,110.76601716359048,189.2017925580086,481.69575952796407,68.87695583211044,20.998032095681513,3.9877811673301986,3.328856144161481,87.29160962089382,82.0372550293499,8.216756537297226,2353.980624184271,cooling_degradation
2662.3218605072198,3.562084374152461,123.913880467865,194.76179264508687,484.34230602051304,69.43436118735606,19.24948037343712,3.933085487798612,2.8214185357180757,65.92148368662957,80.3153370871932,31.8305665335547,33.339310667528096,cooling_degradation
2083.088510412678,3.982150681765992,79.40012401494144,138.0831887791323,403.2148010116559,55.88819283074321,15.128553560841253,4.088061770549714,2.4738235483118167,30.105655134156745,58.39785320991437,2.464302667147872,4490.786308475932,cooling_degradation
2458.181006575821,3.189076281719315,129.3903358348951,215.66235199317464,484.65312753665154,65.0421622940263,19.517383306966533,4.036531125398788,2.718386610582111,75.26760695205243,75.30273098436707,28.650717030338193,3588.713613247247,cooling_degradation
2387.5333433840096,3.4950700777244306,112.68520232246289,147.3578693953829,461.2012166673509,65.39984297341397,17.982411883426334,4.1652952072171,2.8420533694312295,69.09996817347492,72.64867946094787,31.26666112489948,5118.686458273194,sensor_anomaly
1617.6244100856459,4.084179642682251,92.87018317233748,172.05038832621472,409.64806509941087,44.01516667941797,13.667944421600641,4.148886955993777,2.153823929956619,29.45723371448538,36.72278150453323,28.676931726485883,5750.83404048804,sensor_anomaly
1754.4122522868,3.727131568454342,88.93287886767743,117.05458684061549,411.3647719021963,48.82326082832584,15.528135792426065,4.26702742686363,2.3391681212862516,47.92405926560421,41.69074503766589,16.372798658616144,1859.048021464186,sensor_anomaly
2523.097981374415,3.425741021782073,84.16020968618788,101.94991457626357,439.3883702068728,66.47513307782604,19.900052503619428,3.939659515044794,3.1233144728050344,83.97571848102635,82.36226609562837,-2.6437479058939157,6253.387244298961,sensor_anomaly
1755.301081142563,3.9657295138067794,85.90344287723539,90.33747348933309,393.87553506294347,50.72913139447861,13.314502992808803,4.20340096676327,1.9783782099695628,27.620640494554596,39.72318781222834,22.637963350565173,1696.6399196041796,sensor_anomaly
2791.579610201842,3.12672138356149,96.54760386422674,124.48571999258691,459.01433183121446,72.49999128178575,19.97317103117416,3.9685189531296756,3.322790298996333,89.08433050742363,87.03973611381628,4.828958929038979,631.9692780442389,sensor_anomaly
2402.861651272101,3.4054063542230337,97.5080877547279,128.96555174345824,449.7895698114378,61.12048437717415,19.141943043875422,4.024798362314034,2.925908643261434,80.95431261063794,75.08879979134176,8.867644060255865,6015.594111130592,sensor_anomaly
2617.1498121454256,3.3214554135661327,97.42129395102737,133.37973688603665,462.9333809783497,72.75056867222402,19.40330583655049,3.8840852259194856,3.2869696845929934,91.40390362082,80.09043488593392,6.464428926240494,700.4058550488462,sensor_anomaly
1923.5065642910279,3.9890984793595394,71.71444915622833,80.69984279165166,387.4363633268474,47.01428153660551,14.850280321387682,4.141574664132557,2.3425773541479717,35.02384609188219,49.82558565424039,2.9591845242701122,4517.73404791471,sensor_anomaly
2637.273517529183,3.222131585205759,94.85412742353033,187.90545282320002,457.050819580487,72.95930549698782,20.277148234752904,3.8616277728021617,3.33770507799028,87.94185673851534,81.55923393159766,5.14438589574087,2026.971105756725,sensor_anomaly
2626.195160778612,3.291578248451524,108.5892724557719,126.32000492631451,464.2934014826869,68.41466281096882,18.98968426235366,4.064215805031386,3.1298050188904165,77.24418184229452,80.41698800837845,22.17459494604584,640.217725687645,sensor_anomaly
2089.3583939390237,3.6719492957358146,97.78608724155676,157.14892317700705,421.8622113885712,55.9213879217084,16.33791370308804,3.97006581612192,2.5221988334546492,52.81748036662617,56.6787148573277,21.802943908013766,897.2361084249342,sensor_anomaly
2085.05828366942,4.00557043728269,68.61722899016155,147.25703399053725,379.4291289244617,56.854072272010995,15.07480406334307,4.026161644935605,2.34380298261477,36.70036690380621,58.841496090712795,-0.31357846134028455,4862.30118687704,sensor_anomaly
1694.981390001012,3.583519274760227,109.52695603022828,178.54976268438028,430.7405703765304,50.569646971494,15.373450322381489,4.045137243464433,2.3680823528305694,51.018527498484566,37.46061934318834,36.88059830031919,2025.9064512550997,sensor_anomaly
1859.2349551856755,3.779724435055692,88.06499290836011,160.31294479245844,410.0887508236894,47.34330194653568,15.948934436544887,4.1943420473176625,2.32387389726855,48.98821813637643,47.81846165718543,17.349196525561478,5821.2792145658195,sensor_anomaly
1523.4527851445075,3.9873296541044154,80.28353878414391,142.8626330186305,392.83175465487045,47.60756359964071,14.755613667544761,4.200955143948494,2.023401753719944,37.86125806841273,30.278580099360816,14.158966760709289,1269.4407108635094,sensor_anomaly
1696.9085207668163,3.491267409918652,108.19116328023772,182.38562725316777,437.86988257136414,44.550782696204934,15.073114172350438,4.264843449588741,2.3919553877161484,46.890741993272016,37.13990210881552,37.72468316027915,1725.5030007089663,sensor_anomaly
1617.5758853757998,4.118456683287906,77.58783174465107,86.99404575705634,380.61378267555955,49.17550015643603,12.810663085550836,4.17557917634831,2.2052817145913712,19.17287758159627,32.5189283079504,17.274722720949846,331.02220138572,sensor_anomaly
2020.893732109315,3.8141258387414894,89.2450845476366,115.63888637297582,418.33426908988594,53.079178161902995,15.529590207980274,4.163624772505403,2.5551262723329295,43.34444971195305,57.41396970451282,18.778013086406723,5949.070272783939,sensor_anomaly
2155.497165481596,3.556616551775096,97.08171646395924,111.63081441629186,430.7778100102982,51.61643711393843,16.291353532793657,4.138923386520591,2.1960781431971355,44.77060217319031,62.029267686603916,25.734450196025577,5732.998619760524,sensor_anomaly
2686.3328109341714,3.3706517381017616,85.21205676037376,177.5040875636038,438.0743543822653,73.06045850763235,18.88768050070104,3.8352862214711063,3.0481543568091674,76.8917942995117,85.30800526559082,-0.8516147794924469,1030.5526552482181,sensor_anomaly
1801.849743985355,3.6681819484095333,108.64350189652369,184.1471386426279,444.8906135960415,48.57309768220034,15.831725283797821,4.123178247011859,2.464911930370706,53.04557237043286,40.8786743526239,37.56989239383556,688.3064496708517,sensor_anomaly
2222.5276865812257,3.3559253157404676,91.03472991683464,174.0886819435778,436.2378676754459,62.951678168573316,18.252492519523717,3.852238929195494,3.142398729980864,71.28167268849442,62.51965436489336,14.00431252059533,1605.0743550221448,sensor_anomaly
1493.465625557317,3.9574447521252707,75.65241702025719,81.18391422396189,383.93739341524315,48.2052512849442,14.256760372747927,4.381939242108425,1.955631566629477,30.57408345714717,31.34657205545261,12.73703835536999,5821.654808239156,sensor_anomaly
2652.7546001200117,3.048215325548019,116.91172791092525,127.07983194066388,469.6520816561765,73.78052898252132,18.99503264961514,3.9936903300526474,2.9752663356416438,76.14228369642214,82.00168558173415,31.163018024962064,1044.9124006298414,sensor_anomaly
2160.6698684470734,3.7871739684353942,81.88233586075674,107.55928534057033,402.36158314798416,58.1250063643057,15.231881263860947,4.049395320738911,2.713245738435267,47.22617775650162,60.662894574538086,7.093184399658775,2427.1037096398113,sensor_anomaly
2415.4894886149104,3.483526643686136,80.20180988783773,146.79886290521986,420.49746076356314,65.36923615794544,18.291044008959997,3.921977078778492,3.041456548531556,67.60493810750303,71.35791211692313,-1.1060206902504433,2043.203575010591,sensor_anomaly
1651.5601535769524,4.079912212863459,68.27397496895688,141.35448647399866,388.05086584885333,44.69179374764585,14.566018081961504,4.194802722164884,2.290295472667857,39.477032430268544,36.40404419524286,1.5237517909694942,3974.156139243715,sensor_anomaly
2045.7718208745505,3.6831088302214217,85.97845075082718,118.57965222754845,423.9127081777496,60.490769394977505,16.422601144905236,4.119272870701862,2.8469760820368997,60.661219066483774,54.889206610994194,9.874412874936171,2023.5237282837134,sensor_anomaly
2640.395949155797,3.4487865046939055,89.76619596243216,114.52540750637593,443.9510291924237,71.57882967324896,20.0467426816523,3.906564112170794,3.0126996998600855,79.89180205167742,87.53920958006103,0.007390920089759945,2615.3652168240415,sensor_anomaly
2621.3723900218943,3.1848730215128374,107.02984771844316,135.36267809847294,467.4783425082943,67.05458265245515,20.441803399025844,3.9515909329232626,3.1920443505941525,88.0190058992121,81.03561842665849,17.01591562989826,1314.1462025523106,sensor_anomaly
1872.9158832482572,3.9689833511546446,88.25717498974684,120.46982177098172,412.6715849628553,50.72732808535554,14.758529462035826,4.14313835598744,2.345632367841342,39.099199208403974,46.23661004366145,19.578974617767443,2241.892253960512,sensor_anomaly
2559.644590727672,3.400923557510885,109.33704513965303,180.76329614144623,451.2590326269608,70.35466478256762,18.196322248525398,3.995285901821105,2.894795461893868,64.80931284218502,79.37348895462252,27.972761303362276,3606.122034100131,sensor_anomaly
2408.891308708125,3.4904827182548375,90.76963680877101,168.11161489417574,440.282020265179,72.58225338014778,19.200451095458053,3.8776842767629214,3.1363216845339124,84.9052856308562,70.03187959778751,1.8036898304921698,2126.8261216089572,sensor_anomaly
2624.7227733214454,2.9286762431357856,124.38891007776475,205.30794504235732,498.8543524552853,68.82726343723829,21.30778038660681,4.047204123533143,3.6200151417210558,98.0,84.25167494644188,29.664962638942033,4048.3620708685594,sensor_anomaly
2606.8245186162067,3.5353403502049425,87.32447839851328,168.87066478779755,429.01258886848643,69.93308805701871,19.206593808770272,3.9456763010673037,3.2653557596838265,77.58934040396849,81.28330023380963,-1.6505826359712974,1723.9912124068098,sensor_anomaly
2528.3023188261586,3.063194912317284,121.71168992828224,222.20973631810617,479.6176789976946,63.21248093219047,19.891991063696814,3.958979878078587,3.0634066510455047,82.36463529394447,79.67885161245289,34.58854721583997,4699.3043446602,sensor_anomaly
2078.707261302072,3.289870396517101,118.87456070907305,152.96989088780873,463.13103860021766,54.91917826953034,18.343669141030553,3.8841886936048597,2.7164838212567237,77.51500593354407,56.06307159649236,35.576968654924876,2865.027858053296,sensor_anomaly
1783.097867234442,3.5065208046884178,90.31258410482924,102.64251105377427,414.0277439661243,51.94504232311463,16.677869181457382,4.073297395820442,2.455232698267034,55.78655011599585,45.54128774115996,13.353269211936894,4419.534823810861,sensor_anomaly
2167.17741085377,3.5108902085002938,113.10937936196409,143.92128899137717,458.6678519686202,55.37398093897448,17.631904333434353,4.09112270212926,2.649189535414342,64.49680499538972,62.502071120040725,35.736631210887055,6177.112951837643,sensor_anomaly
2612.0074574571267,3.1152168916757272,118.467640128506,145.5886544830213,483.96325151464094,67.74139870444898,20.82639242299655,3.829770270443706,3.4615436818284837,94.41615654722847,81.77154928686471,29.32920997049224,2654.9909188720158,sensor_anomaly
1975.5166632501548,3.8812209121368517,96.71953587081266,178.92066913107732,427.68602832107774,50.147172111431864,16.48747069613908,4.099227797901054,2.553454829208783,49.415476314429775,53.44216480017284,22.89135003602506,4107.689092246308,sensor_anomaly
2188.8278286475033,3.63295392637804,80.14930687435447,113.24144739229511,422.06887849556927,56.61629435597606,17.404696180350193,3.9792443191584717,2.7275499107849877,56.63544637121912,65.04485577910515,3.372831890586914,5714.727431709796,sensor_anomaly
2051.5820222825564,3.628609304518587,74.97643278335438,148.426216119708,402.586269874294,53.00827995859611,16.289751984762216,3.9815260925252303,2.4772513870066977,58.140427176913136,53.28943496528574,-1.806031379710424,275.2766645092697,sensor_anomaly
1727.293706892644,3.9596446617184182,95.71775536236613,131.29990281039036,407.18114054869164,48.43355703834963,14.422225391509995,4.122388593819598,2.272933229281042,36.05174097998623,39.33564404859843,28.461466752034514,3550.361250598312,sensor_anomaly
2305.0983356964853,3.491105058074561,100.79335320632616,191.86939995707917,433.99544157051173,60.15746134111757,16.32802124737668,4.225191431536164,2.4405041106112466,50.25083126516016,68.24276441839558,27.126158347208673,2806.1918974821547,sensor_anomaly
2029.4565257774434,3.5247461375893603,103.15448167699701,134.94103597584885,438.9019114051126,54.60706465369575,15.4042679889207,4.298777538333348,2.367407358733092,40.81203961294048,54.04623201807936,35.70041772855474,2976.7496235305434,sensor_anomaly
2396.8034794942473,3.532995415321285,93.39612322118457,179.25985672218084,443.04362674730845,63.71913947983738,19.15644729153362,4.0091578223674995,3.379715155531696,84.30859205597685,73.28305839511557,4.641118040515529,2225.2997666781166,sensor_anomaly
2136.385396871937,3.888206548888105,89.14172351873165,118.43292514539979,406.1583337024249,55.91489146557346,15.591690193576978,4.166755125746427,2.666424297144197,40.10329214693117,59.17199369283943,18.902228021435988,3338.1196973037013,sensor_anomaly
2191.141313097317,3.2899515748558747,103.93187683636476,191.73847593113567,448.46201591122434,59.960935951196426,17.852203400892055,4.123213041296534,2.736531974327742,71.12250744706996,61.601263367846805,20.55171891512934,390.8357111692522,sensor_anomaly
1794.632015519346,3.924705527414993,82.95270978310928,100.19063085464622,399.5106357390397,50.103848177495266,14.888521977148516,4.0979658340106155,2.211756093623095,38.85716574035177,44.62025927504096,12.562677379179071,3363.6032811765226,sensor_anomaly
2307.7907873016666,3.5382095594281604,100.4762161250081,121.9333712321245,449.89020956551457,62.4245973523906,18.668672017941358,4.09565794832284,3.272145494982528,71.04589768620804,71.73249778370713,18.60863111454275,5947.156687523036,sensor_anomaly
2391.2166226520017,3.485361923781149,109.18337131887786,133.75267988394674,463.4641770261437,65.55954123531376,19.153606565507527,4.109802437306228,3.232188785140907,72.49966041990203,71.47861629041077,26.70238038198744,3803.6258293793526,sensor_anomaly
2087.2176918412842,3.6151293437253758,108.07300549114522,181.60243471145276,438.97689821225913,55.3010522317778,16.769227741728574,4.034860512859487,2.6833853050988736,58.02011442701898,57.08441980547162,31.874386147640642,1857.6675652583883,sensor_anomaly
2403.3374534256527,3.4089697631144316,124.17564367121236,148.30907289172055,477.73023459463246,62.20081574185367,18.740776369571655,4.0154334759784716,2.8428559695884634,77.8813040430649,69.3269496594217,36.563540826220965,1275.1223777800644,sensor_anomaly
2653.1266201647627,3.413000615387789,93.01614244369524,121.60201792953387,449.4130893384005,72.56174840070705,19.49507440457533,3.9138001901686037,3.0388747414733395,83.27762829371032,81.89540564372281,6.429825747674107,126.6447697760289,sensor_anomaly
2566.9734303652554,3.499873268103339,93.3551467715244,177.80537390674547,446.2931697722777,62.22012591170029,18.69834933244924,3.9863835131474024,3.345134286701171,74.60934968560765,79.37165696998478,8.59778975342614,2510.8084090549182,sensor_anomaly
1569.8653677830407,4.0164114840175085,99.63166141840851,187.73228986637565,411.11644164535704,42.95609424287912,13.671537180015928,4.1875237930535105,2.298485412764239,28.44568064430473,36.04289345556448,37.43270090797834,5400.8734101586115,sensor_anomaly
2024.8835118017482,3.5895448342964453,97.10468954661053,168.9056538191355,444.5501714197236,56.80363914500461,16.870728953036856,4.087371766167794,2.73908467024323,60.98909476904758,54.321015610169866,25.06938290966614,2078.926286427725,sensor_anomaly
2199.2273115135117,3.4739768870723426,107.68565766777027,139.2060142199708,433.2527984402386,58.121360129277086,15.6432189135161,3.998767371271345,2.8039743623248907,46.136156932004866,62.58227258705764,35.17261557104725,2997.5296970307727,sensor_anomaly
2669.793965631739,2.8883394040293435,118.46555180762974,149.60521172502146,483.2679345146899,72.31868893405365,20.945321401603493,3.8640450434768927,3.1855778365551735,89.8775139466533,85.85465043042117,29.054550737110553,4541.229784625786,sensor_anomaly
2668.4391083262617,3.2434552429042105,94.63320335862926,131.72033245162953,442.34568078831813,67.33957424705059,19.16592444973703,4.009609314935522,3.327760934884496,79.36045986940215,85.38901844601766,6.1533854553114855,3763.9845253933204,sensor_anomaly
2708.0812331760503,3.21573049450555,95.09148905465169,182.8450121169233,450.7943657893174,68.6559241100396,19.83614323655358,3.93603948717161,3.308507738055407,83.45691381540256,84.97951519374165,4.47281644173118,332.643561415924,sensor_anomaly
1819.948572311607,3.6615242748851062,94.1336279644576,104.59870618143185,430.6255379487241,47.55263229671782,15.590507018879496,4.1352575437947525,2.4166068867549653,48.13781777055707,42.12872188925718,26.539834536392895,370.81884288183,sensor_anomaly
2459.4577645682307,3.520612423806787,112.07940873033942,127.90835815173178,459.44453715225785,67.9537634070561,17.656198509396244,4.135897386157143,2.923770834261709,63.96373223457668,71.95469605843235,31.07446279417137,494.2956096476609,sensor_anomaly
2052.4603020563886,3.7705534949859567,89.31607970251248,104.66265746155642,426.28176717320207,53.5903217654005,16.19861726411173,4.191744738737274,2.579373435511007,49.42034089403875,55.07858154530884,17.69951651825916,3817.830118241692,sensor_anomaly
2440.8112576007143,3.4437204582949748,117.45476073083016,203.36281789320867,466.66722588547225,62.51881526404493,18.62369153619745,4.103032742158727,3.0803656208441663,69.72689262620402,77.69678998261485,36.78570448400492,6384.79556080383,sensor_anomaly
1617.1021930227512,4.444024949907983,56.44816076745466,78.20419364363079,366.92716954474554,46.866825464747535,13.100508258124973,4.204307192051139,2.032849856000239,17.93003644448322,35.360132628150836,-3.07903211015216,4210.763251241777,sensor_anomaly
1534.8371538784422,4.1604324085755495,74.04261320007619,139.43376728153137,384.7176249750816,46.51431899825291,13.82072971865497,4.309547999409618,2.253630497010569,28.887874905921898,33.091913462762776,9.976694768440993,3651.4801947121164,sensor_anomaly
2455.001151499647,3.3790412294295322,83.64773134081243,166.44845937831013,435.5421085177975,61.824844748358615,19.23745390626636,4.040734674253368,3.2416982489104202,79.84985002972036,75.0888852910003,-2.8907680815968364,3276.4323917535144,sensor_anomaly
1782.3092762090541,3.841977293455787,84.54563255905882,153.76762257811228,399.33327621267415,45.27733481037692,14.222106476549184,4.021926606195269,2.2078248715727606,32.2468987234528,44.14164911092702,18.356216079907856,3184.7272206088946,sensor_anomaly
2628.7456645128323,3.454799759877829,85.84418535678226,163.8973961239878,438.48181804507317,67.00614848724236,19.365020379614354,3.9172982496368833,3.1959652739089863,82.13671715797507,83.42605619113706,-1.2627994818828159,2460.0091388146225,sensor_anomaly
2490.6086076830616,3.6062498221603736,86.07592308490979,118.45260689124325,446.49614557946325,65.3266912198977,19.53010146846198,4.217653715690967,3.1348091952287587,81.07280676495125,79.7721278836019,1.1389577936269757,4992.553349337104,sensor_anomaly
1934.302756091249,3.409808001623218,103.53031098208302,119.39754810499494,438.8333207734242,51.539689702640594,15.911851676641266,4.211112017755844,2.420707998254688,49.623709600575275,49.75018425553981,34.34941892039327,4066.365627642568,sensor_anomaly
2399.2080647754597,3.413909989253445,111.56095157264068,150.64065780293043,456.9612048733781,62.44298906150061,18.54480621266422,3.9333862438345406,2.8663886561912335,73.66002432124695,73.51150100725167,26.21778440362396,4258.61554742022,sensor_anomaly
1783.6655505810365,3.9436265156216104,91.96063228225464,112.193717287296,410.6231379741547,45.460085794359024,14.277778896635596,4.195027555459863,2.0010754389236265,33.987805992084276,43.02066923730933,25.238508911389676,3662.1985274183367,sensor_anomaly
2244.6077452574127,3.767350765182647,78.46200419174683,111.15347864929223,425.308076067562,61.10360084360921,18.062685350454345,4.060726489107429,2.81065386507282,68.45513556953603,63.004911824877674,-0.5169557529369038,2761.346654022663,sensor_anomaly
1576.4684089151372,3.815061281316785,102.02047124342816,124.44414370138679,417.6483213422209,46.54359045656447,13.488588560288889,4.2228723472416965,2.3542817377315286,31.302768524647004,35.00246986331688,37.25899472743494,3772.6643524619203,sensor_anomaly
1963.685094738598,3.7241099441233967,88.05301758175192,118.22674391725397,411.7489515534716,51.76118270527196,15.70871523535699,4.150026940844602,2.305009318381596,49.34338835657981,48.68718579107616,16.47940710100034,829.2152567340476,sensor_anomaly
2357.30918812143,3.267211620733317,99.7461783845024,181.8674011690378,457.05295241552835,64.1678944103636,19.57969429263933,3.9703495596045357,3.293310404844905,83.3107643382981,73.28424009599877,11.268795627005359,5781.747625016525,sensor_anomaly
2383.5693083204005,3.508974564052837,98.72150217301456,138.97918240126828,452.71076480745506,61.065176916073334,18.68214326907448,4.062940434537547,2.99578172484605,73.12783756168197,70.86535581902814,12.837327202103939,4120.641914277042,sensor_anomaly
2182.9424673699928,3.492233959458857,92.11959880978496,167.01580788478387,449.12268611383246,58.12825019760795,19.1747835628878,4.006687522068913,3.1673779561686146,82.11570745004892,62.71486100936928,7.372777499860335,3765.2354354365334,sensor_anomaly
2280.578410732197,3.3144393579998224,110.01955364000678,130.57394726796213,456.16280395645805,62.11332948583626,19.04536725282028,4.067158618748826,2.842294755937118,79.19151755355696,67.46782874199016,22.946952397215078,4415.7844720029025,sensor_anomaly
2050.2157181228745,3.576926260835588,80.51082171781528,102.6578113122047,424.6433569071747,55.40096166750781,17.242980835930943,4.032283173266801,2.7158401295360943,66.26866722764736,54.879814619040154,2.3289652519108217,302.3196157324282,sensor_anomaly
2459.485550811866,3.4097736887972276,82.56473066853245,167.08128231668243,440.9614718681499,63.94451980695757,19.273608677548573,4.028741063250831,2.6954489395166035,79.66320842036347,76.96320963101319,-1.8273106879475085,5161.61416399431,sensor_anomaly
1630.0131089459255,4.171376108166465,69.17062284693459,84.94441096877155,389.35874966913724,52.32450743383521,14.626856382575118,4.083093542571049,2.1247342588750304,39.52105138219934,35.73089426554455,3.5868860092867725,4727.042060716144,sensor_anomaly
2084.2787365758077,4.263191831307202,66.38326019554023,90.64094117962793,385.41121542477504,52.40512884925298,13.708845887984543,4.264700235268379,2.3658058341850365,24.91709843468626,52.84281694637788,1.123235657082017,742.052015401899,sensor_anomaly
2232.790610648476,3.384893669196591,96.89142785419105,130.45199435285886,449.9990320066167,58.24752261586278,19.19190712483035,3.982981659638518,2.939197733346497,77.49341303182963,67.03205610366915,12.3009664096905,3832.1687470036636,sensor_anomaly
2417.627791405934,3.4744875000017124,92.5206639043223,123.28175241016439,436.27797075254904,63.97970848668689,19.089247456582843,3.9242491666653674,3.13778696075004,76.36755904528523,74.31993888262373,4.17292043498645,4816.6117137984265,sensor_anomaly
1643.0549280798934,4.119332329937155,73.26878338001637,79.82676318008984,393.0684569180464,45.7209841441973,14.2514393627811,3.998833575090992,2.0774717614843707,34.64449956249156,37.18979798435932,6.47880303476976,4980.305521378279,sensor_anomaly
1589.9570020757608,4.13735076748274,62.276039811179544,130.38941614314928,367.38802782408396,41.33115925500135,12.486039108393612,4.161702975666926,1.9061983773144753,16.38585175949466,30.939311781247095,4.757335865460447,153.2648158397579,sensor_anomaly
2607.8581144147906,3.297944611675295,112.3969337469571,193.47519641402428,457.12041383054253,65.78527653941552,18.05042587454939,4.032771548126619,2.9533622080344166,67.42821214065987,81.49578831863646,29.047354574897035,2247.9717660732854,sensor_anomaly
1835.8408683855303,3.8314721519296335,70.18799882249498,157.52633589359925,390.6011395624878,57.14302598122552,14.962241164115872,4.104800200651464,2.240425550193611,46.7488877194823,42.57487235782601,0.5729098161308861,450.40625083466426,sensor_anomaly
2152.236075936019,3.543685051086534,99.98356070047696,189.97110030904264,440.7073455488337,56.12023707544486,16.61639881737575,4.2040970877227055,2.6805490426106964,59.62543842217643,59.59240003306419,23.803642376623703,599.0568250031658,sensor_anomaly
2659.0825477447834,3.059809613985869,110.76589726334339,126.05551310237558,470.75446246345365,72.7104454546664,20.026727808539228,3.7539819248418658,3.252447128250278,90.91618986828398,84.48910673090377,18.9054241312921,1845.2155599351065,sensor_anomaly
2617.6072439109957,3.443650614447278,87.78844880576295,179.30197876604961,442.0411096667969,70.58864993128097,19.903058579215717,4.005150379399204,3.1845121919701964,79.15339988166564,86.47842719505847,-1.643894286312488,6210.362905040903,sensor_anomaly
1826.2301290291568,3.6535567631340795,107.36280937850248,178.95372805047117,441.39520733628876,48.861874898531276,16.28101049088734,4.236090510440585,2.754411481702316,54.73715582046193,46.865413125760796,35.67184029627372,5317.46940735926,sensor_anomaly
1718.9259099946667,3.7720927531650217,73.06150745272886,94.21555656484358,386.1003326048018,49.57533472301584,14.870526461859047,4.188735489721412,2.2805051732495607,41.218389579803215,39.67516850067876,3.1424305023716794,433.9881429127213,sensor_anomaly
1686.6355262069408,3.8320667061374225,93.47503718525343,117.76336625789787,417.89839423765306,46.665655822659794,16.109061410876237,3.9860017503504848,2.3839460523273,51.241109657753654,38.31319858104529,22.64638847726421,4291.151254376512,sensor_anomaly
2196.0920323440214,3.9468060905297215,70.17990593519367,105.5905769717288,401.23139823801824,53.868698759452585,15.823382118124925,4.091915557242148,2.8109959430532823,45.74557744042281,61.92675743224404,-1.8219782736540078,4349.000497866717,sensor_anomaly
2284.9420492869344,3.135098143680273,115.37771958899299,182.82822346930737,449.8185905243033,64.75398096321335,17.046001628921406,4.1587087419775886,2.8227309578194992,58.111446736587645,65.43119917576578,36.93762040220568,267.32737370499365,sensor_anomaly
1503.9254782207138,3.8954149471169597,95.36055493154588,103.33579144552623,401.46368456244176,42.569153949362395,13.405249878000937,4.20709431128566,1.9639609003394478,26.7480806697257,31.967411758140432,32.339982145278796,4390.374451716752,sensor_anomaly
1933.4814730795044,3.7329871930054592,91.51058506349513,105.20269624463276,422.47187299837225,54.632637533494716,16.27162764820271,4.1138163016325775,2.507080479601727,54.9469559863535,51.50128186699395,19.267421408916288,4934.201059365681,sensor_anomaly
2486.476383772579,3.165177472631319,108.53552406899696,181.01579179526584,460.33699104460004,67.89432308637987,17.771760330841104,3.9430458652325076,3.07315273363445,66.35831615685882,75.92469343771135,28.904609155329354,455.28305625363646,sensor_anomaly
2691.237690503794,3.1222051193763307,106.51810118697674,192.9470470405233,467.18685670954693,71.20521398660286,19.66420991906041,3.979477045852348,3.3027562280101446,86.7018412243773,87.6480383804626,15.111258168336835,3243.6574475099414,sensor_anomaly
1544.8891370774334,4.12328690255,61.061371035430206,67.72469126430602,368.3479157450828,47.82868574005391,13.386576744537164,4.103889085964717,2.157568584119727,22.34991023647743,32.8607222130506,-0.8309278058634297,5474.44887541342,sensor_anomaly
2084.768180315976,3.7532953566692546,86.8632568192366,180.3610352227392,418.8742049706366,58.9157727312337,15.939926701664644,4.085411479913372,2.641488688749209,50.12072521957294,58.37976806919894,14.582813274407297,5114.402438614413,sensor_anomaly
2063.826260270512,3.8829875685201847,71.1753523575324,88.28730438937464,402.5692885999355,60.24313480432496,15.9079399132522,4.1453683327929,2.3252177761979205,52.9060067047476,57.046551523579865,-1.813977704002438,652.6632099499044,sensor_anomaly
2618.229292984005,3.3254161873478956,100.24617745834273,172.7434917640281,455.423639645833,66.35677646919925,20.164957352078098,3.9753142550666465,3.316158319750994,87.13525981496092,85.09271836862011,11.396031493572075,5853.70765450054,sensor_anomaly
1549.4172707023201,4.088135093571596,77.12972825341471,94.29092412126636,391.6991791989845,45.76953505964669,12.718168876644366,4.300663012619769,1.93261711174471,21.71650674893288,30.820224302488903,18.233181717070735,1311.829818213936,sensor_anomaly
1641.800040496003,4.0322992821580845,77.36252667573758,134.2831634893705,380.9870991080196,49.37756949858761,13.533840616828929,4.034884186819909,1.8996113540105188,25.12373206928838,34.5554493102038,14.866306632799889,1007.916993602542,sensor_anomaly
2062.013948141841,3.783353806195646,99.2631242870033,165.78396205760396,425.57622284853966,55.82175765967637,15.404050569445742,4.276371776852203,2.398989719163785,39.550441466546324,54.7427802964215,31.11638227732048,2239.094848031149,sensor_anomaly
2646.618336411534,3.2795875374139767,100.7772658655067,182.93831877654534,460.7909294184531,65.70654519348501,19.571606049281336,3.8521287534044935,3.173779636283715,81.71235815525294,86.01177617321228,15.712385724829911,4628.153564683719,sensor_anomaly
1683.4464679196951,3.8812354292707782,91.63888838956323,103.1515175476849,403.98876217171767,43.318568632251214,13.45818134921835,4.241531636819362,2.3080627912735037,31.16249438586548,37.63876813077709,27.39714308565827,2581.97784094164,sensor_anomaly
2171.849807382912,3.378210483336823,99.33232986490091,105.14592686909253,447.2325719575882,61.09819161942079,16.68595675471181,4.076592191986001,2.569586314222219,61.84636374059777,61.382436577483006,20.429586445018742,1074.6476632581239,sensor_anomaly
1568.3125358482703,4.059238207114508,83.63283521761495,103.05694410551486,399.3420464805763,48.284924406647086,14.10942005330271,4.10498764687232,2.400719795002114,34.56191053306313,33.131478515159486,17.108022437141766,4586.315469286186,sensor_anomaly
2475.8146913237774,3.3015761050152292,107.15157711020686,177.462977425923,451.86450960299675,69.85123348110825,17.45213394535297,4.137179811984726,2.7285026485081447,65.62355610413778,76.02079466286563,25.86014432008391,2272.5071434335787,sensor_anomaly
2272.5987394258464,3.730260780258795,84.6689990464012,164.6829623297731,421.2905280412449,60.14495658026674,16.605594263272003,4.121499431800285,2.721050073422521,51.28874088747107,65.60077558683355,13.165863576724957,3300.426959780339,sensor_anomaly
2643.8129283222365,3.401791767861426,80.71288037558062,119.0249601959342,424.05831876356854,66.11928991105593,18.177759673099903,4.009844823566773,3.144024029144297,63.00324019309237,83.48622825056054,-2.3572510807692666,6252.935054706832,sensor_anomaly
2253.124568160314,3.5202502970937584,109.33556666799107,141.14216687388966,440.87267155936405,59.68900855827334,16.554610366231255,4.1010134296883685,2.7580846890252033,58.76157999646892,61.93020683387387,30.85031986585908,1091.1286916399504,sensor_anomaly
1579.654649530987,4.1715139655919105,68.84622892815052,83.74156564619491,378.06426379193726,41.12516966719759,13.21907170691623,4.2037671766504365,2.2863937782680126,24.85168815215257,33.379833890496656,5.731420936370231,1440.3253202030314,sensor_anomaly
2252.521884116932,3.3150095451085195,114.48821055015067,201.35038146172525,464.8711740327824,63.81785482351001,18.77182571051819,4.004532201049901,3.0911295430524683,75.22110655420492,67.17260699082541,34.723063874172865,4965.850330059708,sensor_anomaly
2509.3046017890088,3.33927923760892,98.09663008050524,124.4122385896951,458.8119053018503,62.19627876227208,21.01251022091625,3.834967228538095,2.908689905363167,97.09585710883545,76.83974631972555,2.911379335141377,2729.436991914013,sensor_anomaly
1861.635876741791,3.784722974469344,91.39534401240773,181.38180765259926,407.108980302034,51.84663551211174,15.668482498289542,4.091499274156165,2.236313179533832,44.977236329330395,47.727979711032674,19.94072365203404,4156.577376839956,sensor_anomaly
1971.0726898459102,3.917609701046128,70.35310823065353,101.72823856462136,396.643448176084,53.50119416731461,15.970086653161353,4.083796047411938,2.8799057023308343,47.99224451296684,53.68082733604576,1.8928964826701158,4467.388459506691,sensor_anomaly
1473.0533170937974,3.9773908801202733,95.66993439269766,110.41855791784144,396.1221067766439,40.963404933747604,12.755392319760054,4.096526446989816,2.2546337064110054,20.766771025696606,31.95411789810983,33.83584741011426,6125.823660413017,sensor_anomaly
2280.1023510003597,3.319727092576032,109.82807478951267,136.61726561814385,457.50774150830586,61.573684733460816,18.107251190022797,4.086167764313257,2.814544970916451,69.58526616383682,67.2483323409117,27.74231967394847,2474.8600644248572,sensor_anomaly
2097.356796572424,3.590596801200646,111.4216090973209,194.44320575842494,457.99107066117176,55.43805264163741,16.55600314254464,4.1192340232198665,2.752695831186593,57.57561647557278,56.58682482095035,36.19428896788663,1882.1808532466234,sensor_anomaly
2739.8021800261686,3.5639161520364118,85.90622122773604,162.6934083983889,442.6316600403984,70.92807060318279,19.01014829009848,3.988395536028736,2.944634969860173,73.6904577448292,86.45848353405788,1.7997305918331834,1563.2233845714945,sensor_anomaly
1801.311574970547,3.7507448172512277,68.32742670383841,131.9421054166483,398.1347746983735,52.930414854279974,14.797198735135765,4.156489513028977,2.6790387805108375,42.53940910237461,42.69051406222247,-0.9776009595030974,514.5060177302807,sensor_anomaly
1908.1878167642292,3.703065621204862,95.13003932325705,103.04487322758067,418.7296543646914,53.38549736480414,16.01196581902499,4.1653623256226116,2.4582442292995386,47.504211001636634,48.525104130775176,23.080582205484518,1974.290094376397,sensor_anomaly
2298.600694534376,3.4291914821245144,104.66824887755021,142.8977147448186,453.9779829578276,58.59029635509839,17.59298011036756,4.053311922755081,2.849561209404398,67.20597856331979,67.55057120068436,24.69076276182621,5554.750978315626,sensor_anomaly
2132.4061098142784,3.775841649384647,76.00166774213908,106.09912921675429,411.32760951510954,54.40713151680897,16.013711872675113,4.1947698865268155,2.4137852017068475,43.79416825395634,62.633191040450576,4.713603692712647,6010.614069151688,sensor_anomaly
2262.3200451828593,3.330223200198508,109.17119153229633,195.10635300205428,448.41878632785955,65.9018386629948,17.14994956434207,4.166833641806721,3.015869925419596,63.14269072772141,64.10722173644685,28.613314094160646,394.1249740989654,sensor_anomaly
1618.6402748239668,3.936767036259676,97.06663115505313,184.34073518878944,402.3448569003914,41.937729935593865,14.201534376067775,4.204475212499115,2.0542819476228074,31.335590034511174,35.12286673870286,31.379712555047597,4418.578130986913,sensor_anomaly
1590.781528155684,3.7189961147965156,102.9700062560624,124.14290095522766,409.3097997393349,44.69042437103339,13.956445292767198,4.2099077350142355,2.3129711371030868,32.5935491021604,31.865827087448594,37.0922291508389,57.531884548650766,sensor_anomaly
1915.3047027961743,3.7078245539504096,76.94248970739565,94.04096075503129,410.98384074168507,49.5312188481393,16.688009214607195,4.0657944983207255,2.6768021804298425,57.29782387968324,49.78395658867596,-0.378875941201992,4114.730620144635,sensor_anomaly
2454.631866187825,3.5048351995139373,79.58550763873409,176.29760258773098,420.94692504574283,63.254738434110465,17.122805958498645,4.098268486597596,2.9994265347935762,60.796115874593724,73.22089357460735,2.1986605725002257,1538.248510008372,sensor_anomaly
2053.6707303237854,3.776490253473404,95.3516816518151,115.62618536227514,429.28465351488285,56.16361798841513,16.26419271981957,4.14926411975167,2.7018793631360523,58.882228354506644,55.97104235765331,20.27457585404031,2158.873776235187,sensor_anomaly
2634.3375748752937,3.179571128579052,118.67678466252138,198.6542623303593,466.9041349850273,71.26534746619348,18.529227438742332,4.079685695527136,3.173211383951461,73.7914069432743,83.81522757181655,31.381166933626904,3944.6505205546573,sensor_anomaly
2204.6512206031357,3.7012419399636665,84.3753161004612,169.52775539010872,416.8635996587939,54.143196922810475,15.92297564960402,4.044167861564336,2.8616222100340547,47.301783798944875,64.50158509806798,11.203335927263778,4320.599387444899,sensor_anomaly
2181.612219375418,3.544431424123803,88.58979177700311,171.90803659282852,430.25056105041494,59.18484199386912,18.06630227666351,3.957083735722873,3.0043566047178474,68.52885939463593,61.47319734747568,11.166601679207,1759.4481467231303,sensor_anomaly
2250.5175695491735,3.7550280606495883,109.99411771370981,135.6208131779594,437.3680637902586,64.1427403623237,17.366211562315346,4.1277877339202425,2.800833513880543,59.99408312447734,66.13642869138064,30.954704787505065,4568.393393941301,sensor_anomaly
1940.392373935352,3.3742858005432077,112.96717310195022,138.16403621631406,452.5326551961776,52.4202070219608,16.415607644660877,4.06793555898774,2.537583707315389,55.79539010471218,52.87444312043014,37.59699539981293,5317.836687072244,sensor_anomaly
1985.983037510734,3.7457493663589885,90.63468743043197,163.4856534327771,433.202962988863,55.84692925237923,17.395805528321876,4.208965857498817,2.55611538681925,63.91972266042681,53.70347141605318,11.043791699475562,2311.006809832029,sensor_anomaly
2480.0240131745913,3.561776889821157,81.40961399025872,164.67367414643564,415.2248036402653,71.08024538949657,17.69497779078548,4.087953428976824,2.8595688446078023,65.54288799516814,73.71410867310584,0.45232287266753857,1609.7580153459298,sensor_anomaly
1700.6674358749942,3.6551904383600187,107.36989100892298,136.37870086845905,422.67471410536297,47.58068456426188,14.386324859250006,4.274843318034703,2.402757319667181,40.95626226862155,40.42992233121756,37.93173586043986,3496.604755416516,sensor_anomaly
2188.099958469229,3.2762427341883864,97.19373774555507,123.26168740974735,458.1707687321299,57.434049267549604,19.579768328528367,3.9706693698884274,3.1854285643265783,90.77866517749595,62.87280247412609,9.705258915458128,3322.62375627512,sensor_anomaly
1666.2978528930823,4.17883191880995,73.11849004661892,140.22602904849222,387.85849521860433,46.71871817426338,15.071948382148609,4.140893880383762,2.2573714824842614,41.69531231778604,36.5800562516093,2.705117887487302,4507.195374719581,sensor_anomaly
2513.330738013967,3.3495826953746266,108.48794305133885,145.5672757761014,460.8329992622098,63.76051057409483,18.875725227593136,4.054943888247919,2.9988110579580995,79.17709330027448,77.86967201858135,22.635021142218818,4174.326741724562,sensor_anomaly
2653.093667295934,3.457552685670992,82.42907441643113,167.748545378294,432.80574892830913,70.57009218680113,18.825243461135436,3.857369323633114,2.710457859899044,67.11250239412095,84.12346738257402,-0.5329309856098248,4518.283004645194,sensor_anomaly
2125.2913189624715,3.4393556368542613,107.31280219709761,180.91530384345987,441.5543136257766,56.59677840465852,16.67561715497393,4.047430150635033,2.461847384525167,53.93361142638217,60.30473906761485,33.93448558581304,5287.066694509865,sensor_anomaly
2472.6664128425846,3.459018978952808,89.16403426079043,103.39952889856221,435.7050627813943,65.2593889226876,19.029468825588122,3.9049749238767166,3.0144019928031143,75.08833445862238,76.1346441252297,3.331693017100961,4311.2144749392155,sensor_anomaly
2132.691872001086,3.670681677857246,93.76673653952402,112.7551825706676,427.97327130162483,57.02733553977008,16.837688166391292,4.096778347805134,2.7671783340818443,62.59925922119184,56.69044859776672,15.358514381591766,2802.1164273714066,sensor_anomaly
2190.701351487998,3.9547952295637185,84.09587569441285,96.29847449973401,411.39967806668585,54.927582851441144,14.850612517789967,4.197442714430477,2.1222701875276524,36.49192374718005,58.46716721432162,14.365241405979813,175.64171088900255,sensor_anomaly
2491.9569934969163,3.4062260295581743,97.98831906192594,130.31228087113098,449.4520851726605,65.95683951897146,19.24470087853291,3.962350837779382,3.238934294728859,79.42372949211322,76.2622333847558,12.931844286127367,1600.2192888911638,sensor_anomaly
2636.8989336771588,3.359976249700149,96.74701976758398,114.99516151908247,442.81652891841856,73.47167935883762,18.9044243661241,3.8720975910599678,3.384866769510204,76.39160282479858,82.39078958565582,10.41737481541825,580.9295436840405,sensor_anomaly
2416.6164218284594,3.497772133025751,102.62375247354065,128.36880808380354,449.3643918157179,64.06527176474711,18.027444266129333,4.065767422476938,3.161393300900236,67.99381366902747,70.58878082779528,22.986514379486707,1454.0467288206391,sensor_anomaly
1697.3806056945489,3.890008951843733,90.44891994659744,168.31884091553323,403.15386230065286,49.421274152685186,14.216431107417488,4.087956768875419,2.3685620092584463,39.565309162647225,39.01100202077467,24.84022133610358,3076.6681272703245,sensor_anomaly
2600.001604692464,3.1972806876341267,119.86871812524028,206.12728718465613,487.27368920941365,71.04238176898886,20.20411835896729,4.074089497097436,3.0222279404825527,84.86359738417131,80.74863569164546,32.57474753976561,1196.3576774399642,sensor_anomaly
1552.1699375072667,3.9533907706526734,81.11209971960791,105.91640945480506,388.3598346168878,45.64963089508612,13.571374080753861,4.099363466105084,1.9891403181334686,28.569142777806928,31.514348083135836,16.899595966797076,1744.4722314918463,sensor_anomaly
2666.361762646857,3.4275009977219018,91.95833309090608,171.12522163386336,452.34190879168403,70.5488101701187,19.857328169246767,4.042563272345296,3.5099786354344573,81.76007411072342,84.20764325203541,3.305447466336777,1601.2279125728264,sensor_anomaly
2314.78273601079,3.4500387306166127,104.90158655699909,138.28558352589573,452.9139988331737,58.49435383690834,17.33846016033075,4.2018260121271735,2.922007008857159,62.06270004907701,68.20996817173757,26.2817477689126,2171.674019316437,sensor_anomaly
2386.9997138779945,3.459557045864594,92.9618494805559,179.94149600908776,437.42598056773784,64.62443683816032,17.90473809063297,4.197777614408212,3.226138209897143,71.19480289048735,70.8386456581473,7.270768219207309,2344.681742778699,sensor_anomaly
1873.6718941417766,3.9341070918828023,82.52017609971391,161.86535385124745,412.5973910436138,52.048603295152475,16.48456085363133,4.128482431811028,2.497317760216946,51.42555276834402,50.99388944179885,11.005550678735103,6457.873888444922,sensor_anomaly
2494.2310727846557,3.383438753608485,90.6540049483287,165.56326837321734,435.9962867124757,65.39129681355814,19.052608009507658,3.8259428168404814,3.2467039341046586,75.05108900452181,76.20010787517577,8.953945580035095,2401.891151306185,sensor_anomaly
2169.959358442384,3.4866966504598222,111.54902074462161,197.0817280668596,419.1113902568403,57.1364256708908,15.286631524053439,4.172664973413829,2.609474610983167,47.31296895064957,57.15046543639607,37.34142870905124,639.5138322619363,sensor_anomaly
2261.190199376131,3.1957144256292116,113.17437732607873,198.0648476216621,467.4410334993027,66.50361781410652,18.5523971512334,4.0473294634150125,2.806910125067134,73.42357025314274,67.58209718711608,31.799050156925492,3590.515621826782,sensor_anomaly
1556.3647915567792,3.7827899449069293,100.92328441659915,159.8778542229076,401.3954697263286,45.026998675779055,13.543581118828014,4.1673592119218705,2.255977224900004,27.36619247638241,33.053544835670245,37.20897427225618,2181.4629111335144,sensor_anomaly
1547.5684031640951,3.847620749177055,73.40057444319946,151.8952599075684,387.59912460741873,45.89275385581892,13.69284730304067,4.235224042903972,2.169107808640949,28.3332635286993,32.68528284988661,13.343630165999972,5404.060731544432,sensor_anomaly
1828.74057552703,3.7185692887215387,103.9623564005329,110.41502239498278,426.12850668216925,52.13419899880089,14.373141722327262,4.241176765607893,2.2843200981979277,40.75982693143278,44.55678612080075,33.77756231349909,2415.5107133036668,sensor_anomaly
2457.553225653809,3.516249190395919,85.57541882446054,100.57842875246011,422.3248495166096,72.58897703672697,18.431162226223805,4.090360156905537,2.942049250650424,67.09924791854195,78.76832331472839,2.5208821172128735,5942.895980706298,sensor_anomaly
1901.168130137383,3.7677699632149073,100.530049454161,132.92831615564154,416.55572264356533,56.593318877237046,14.568601128679774,4.04250530390741,2.2543494231964343,34.93234709808807,45.13180516703979,32.882389944835595,1896.5476681237606,sensor_anomaly
1964.1677215091888,3.507876206684643,88.71909753262747,121.40925321375332,419.62837747714843,53.10868439043982,17.1095120298802,4.082812500985931,2.484306018083637,60.42543361653659,52.2509455487725,12.861767780910515,3742.3835749161453,sensor_anomaly
1674.8559538385211,3.894307464480914,81.13679384250993,164.36885210222317,407.727636106294,41.08222837927512,15.801567274474248,4.064296741493315,2.516484248413959,54.56980040236012,38.949936616798986,8.047005420039968,6058.114130043893,sensor_anomaly
1776.639835862741,3.790723815889947,82.78184961990874,111.93868923061872,411.1539465483158,51.04267803223485,15.88087708618174,4.028102367428509,2.5635702827472056,50.01311763239742,44.720232040422914,8.901716532422434,4662.449105814153,sensor_anomaly
2660.0241486024383,3.382431674660472,97.76202546654149,187.73602731316097,454.9609207636659,69.01783859981016,19.893634273697884,3.927834692494035,3.0671948885082534,82.27124716992235,86.62476032227666,11.325686020547137,5903.666764399407,sensor_anomaly
2623.983440958842,2.92587540328957,129.01758420115635,210.27598108969903,480.86281695501344,68.09445707613115,20.072157101912172,3.8294352583215625,3.2915199990230732,84.14354451410553,83.91305431545234,36.86297948760256,3774.6017669282296,sensor_anomaly
2445.212207277435,3.403391357581367,102.23378901042034,134.08219527663366,460.50663023782334,62.620993205988725,19.382152767278377,4.026382713258858,3.2078086555492256,75.81656920279812,75.12897104788443,16.529036628276152,5338.448917471139,sensor_anomaly
1678.3771426837525,3.793209375980489,79.49715008016625,100.29112240049939,393.2395498148414,49.38782891520449,14.727787782384164,4.090536313072651,2.5551495567898086,38.599054553192886,37.87851508999927,12.930134565198744,2535.014247271551,sensor_anomaly
2504.173226061651,3.4702460923594085,113.19448767380136,201.75572204285191,460.63023073529814,66.70372240882898,18.41339449029389,3.9227605108330823,2.752427827624147,66.1244659481645,77.98125728175684,28.809573065555785,4041.9171632096977,sensor_anomaly
2636.7002989433427,3.357776853697134,113.72297859247624,155.60891010474484,475.63947686577586,68.69020641027437,19.353667421947996,3.8792763699610573,3.1024445510549663,83.2936827246714,82.23299743688352,29.422825019921163,1062.088052848003,sensor_anomaly
1755.0551774546377,3.8567191295899383,88.46141966729196,119.46978837182394,408.485502233014,49.20165038660315,15.217750143158748,4.136119439570596,2.355173408956635,45.84005056942222,39.741848779409885,20.469419465810404,707.6484683372411,sensor_anomaly
2274.7222674540667,3.683987336205938,88.36775393453583,120.52269866336542,419.9303558975258,61.250365286659864,16.74725039854422,4.064653782181001,2.9292663207341474,59.54887656261785,65.69492019292625,11.651104784547613,3269.13423683193,sensor_anomaly
2625.6403387457212,2.9548036019743753,127.15251408305173,208.84520858230465,484.2209989301377,69.05387608179466,19.463459754269206,3.9270142461163515,3.0472149834982134,79.78912267011094,83.44787898593005,37.852438164960994,5048.782825637653,sensor_anomaly
1765.9403866100852,4.027961056748073,71.65810357037127,69.96332808060438,383.9681650765051,50.015868506765734,14.404690186116142,4.347171435848928,2.213061658898067,32.33503120245707,40.00223088189955,7.3811092980501565,933.6667726301832,sensor_anomaly
2214.805215410081,3.7189702217486427,77.90444750364182,148.1138167642323,423.3162959437902,61.5900823161425,17.700594943140075,3.9301870818021913,3.0194875944618773,63.41152336589263,61.4668779137361,1.3126970649765388,1320.7627355787608,sensor_anomaly
1474.02881682815,3.9105728081253246,96.15847538118261,180.88988571658132,400.48072815894835,37.86698227778221,12.356259075141654,4.181739798758574,1.8888691424987571,15.40996135584029,30.570762431174572,37.95907674952313,5624.690094471683,sensor_anomaly
2653.869105890656,3.321570772913051,96.74229801498136,128.13286991309454,455.2814128580724,73.84254183488096,19.460916248209227,3.9457782690573637,3.1599942680021615,79.39075201183002,83.20227503277684,9.009714492036553,232.42870696014572,sensor_anomaly
2681.580762968712,3.4035946774630768,87.92949740719301,98.2270448757532,459.14717763888865,70.68890985197261,19.117910092732263,3.9668718476503413,3.179342586235782,78.1385819268546,86.23768873841382,0.832863708157981,3294.8574781003217,sensor_anomaly
2009.350218983295,3.670375081954501,106.6224396720194,178.54597617051667,439.1117774388967,58.99529478896386,16.129021062394365,4.256442345286627,2.549118186657665,45.23851855676472,55.26408127069606,36.004347895846564,4717.262037507635,sensor_anomaly
2570.7910188528913,3.3294637224260257,116.6485428924083,135.57174189199236,472.61426356326837,71.54792286468434,18.389401909925528,4.030698743347085,3.172707120444643,74.38937603536199,77.41569329148462,33.27995564869904,73.92394329682244,sensor_anomaly
2602.7645580465796,3.123155127659098,121.94916773626166,204.0696442464367,485.4775405209189,67.6026306119249,20.484063971269247,3.9651634814604275,3.248578806105222,96.45613719684388,79.63639076346635,30.715970386671984,566.9576143239772,sensor_anomaly
1607.5590384335976,3.71113186237977,80.95353237836464,97.44979840391434,400.0605846658295,51.0784704506508,14.847348694590167,4.019221852406337,2.527697442357942,35.2712194968164,34.8733504245878,16.33452895672729,2078.117219481274,sensor_anomaly
2711.5762747675644,3.215191679997612,113.8469734010562,188.7509558656294,463.91742922695084,69.05817435096127,21.13145018238134,3.9737971255713544,3.143494447199201,94.66954687693912,87.67575055031321,18.149348455428196,5093.18241043568,sensor_anomaly
1711.3052835336414,3.891751703892121,79.1959597668015,147.14654445880808,398.4290112132069,47.087600338775296,14.274560541571045,4.214251260321859,2.330784962379194,34.626610600396056,36.40873650268774,12.640302297069752,2667.2510456680066,sensor_anomaly
2129.3477967744625,3.477279524710997,83.27807028308392,98.82027887594865,417.91532070196536,59.87123874188822,16.665251156201172,4.192948281758517,2.7117795561783837,57.2307300073561,60.753750150195074,7.63085645124575,5165.863033161063,sensor_anomaly
2340.3688125395147,3.5885595924040823,91.6342348774526,120.5860447815839,430.2338448837655,64.1210672327428,17.161946316024135,3.8979855837355415,2.909565581842739,63.72578127911005,66.9740832371077,12.259865567298112,215.15653120577676,sensor_anomaly
1988.840603477146,4.0948961817222,73.13784739798965,77.31013138001737,400.1547158201128,53.35682152393423,14.512531293651723,4.157011966004902,2.6065677733114243,38.546807217203146,52.012053012660814,5.8220941137802695,4709.970482903756,sensor_anomaly
2698.866277308627,3.501687100853813,85.71272563153404,164.16276443387028,449.3732222529199,70.25855708423097,20.108148317869606,3.8543390261332675,3.435022878882874,87.82058379916482,83.63648584542666,-2.1617395281089182,304.30266324953203,sensor_anomaly
2350.163766138613,3.630098965942718,85.42771008482761,117.02268216167361,435.0049240170082,65.26183482566312,18.861647290718604,4.049995101928121,2.9527183619730972,76.30599796197241,73.51825425486875,1.221970677253656,5345.53801405656,sensor_anomaly
2418.2371859138125,3.236766313259727,118.45773694856614,138.8471324956004,462.6130091723237,63.740097003197,17.921465202551513,4.033135590466804,3.092847161295501,69.22464710698962,71.8111204086806,36.29222369159158,369.04659352100913,sensor_anomaly
2462.6758848237405,3.215047679122921,84.73819251503907,177.35480792559787,435.962439158716,64.31209816220994,18.9093813396986,3.9192651484176615,3.181612557712655,79.21560907454882,77.54664936469177,-3.796170135149599,5324.180424285265,sensor_anomaly
2499.2334317046116,3.4250336459265958,89.15533716454334,187.2642819670629,441.0470887731706,66.6537573439739,19.261739380254102,3.8735326229729177,3.3052714230215505,76.21215153723648,79.56598936835799,5.962720657312152,6336.738073264859,sensor_anomaly
2615.797076971673,3.2241881287611847,103.90897921038824,118.78464474538771,446.9858317401044,70.2983574748709,17.987678107610844,3.8914082964590153,2.669391936337961,61.406073409562566,80.06973610680055,24.52128008166699,1723.6364886089234,sensor_anomaly
1811.0778312663367,3.552651360939582,102.28039764401355,166.12846397393244,412.54722372462203,50.31047575389234,14.691882186131627,4.082502786511338,2.4732572043605354,38.51311395919036,46.37425065818278,33.47078209970191,4505.700970555028,sensor_anomaly
1987.8478882358368,3.8917497450767846,74.87617853013957,101.44599051628757,401.8033941262971,50.614058636325254,15.289271186885726,4.016803085802832,2.4612444964818705,44.31259841003633,52.86725943758432,5.414360930910264,4247.146447454475,sensor_anomaly
2114.6856608992603,3.455143707495699,83.93726349456668,92.62609150788558,422.0898833129472,55.7711351462974,17.202756922256757,4.023132724561201,3.355508836109642,69.06506067232806,58.20937517656882,3.6252638147878202,2538.1618727258915,sensor_anomaly
1666.4194451081016,3.99490445313532,92.05264970995002,111.45282315484172,410.72897959780863,45.411559479212194,14.128945761158139,4.09361859260533,2.2732658412248545,36.44758177277803,36.524089324722105,25.84425364857914,1790.6720183017467,sensor_anomaly
2166.483182409948,3.5540073739730316,92.70324565019838,170.02865561792117,432.33331923355075,58.29040375069268,16.723147055303993,4.046028359837069,2.9378580705917607,54.451346643705094,63.26191423743945,19.454083473691906,4587.479118129384,sensor_anomaly
2582.5653725208276,3.2694294672378263,110.76756176470693,176.45192038070294,454.3832422917231,71.9378768592697,18.129648356999965,4.05176982806824,2.897143920135065,67.09529764091037,81.27223585117974,28.89450819223376,2749.851771847314,sensor_anomaly
2363.6129045260564,3.3891142186059846,99.38718713044739,119.76397334574997,461.65780552948297,65.54356178297787,19.620692827256924,3.976126343647576,3.2883099884837064,82.38349576835294,71.97404915992264,15.487523266728987,5302.144082402372,sensor_anomaly
1726.702581215622,4.0365233250337305,73.59360086852797,104.25478043452405,382.17448365300237,47.7192503904897,14.337583240945238,4.376716119985344,2.120165970307629,33.80827847085238,41.50491929590249,8.84502000157482,5573.737247683597,sensor_anomaly
1914.7153898213217,3.7303366314365762,97.4752391175382,183.56377160594363,417.337602308594,51.369171510440346,15.459773168979433,4.160337583281785,2.379265740441704,44.19214957648718,49.123044773129244,28.15795116883524,4811.973475895125,sensor_anomaly
2587.803379177499,3.5377482890139578,86.64344913119753,177.82491578755202,435.6599351439094,66.98738379350111,18.772800623736572,3.9450821256417514,2.8133312291465664,73.83011519682822,79.54782832385109,0.8028657246798485,1881.5555859819633,sensor_anomaly
2455.5544926879006,3.3325921763503996,103.42016644115742,122.95752265598865,454.3756625274761,60.07471145324767,18.273833754601107,3.997767626471801,3.098414353577687,69.68434603974056,74.61103658555956,21.050638569296627,3576.2077427451827,sensor_anomaly
1732.5429186839451,4.019091850221764,64.2526138072221,71.30077490115193,381.757522920978,56.30730899890971,13.88713594967895,4.135922600259354,2.263183027931869,29.670869540814316,38.30796040733213,0.7378638659063452,3241.410413664513,sensor_anomaly
1700.65319402303,4.115553281248153,73.28693873343427,140.18232786237547,379.96677791161534,45.01010244488067,13.94062083683499,4.16424221443355,1.9833603204736148,22.70629576080446,41.66831245618648,10.328823293407465,6468.940563357338,sensor_anomaly
1569.5645664268966,3.9972937360188254,59.92965141958434,79.10320375654868,381.97655328640155,42.91703906146669,14.081009328800333,4.099880999616838,2.176444512889619,32.738981621403475,30.065133691413877,-3.520541223897199,622.02198529053,sensor_anomaly
1942.9397458058575,3.671563392816446,109.11862635810843,191.2033802244625,436.06848564315754,53.687154963204044,15.80028967849202,4.187026510089188,2.604109411508603,50.73849828818567,47.19012389155986,36.89324398723896,793.4113766482559,sensor_anomaly
2306.545157975932,3.3678900998664822,117.54197982760688,143.43908805283843,459.51680329709285,57.58174252481383,18.515757472965014,3.9317249316800535,2.9772298020426424,68.30464173356656,70.08759305619066,34.449001720882016,6489.396348673941,sensor_anomaly
1709.2027773118075,3.8523734282766435,80.01798957029258,88.68363849213608,388.939206224715,44.78495416340213,13.952312806812227,4.300167504574675,2.419603558907918,26.35828688833708,41.06705992202136,17.46146712994031,6190.261448803379,sensor_anomaly
2555.0100154696265,3.369521130035165,99.77240417488463,118.6897341515214,439.7675878622248,64.42899312593053,16.768589571291482,3.895692085693923,2.7386168289727975,56.330578037297556,77.37990668408105,22.205652217205305,1107.9163043872886,sensor_anomaly
2605.053270044049,3.3355795073037853,100.9069878433557,181.13775255174798,461.016877376306,70.57916091617706,19.359424484717128,4.016509572942493,3.322159549823485,80.61257129045892,79.83820810718642,14.562843267407908,1833.8111938933412,sensor_anomaly
2253.6745523643262,3.808981703196414,86.1192262369158,161.12235045778056,420.05053994359986,59.13207634932495,16.944360596087066,4.0662524961297555,2.9905561956256306,56.986850234516936,64.32555819662495,8.36039440087363,3575.2194752892638,sensor_anomaly
1730.1240799120858,3.925827630976679,85.26764629159497,142.47308950417982,404.2599576302385,43.94048202466877,14.293519958242257,4.002377100900669,2.2306414958170144,37.86935310161452,39.01863966711385,15.971903011915764,1118.6210219293769,sensor_anomaly
2684.201125247666,3.30408299606008,103.55098961086483,137.20311275456086,454.83425500245124,71.21528539510331,19.015749151151425,3.8835175900030863,3.1292023246963407,75.02269452262827,87.10524139784171,16.459664855195353,3655.333903657424,sensor_anomaly
2107.4213764720043,3.716404124885779,83.1229601610299,97.87049187010437,403.4256270700138,57.40130657444375,15.699279436672507,4.0942902800131655,2.580282418208819,47.78017341472655,54.68441272116196,12.623436236824727,637.7366794657563,sensor_anomaly
2202.05469139178,3.65889713225203,73.86844059280493,95.54694467961778,412.43749302167856,57.12112340486853,16.89681751742435,4.168263079094188,2.762618984045855,56.595253998680725,61.967380220410135,-2.4400473772630247,2474.927143049186,sensor_anomaly
2103.4551385082477,3.482135696903485,109.66780305981479,147.89513870997317,439.4115604117227,56.185052667147175,16.418959005595635,4.16309666465489,2.6777483476757644,54.93613040027229,59.73332260644014,36.001530848671855,4254.5674896543305,sensor_anomaly
1668.8161312567333,4.005470406002089,85.08234288049474,144.35303821645724,391.1054056783761,45.673311069655654,13.675430360136412,4.120270100418019,2.071254464946273,26.276103306882476,38.978006129091014,22.44265663378315,5086.46505055473,sensor_anomaly
1838.1192253897918,3.6922221928424865,105.9487258031322,128.14200727030072,437.5402185371935,49.48786232997433,16.430876084035763,4.287425193297444,2.667760694208463,54.33390785727809,44.93389520409161,30.53825848548051,3572.8643514518126,sensor_anomaly
2733.3643280650294,2.9974792720064385,118.94562076771221,195.6452256859275,484.3844878408952,73.26678616731947,19.6400366679607,4.06443555142672,3.190301315468925,83.01160196102755,86.15275310765425,32.53841426979299,1301.7486188667215,sensor_anomaly
2020.2546356573757,3.6144446493216753,87.98359160773585,168.25738660873884,422.0274803368659,54.29678422570655,17.013102246044877,3.998167644448648,2.924892842824772,61.47692896108255,57.37302334882409,10.963949894524688,5011.307032087597,sensor_anomaly
1695.0351158616602,3.9967912898991997,70.6371080797018,147.48494573383869,381.55071593927534,46.51634130964831,13.845404693860166,4.0965227174237775,2.197242087441117,27.323421444720296,39.62771498661907,9.044662335950687,4891.588331981376,sensor_anomaly
1683.6622286101463,3.7922503247733124,102.54468898695646,117.22298046916998,420.8415631973692,51.051728167499135,14.79147464524234,4.261648285156111,2.2497935172949584,38.2253223015916,41.21100575663708,35.24463846837195,5030.379942824027,sensor_anomaly
2365.1906447016463,3.497825848660293,94.06550193596023,113.0175813584316,427.43122250623253,63.86823280632873,17.35055395087277,4.106300302594989,3.280027351805478,64.05243246439622,66.88681236210991,14.583491591431152,331.3477691146271,sensor_anomaly
1987.8917665936838,3.871547348273582,86.90708179741002,159.42610533428638,419.4711825330958,53.490052563776906,15.921752629331069,4.019757416239981,2.310754464987868,52.37523677361775,52.28467836065397,16.183466152138596,2533.3164814240545,sensor_anomaly
2531.094095202042,3.2083071891039365,116.43241324594655,142.4119149163859,477.6241752259719,63.42852675395855,20.38428848701483,3.946767768572222,3.1224146927084515,91.90636569189026,79.97190026787978,24.737922261155873,4256.205445930478,sensor_anomaly
1979.494094773036,3.6959813557539136,100.87767654044829,139.91331956587132,440.04558013140104,53.35621802618951,16.47167268174578,4.18521511297458,2.7674374969013558,59.44347226450782,52.70513926877113,26.019741519662603,3951.295464900272,sensor_anomaly
1575.0900998889972,3.8377267955722965,79.42722381917855,91.43834862989316,393.90639866952284,44.148937317298945,14.491283981004266,4.171399312137913,2.356516210176646,40.02450050403889,30.216002190491643,11.730607880230956,501.4180126932794,sensor_anomaly
1581.627339494157,3.984961783470405,100.46179711840593,168.23232400832012,406.7246902075646,46.42516610862348,13.163945406395078,4.221569768244087,2.0316592105821765,20.62164667407663,34.963065293770185,36.1882518597373,5043.415064329044,sensor_anomaly
2611.21217872205,3.389837773094135,114.76645928906197,192.07163000332557,465.7265936193026,68.69963202380788,19.702355072252733,3.9577117826885235,3.237872976083869,79.85082350631755,82.79184619431382,27.907515701293544,3830.0395737306258,sensor_anomaly
2282.4326751875888,3.517605097950902,80.3198912987181,114.23626971605839,418.9573523400577,58.89251170375466,18.274589294672758,3.9465391278667648,3.071756130934592,70.25624961563348,66.81044104057409,-1.6934712700229368,5173.629992068964,sensor_anomaly
1502.8196035478056,3.5266610910601117,109.761719023087,143.61483687870873,435.4611148145316,40.085240423494085,15.722114760094062,4.042290576919364,2.593421454408293,56.140754101251446,31.468332924723015,35.576068736391605,4703.701600723268,sensor_anomaly
2030.7973396054392,3.6270504868838773,96.15134161775958,167.2084737693874,419.3523705374799,55.630834660895545,15.464128530268447,4.165253532934438,2.7005339306378087,40.96662140922393,54.44249584210793,25.045659321349284,1841.1086334048807,sensor_anomaly
2231.0931589999627,3.692743152148672,87.01041568413729,159.14499457055467,404.2235087340827,58.218125352177,14.40942965048503,4.030328265118893,2.1937056337981415,30.25785281619921,62.56127028638319,22.33984373051175,1381.6059357169884,sensor_anomaly
2260.26785059008,3.5487508345748515,77.13041411854171,145.55055267988564,416.7502249769441,59.50690428870356,17.753311049992224,4.0279634759188205,2.797902850174812,64.27560216811553,66.46724116636435,-1.8058226992853346,3748.0496245946115,sensor_anomaly
1909.2721402487323,3.842075732735917,77.37402296694253,83.38917787175207,400.51650332664104,51.797395282014804,15.10193348439477,4.0786228176945984,2.542437406840863,47.145852789337596,45.17787613580529,2.60046641396871,807.6738806689461,sensor_anomaly
1734.725352397505,3.6241680624475827,91.09181656199891,149.41827572126803,402.29080905782325,48.126504134766975,13.999978263395278,4.255565182861125,1.8331204537736516,35.03622809914668,37.158484789007126,24.148088190069192,133.0710924209103,sensor_anomaly
1825.242564189449,3.7797047231247176,104.22304059458445,172.03294430239762,427.89430903836416,52.91399740785873,14.383991112172808,4.134712112252043,2.4520666835996052,42.27467717779372,42.217364226262085,37.11091324934789,933.888572889191,sensor_anomaly
2069.9383686236874,3.8755442988488005,85.09091299611275,113.80548794801611,416.8579125196411,56.71244961440221,15.67997083399084,4.155804415582712,2.448889901052979,49.73549411311045,55.27544088709856,9.524795616198864,1535.3159008811303,sensor_anomaly
1667.647972656029,3.651664781829263,108.01723106455319,188.03405873606107,442.35556336857303,50.22163574532954,15.555532762703617,4.160356792230475,2.739679926892674,51.38357298344997,37.56825554253608,35.92953639167678,2698.5571617415317,sensor_anomaly
2328.3576120895736,3.5170056093295874,103.96197110026357,129.82037671465787,452.6867692155516,67.8910952371728,17.66766846921739,4.21542113402121,2.939907860633729,65.41949848676325,67.76398844106616,25.194045343746545,2012.655510037526,sensor_anomaly
2027.3947973671286,3.76962230068408,88.77894656500634,110.2436785740432,422.3845404325666,58.86005920512972,17.210508612919988,4.238738948106271,2.8777359237922715,61.60701029172289,52.77731910704427,11.322152006646032,2939.9237323572156,sensor_anomaly
1749.6491788636,3.671621348793604,95.72197194868602,114.7743467833798,417.83829194001714,43.82722550270022,15.196305210564912,4.017784537352588,2.343880590992379,39.836111841435184,40.64531176364402,24.415648628000024,3252.6183829055317,sensor_anomaly
2473.7097185937987,3.316984423920685,111.4927157484531,187.09549750684323,468.54858428480117,67.80329401905507,19.72491941777823,3.9727592528420317,3.4012236822586814,83.86247682382898,77.61160292388668,23.165306728618837,3421.4538653293607,sensor_anomaly
2632.7146990787337,3.3679668133324867,84.49579066596755,112.48448647101722,455.027004313472,69.67928760904428,20.140698417906293,4.088847480559768,3.2712463335288864,89.40581449429773,82.87650643483026,-3.425108481165642,3017.049937037973,sensor_anomaly
2254.898096163797,3.657991456032997,102.29997932389959,181.74438270273168,430.03523437666934,61.74683562416852,16.172579391458306,4.00403544994466,2.511629622568863,50.010956013567736,65.71548768120701,25.89279074890817,4500.045191130373,sensor_anomaly
1675.923418881281,4.131029770117206,74.35688646616471,99.07880798239584,391.23874457641006,46.34855162782132,14.139423545028874,4.104729551522791,2.409749980729759,33.748233892491506,38.961302787490716,10.010189545203263,6156.872895484262,sensor_anomaly
1514.6326589369994,4.109821286197797,63.627244641462966,150.29053356047356,370.1390966526438,40.20781143351398,13.167812455055508,4.1762249308737385,2.0134773818569096,24.359994031274148,31.76671533620015,2.5743683312987446,4778.509198030766,sensor_anomaly
1888.9231048124018,4.258922521983845,65.10020076965222,124.75279600986153,374.9978508622812,54.84927924536983,14.623922034121586,4.1047550429985575,2.4882102036427285,32.199106042468,48.48304729760493,-2.0512617183426105,4551.5931126073565,sensor_anomaly
2645.3602702467106,3.4824469839767764,95.65175323295806,115.08908660430825,456.22528743921487,65.38633379946785,20.701208126768332,3.950210483320139,3.491202921832331,87.9435377332263,85.73924748213409,5.4245263413921005,4027.639956500489,sensor_anomaly
1724.8758201747812,3.8203455049321,78.33397419566283,105.39932562060781,402.2553419213804,52.10206259319791,14.547313991058722,4.1595386478329175,2.1356032411236723,44.98505401199085,39.2315948728645,9.525477184455415,999.2668444333027,sensor_anomaly
1789.8473110973312,3.720844332660292,89.48270319205322,103.25433264199432,405.8863890774834,47.50047573387277,14.587871253358735,4.2673013070382595,2.2444374992803757,35.86783555688509,41.403734846505785,22.246188147916524,1308.6584957762138,sensor_anomaly
1795.8242066088942,4.047940679671872,70.82623323687027,150.36727562850945,380.75133317918113,50.89355559235728,14.111183296374822,4.1686630771101525,2.069548445057846,33.225414889739625,41.6980072010497,1.4212235586021036,1541.7012369003894,sensor_anomaly
2254.1710168090544,3.632156131670215,91.79475807452822,179.990214760859,434.7905199919257,61.24866218814076,17.819608986269525,4.0086121151071366,2.8443050709374242,61.21491376293144,66.26763497462679,13.79709209624305,4371.563981169325,sensor_anomaly
2740.9836937760865,3.257657631830802,84.89609176228595,107.96390540164617,424.6215096605105,73.3544955810456,19.14626152637267,3.838700930280546,2.834022940164913,72.98573286991845,85.64607619743312,-0.031774544756017375,2355.1017142727947,sensor_anomaly
1599.1161518327856,3.935033347235332,86.706821734953,111.53283180329315,402.2549366562714,42.31128009878719,14.230960490197837,4.198314005081165,2.29665912832878,35.437804500890984,34.422539176257516,24.056384644241305,3109.118143506526,sensor_anomaly
2059.6010255264896,3.5224857169325237,103.45675226309073,198.09527384838287,445.0256819853092,62.080628319176554,18.025185327246156,4.048837584468313,2.991610157470973,64.96973739483921,57.39841815809281,22.744504903644337,5358.11220805303,sensor_anomaly
1955.8673252799401,3.7428418432885806,108.43565484696599,131.62240821619952,441.34127046847806,49.21237348276254,16.308760130934086,4.235882137217699,2.5709529819760903,56.31565677896435,48.21672600717208,34.7619866276317,60.20995493808168,sensor_anomaly
1506.9005863959114,3.9351800216995496,89.57337170827526,158.77635804016452,395.2320977043445,42.81125794896649,13.30347998555076,4.288981736749463,2.00441467811906,30.218542253676965,31.364660417345092,26.829913509535455,3756.7783792401838,sensor_anomaly
2284.7078765322412,4.00253773398839,73.97775100581077,108.11621918403898,414.9333503849914,64.14669018717177,16.33251190233447,4.194583123201859,2.4518486622732385,49.79296728740616,68.52387810149494,0.9626797798560571,3664.360463987377,sensor_anomaly
2056.452071568701,3.6619047417761896,98.72582228246739,127.6649081017625,436.2904010268442,54.37737252938317,17.14316828723178,4.027695867368503,2.6719209706403926,56.845102369187536,57.73111495150969,22.506053923643105,5984.922553286711,sensor_anomaly
2481.1286493222074,3.162024375887062,115.29584730917107,200.098771251363,477.937675210866,65.17160474194945,19.682310583955235,4.147863883682016,3.096981516452691,84.39224053567216,76.38964275754924,27.730313059168413,2407.405711750835,sensor_anomaly
2056.6946726006654,3.556249456598579,106.82417977895481,194.64082523659812,444.34782867969136,49.89107499874939,17.144019613817253,4.063389036277467,2.7341951683193586,57.959937378210014,56.404516233888884,31.36134256055472,4604.214567393851,sensor_anomaly
1923.3664031425453,3.7060308567388667,106.30121283068868,168.25976594798277,431.63767688633084,52.29412556768772,16.41875072115745,3.9348784206844476,2.1091391497272296,53.95895075522593,47.48238439444531,32.04963649716241,3652.4846218981875,sensor_anomaly
2196.6140445089004,3.596357377386776,108.67496465163211,120.10956050859338,426.5347540651501,55.77783831974154,15.519466421261903,4.1303476738733265,2.2520572903882052,43.928002150297715,62.75906683074697,35.93540420520749,1809.988154675995,sensor_anomaly
2222.9577532075805,3.755567470114024,94.25879328319057,114.41416730171662,422.3827744168125,61.209864629869855,16.116381688786905,4.073274215073651,2.5374907297077325,43.18415622506702,67.7193127913962,21.214882846335993,6218.172754326243,sensor_anomaly
1558.9006489573749,4.073866630056098,90.96054919169026,122.77422718178556,390.3952415892259,45.382862634825216,12.89146661944527,4.229498091105025,1.8122406615709685,18.80184387291799,35.239398109046036,31.644966833730624,5999.991781959044,sensor_anomaly
2106.481811221067,3.675402095740171,99.2073072633797,170.38116427835968,431.34249296133027,62.575887778470154,16.6219001399597,4.131296762047631,2.4402267665994173,51.92628063858568,56.167467123598335,25.01894475656797,244.8078809452235,sensor_anomaly
1958.733106864407,3.7988702036298805,95.34373961450228,99.55335481476513,419.5105530102809,53.80693152087252,15.668935938627094,4.10592383957811,2.6840671289770985,43.12227394755834,49.88273699832269,27.40684322037775,1844.5384007614111,sensor_anomaly
2338.059815098224,3.611263859162507,106.75362520807536,125.50768326862361,432.0396281480847,63.38804902349272,17.227860905208765,4.01702143264845,2.9780628106926677,56.47879589487994,67.2965798894298,29.077373135669227,482.9285011316952,sensor_anomaly
1661.0445489085018,3.920820028940657,74.92521317791686,139.03407571296137,407.13115680764474,43.89586959998163,15.597237006377357,4.093246787041107,2.685037535478178,52.5659574048772,40.77009927313195,2.0903403016957576,5897.40392570379,sensor_anomaly
1868.3202438127546,4.028065263819923,76.83215895531569,156.06781529138675,401.8628352630499,58.142485229238495,15.12808123040679,4.045530563280198,2.5552999737166915,40.19619358344774,45.50524176294851,10.778771925313906,336.64628860633326,sensor_anomaly
1653.6075057624953,3.934922150366255,66.42766340070753,139.61611010354818,385.6304574247375,46.576983467898245,14.54022003021827,4.141194951361591,2.5524151382675457,35.79944676416433,38.8828717818251,-1.218025410347935,4993.680987669158,sensor_anomaly
2449.039662685819,3.1481656656506445,117.72665909473463,191.63847897216374,466.2382455886418,68.6952033258807,17.982667230493373,4.042088673983116,2.9041605930889838,68.17739878227962,72.41918816952027,36.394358056565046,334.38990932135636,sensor_anomaly
2428.5239193272405,3.4050516411719447,111.28578299097764,195.1084759488225,461.0591486463588,67.42140848484638,19.245959114636747,3.955181329688936,3.109633391402833,76.39665280071509,76.16893851684466,26.416108075619984,5439.219347496636,sensor_anomaly
1844.1197442920632,3.8517102111557104,88.81927456360626,110.77080267755409,405.315038493952,51.511946913471164,14.41248670355116,4.193727235054932,2.3175586351527033,33.61010030712042,43.822723005567134,21.05655146766234,644.9645890023864,sensor_anomaly
1760.998581719534,3.923201515362061,63.30625114633754,143.2125306109363,385.2341962542937,49.79341130380844,15.234147067640691,4.301371660092051,2.2271301507408072,44.95630280501686,40.72457931136725,-1.2158769205181406,1296.9326624980306,sensor_anomaly
1792.852122241226,3.586294848823825,110.5316575799523,175.09065803977217,438.73209567940626,50.759400402313254,15.771440602774671,4.241193994370319,2.310564326611526,49.375997915439264,43.92808183735431,35.31078441270948,2019.4797177831924,sensor_anomaly
1532.8033162798552,4.1275050223473615,73.80464616500797,98.68578208764947,386.1130643143239,42.77680878880497,13.75970578022052,4.028192240540595,2.3051256222752508,31.50935759225707,31.530412322707424,9.81154553260647,3144.2510378089164,sensor_anomaly
2141.107301642395,3.586548078401059,89.55184946747782,117.64867734258652,415.66186303985836,58.68600420559746,17.38102045876209,3.9842602304701327,2.6273114127917565,58.58198062041527,62.54824068896893,12.16641545845662,5515.113772735653,sensor_anomaly
1777.4611883856985,3.653499141025348,102.77833498235614,168.03700190873917,417.6655539075528,50.00132069255652,14.641905287056625,4.002254442201025,2.719654003137097,38.91575155576323,43.71034825237166,34.12794220497178,6282.929559394149,sensor_anomaly
2708.8406994153042,3.277650015926987,110.32354416410806,193.3984697295095,461.7977488935477,72.34166195641359,19.078025527003906,3.963299533195332,2.973739099144227,73.47375876536847,86.92968241580768,22.52787029008244,3714.9232712010366,sensor_anomaly
2223.469569127593,3.7944596306420384,76.79191065589144,94.60958024244971,418.565775819082,59.40699153657208,17.790925023205862,3.9335866838277664,2.6900007130404715,58.9643162277045,68.54698619234122,-2.1527208136965523,6412.086248967513,sensor_anomaly
1597.5934926785683,4.005845489542921,63.8261275438384,142.22412727993685,381.43329637718296,50.15100090357096,14.420711144343048,4.09934352836804,2.3367096903442968,36.10525995130829,33.68245392049339,-1.9537708907587281,3393.76940831719,sensor_anomaly
2283.3243005933446,3.565879750930357,76.73509158312022,106.463792558888,419.1610573645763,60.90990022173238,16.953796467497405,4.055303844519453,2.6084308581081115,56.72006979576174,69.2164402673705,1.2806747682127204,4578.090394321164,sensor_anomaly
1821.9014792369976,3.71064111760247,95.82792909144413,129.25351038470984,423.6562703306174,49.57090433001893,15.960817750271298,4.2208940173275735,2.50064066393508,50.54586315867534,49.189254636763145,23.785596163068693,6242.760512284155,sensor_anomaly
2700.3148693388753,3.2898485483972393,97.54821957457052,101.73838733792647,455.37172034506636,77.88780238047256,19.196011173237093,4.0492272763245625,2.83113355667334,75.62348094315637,86.69349486762124,13.293364210119215,289.07883421013537,sensor_anomaly
2132.9251463905393,3.706779555941702,88.88252595957907,96.06006041403313,413.3259589416174,63.134226057024996,16.712470685976665,4.080120570355216,2.555400456744416,52.67463717566413,59.388014418849664,11.389411420638622,3984.269741529037,sensor_anomaly
2314.9978515526136,3.26846263183553,103.5584728252228,124.57491975030142,454.99218862688735,58.344437859280525,17.174907792990616,4.14454343274925,2.7162341476680547,62.192738851252315,68.75773874867058,24.377804090153223,3899.1395794755317,sensor_anomaly
2330.9068523687934,3.512493734651723,98.3804437485119,164.8959644865241,442.0068530967686,63.72950464881576,17.72167330100673,3.881823617396277,3.0774276546248505,63.13252990103692,70.64075789447644,18.79622472034799,3449.7130943189964,sensor_anomaly
1855.9263433759693,4.025866113159135,95.97863777400984,168.31949401031787,409.67950110025174,54.8798287447253,13.8108082694781,4.146699319789163,2.285032416653017,30.52154590367992,46.24903803333803,29.704699422698774,2364.612996738895,sensor_anomaly
2377.2126153990853,3.3416539049061074,114.33201402354784,124.51154205798397,453.8941633628154,60.325118648681524,17.90789929771766,4.00919729745624,3.1724383928231354,68.35852421900334,69.16903816939106,32.435009389192814,540.6039502373014,sensor_anomaly
2666.3197978090434,3.214292662534464,103.69140918520134,187.33623601766936,457.3943454954702,70.74817615355431,19.560430059583645,3.954814705467762,3.053437726134705,85.00561409495873,82.86768321211959,14.536130641132122,1891.2632418015087,sensor_anomaly
1619.9546674471744,4.068301634323215,64.54551456533883,89.30246268643654,371.24880987731206,44.08625326057619,12.9765834049976,3.996441482835649,2.092937988217116,25.06790289064088,34.78264039597307,1.5735179754284174,2061.4034569832615,sensor_anomaly
1663.3890983558908,3.9296827654322564,85.99214484468695,106.53890986678694,406.6631025690873,46.98341349866482,14.41677669721822,4.1790017367040795,2.252387654689527,35.922586030506174,38.34514529722409,20.65903560228352,4379.07241201797,sensor_anomaly
2202.2751257984683,3.2319507202813043,113.60066316506652,131.6045957864938,464.83534816830814,60.782000264989605,17.268366194557792,4.114202471240003,3.0012115693117094,62.51410756855027,62.46961914316224,35.84607631686166,2605.4025929913955,sensor_anomaly
1594.1325877034005,3.722562700389544,105.12596434146442,126.88389118699376,427.05474487364427,41.76216794383371,15.17403940581905,4.2177286822675875,2.514842230435312,41.245809328054314,36.2184433805155,37.341917048669174,5552.508278870684,sensor_anomaly
2261.303908216616,3.812762021122387,85.0637770240128,170.57216390498075,420.6504231887465,62.63848552191852,17.47678767608423,4.145208666595197,2.9163014228182567,59.0037433354512,63.86380556686075,10.518735284432546,2356.0388939636205,sensor_anomaly
1897.8384813445464,3.8656868217781337,90.22862721469573,119.1174144096444,410.3446570098539,53.65171790816481,15.227158465137494,4.1029611674019915,2.519799469341035,47.84843686616373,49.33115764424745,17.31630828774315,3010.6474200308326,sensor_anomaly
2130.675623785703,3.618042808097385,92.4661231134681,96.34217223088677,418.6243242564319,59.615197984938135,17.067226222975957,4.107968600907286,2.9046264127697357,56.312357067329174,60.35978012362659,16.580903227017853,2778.384186299153,sensor_anomaly
2554.159752236698,2.9698209679647025,116.95508653448256,196.2041910314845,477.62615067834605,68.39929669493306,20.374304904401527,3.952221475334536,3.4202764140681476,89.3462707505905,82.7264797791735,26.783016489828793,6045.61904511441,sensor_anomaly
2137.4283801394167,3.690271086571272,91.20687276618193,174.30882914132812,411.42168451711126,60.761874123376515,17.126926631121822,3.9555824671064195,2.615251538071686,55.70226774746695,57.92539883685289,15.735171024113276,718.2339925159605,sensor_anomaly
2143.108415833004,3.655448623855697,84.51712326965486,118.38349281093035,424.8001437943059,56.15274311088805,17.020730004999496,4.156817247373701,2.8310400279644137,54.21822819672209,61.56844340143635,9.689457625053361,6031.289606518778,sensor_anomaly
1530.8913798933065,3.899916700575268,85.11099040292045,100.7825839586115,392.0503503708251,44.11866524372566,13.368272780769834,4.214386752600284,2.0471493909618323,25.758641907690343,31.043591475831597,24.835750587273537,3261.0866368917623,sensor_anomaly
1993.7265297582865,3.7781046895973,70.55310106590052,135.43089695966842,390.8000824643044,56.32349724764259,15.461893679038802,4.1447783492899495,2.2926064200811367,50.232396481522194,50.041822033111124,-1.3302110082029208,309.3978086692168,sensor_anomaly
2026.9740587141341,3.63214424154967,92.8646434462614,113.69340785999114,420.0221117932662,56.1870861748407,15.837954460561017,4.052911356890188,2.5883676258115456,49.22279878190361,55.18231705930647,20.559030695936965,5928.7764703231605,sensor_anomaly
1944.3631140621994,3.73088957473918,73.74508091512388,91.85224890110737,401.10678018307874,58.91954183676836,15.89177581975958,4.078864177956792,2.6673093205799066,51.09281467000252,50.57417091446643,2.4145377097298635,3688.882863833192,sensor_anomaly
1928.4092108011312,3.801677062881743,83.66682642016227,162.0404952030728,415.02759421088075,60.191295235270566,16.418842399993554,4.085654609897797,2.693116392202108,55.02807056864588,50.66938052879751,11.137509504777011,2280.353542260948,sensor_anomaly
2252.6488476856553,3.694279301468044,81.09942612496731,103.67951579763485,423.27953236570653,61.86273820558066,17.62702149776477,4.079876037073305,2.511893606135284,67.11622864261629,62.336262591161,0.6366287654761613,980.2170965245655,sensor_anomaly
2582.8098760263465,3.4095348257251934,95.11757778146584,129.5255640136085,444.73799488650246,68.45145067525247,19.64205003399662,3.9842831072728977,3.2101398050840473,81.35372893718986,83.29725118394622,6.386254283138868,5682.07404495611,sensor_anomaly
2125.3876573540842,3.419440947766618,95.50180369383041,168.92387584863428,437.7254805142968,59.01734252646721,17.154957408929185,4.018779001363689,2.8365286323836054,63.449549625856,57.891543201294695,17.28263059435135,5130.847585091526,sensor_anomaly
2449.266442530078,3.3153002645046854,102.42214885039861,178.05664506818397,460.03771844470765,66.30750153052651,19.528239468468584,4.080812621475624,3.1338920642675077,86.82497781871581,76.12648262181692,14.86489615830419,2985.5444592001095,sensor_anomaly
1973.1872419073559,3.5585511743668863,90.57923982763432,159.40318425012669,426.38039985966475,57.268441851268875,16.805112076000363,4.042304063410608,2.829574839339491,62.611001479393025,52.027030067031816,14.32623367692858,1670.2748511622501,sensor_anomaly
2682.9999241891674,3.297036101258505,84.32905792508316,162.54604032516255,445.67154604782223,70.43153041873005,20.25859719116416,3.99319734955791,3.0126417621780344,86.59620110284587,82.73287095762474,-2.991777862331568,766.5369082244059,sensor_anomaly
2017.3999471532302,3.9121552641235473,75.73194610757714,140.72208837323052,410.128616043506,57.70249716370368,15.983365421586534,4.082541430797813,2.4508317979867518,46.13584934406517,55.46711472334178,3.138410751154007,3716.8583333492024,sensor_anomaly
1804.9081575792195,3.958679003917366,84.70957937265372,112.19131069631514,407.6439942451275,49.712945041338855,15.092747044390075,4.285412302879238,2.348857052100843,46.96085366314271,42.933656439703626,13.002084475836062,1492.2648217983678,sensor_anomaly
2288.0151909274155,3.6309306909114474,87.79685694619441,122.22038174150407,427.29120959734945,59.379058830517245,16.745280948787435,4.261417769940129,2.573414450433393,54.592825185210565,67.73657572422404,12.89025626125472,3920.3812734758267,sensor_anomaly
1724.0444398597758,3.828764528167367,103.42801318048505,183.4606771158597,425.0737336887034,45.746449799132776,14.078186930449982,4.37271625827808,2.0206632149999195,33.128922027449235,41.32666671164545,36.885425365180225,5295.416496435667,sensor_anomaly
2565.3035017168736,3.1018872454897184,107.90804534871657,137.0141133497868,467.04818874773156,68.5031738295247,20.097106997138443,3.9949756190373726,3.336911754443477,89.48775800052063,79.61604880746295,20.395187189375356,5156.982100531162,sensor_anomaly
1573.9075630383147,3.856614500076853,78.36695699262845,133.40401641164985,391.605911648935,44.56783913101895,14.478995956495972,4.270523983026634,2.4164256329918605,36.36481617665993,32.353101743339536,12.528547197843588,2423.8156433142,sensor_anomaly
1748.900100073604,4.087367745257059,88.80634940785633,101.5214815693833,396.5497863874081,53.64197683764312,12.911793218654589,4.215722377323833,1.963983403372243,20.328032046550867,40.02401154258984,29.047563433409135,1399.4149549341594,sensor_anomaly
2108.768287020114,3.657060231808624,78.13826674309992,147.2715586856985,409.833149315436,60.42482478735425,16.97306750319477,4.184028671074645,2.7301725771932452,59.53440740663319,57.89370855836475,-1.1415070618775751,1318.4309980615158,sensor_anomaly
1834.01936957034,3.776938232752899,89.73581152700694,96.86946667713964,411.3841722111644,40.67919711971258,15.000688506551363,4.13506264542848,2.4099533269000655,42.97161555943168,45.584457676671136,21.1852170226367,1553.5770707183528,sensor_anomaly
1770.610179157389,3.949285120849592,78.6622902498325,89.36528368372183,399.97632248673443,47.639953572802185,14.366155672809004,4.186978117219226,2.5624586316343496,40.57741247101008,43.27997067358775,11.008726320671656,3557.5742026505977,sensor_anomaly
2370.5843127051594,3.6443531317543676,99.08609444024671,172.32711753352103,436.3106830373632,62.83494331998544,17.271476983621206,4.169656720800009,2.930348367167718,60.75069877090663,74.8843858923077,22.390334666526066,5383.916803103595,sensor_anomaly
2680.778318665498,3.2677919015068646,97.59473665030495,125.83390060415701,453.3375043246202,65.1148595573518,20.729502838002897,3.9502700255508563,3.0942650653669985,91.59109411356063,86.46300651006604,5.377730273910646,3281.8283923593517,sensor_anomaly
2122.899974424024,3.696842903980647,90.92496137777512,101.77358615420285,420.91215567496465,53.22481566472099,16.108630855276164,4.0610216960281385,2.6288106369068998,54.73871359240067,57.59469021377812,13.259823330043382,1733.4274197035736,sensor_anomaly
2373.3715362879157,2.9967220854817596,87.52870769762185,151.29640979291804,425.27080493128443,63.434730359494324,18.885301573108382,4.056087955665087,4.352967879514318,75.26043152648828,67.93273739521828,-2.324432142992033,989.2579553702836,progressive_degradation
1804.0567331693328,3.14158707064903,103.27914876036535,161.74999603346453,411.07196898220246,51.12428962418395,15.228216882166876,4.124073074018804,4.0696102979234,29.09072945113879,41.997486520022136,29.837209392854827,1221.8797049869631,progressive_degradation
2132.8737838350307,3.0028387145965327,113.29108002263811,168.8595133602012,437.92825021783545,56.426513978684994,17.196151378583206,4.285085015614539,4.505144541037651,50.99438977709808,56.297763438021484,32.66049127718207,455.6735538366645,progressive_degradation
1687.2192908330953,3.246982950682404,88.83108879655664,151.33164894181084,379.8439630802498,48.44768827185209,14.58127457222126,3.9928480893510363,4.952923695438714,17.44062841253258,37.84706339068093,14.368663177257982,1681.435001384398,progressive_degradation
1748.5794526123786,2.998546241922148,76.98477755838488,137.1827715778756,388.34967869608886,48.391326957381324,16.226093963626738,4.083780640616731,4.498665568600149,35.537774228532264,39.30269549360942,-0.18213847306745867,2842.382276669434,progressive_degradation
2346.6375504848306,2.9773461161829897,88.06908553645242,153.52770242082312,430.12568929602077,61.61199881504693,20.1152927435311,3.8632219639540626,4.50544109599017,80.42561865085155,70.60015465373155,-3.402991924204732,5453.859714718432,progressive_degradation
2158.5013189333085,2.881665051679655,108.17426826577673,170.26997463564635,428.8707358863986,58.224404628743514,18.043548220688212,4.10164379062256,4.762714463303809,55.4044090530152,59.681821197327885,21.568225301193845,2438.001465970343,progressive_degradation
1578.4953341943929,3.184882413642543,68.09482025822612,127.6799557580818,371.37623350528287,46.3264399981106,15.454616209906126,4.199018206449105,4.2527555167944175,32.342409978126724,31.48976760350717,-3.0141561745292202,335.3560446872746,progressive_degradation
1727.6497298089885,3.0900400446756313,86.09831477964694,147.39387217810685,395.53574861133154,48.65034108622523,17.115727569234554,4.012694979077314,4.846244454489856,42.44447144207447,42.92837603757083,4.46911555903631,5018.92808147979,progressive_degradation
2666.2554759390596,2.7511731596421556,108.66866076798568,169.51695937264495,454.24559650903836,69.64908388784787,21.25590802590105,3.9137312328348175,4.389348515865019,88.52285030941408,85.25198196552115,14.90410022264882,4094.8459796027587,progressive_degradation
1655.2385577344876,3.6003931471648123,80.63703001646074,138.1785018911429,393.13723154595675,46.50666387115494,14.375277080836774,4.217530429553196,3.006584399425879,25.422957056459254,35.7375879249148,13.914298795044783,2353.611746532904,progressive_degradation
2096.843731176384,2.7287571169315634,102.8466114791581,170.99141141704624,414.2329573438828,56.26981330174428,17.384452864458954,4.1841948398972635,5.113305479155873,41.95046985095489,53.59650329621233,20.438968880101115,164.97236781660473,progressive_degradation
1776.9190497273228,3.041834279176769,80.87616057999142,142.2202780235787,378.3158461650434,48.30518461243823,15.360771614496262,4.0903682178122756,4.493907150247262,21.714526249466015,41.16047622983084,8.28817650280053,3971.9579336956563,progressive_degradation
2603.819544019371,2.6245237277247413,128.8818863987973,192.50407899654093,473.6572289886967,69.59984237625471,20.94212477762521,3.855817403189052,5.037702044356364,80.43520542630486,81.70591094385955,30.869592588233004,1120.614955677168,progressive_degradation
1929.2910251702663,3.4629598205271357,83.65609257293332,141.26832757539137,399.7324765576756,53.766113240528036,15.27331475077799,4.029346472677925,3.569481995737951,38.75774483073899,47.44035179913225,13.870573652450792,860.8455838480389,progressive_degradation
2426.797135797016,2.6005010852834882,98.36415556258461,172.80991135625703,442.66780739313424,63.265423380439195,20.359142024690872,3.853405101855638,4.618816785375779,83.24517829056775,74.67740371351249,5.9339372290885635,6246.284017843669,progressive_degradation
2676.365764624908,2.4547787967829766,119.49120774092133,188.8764991012796,463.00981599970015,69.31922040070967,20.815010999818195,4.034994680602917,5.516768578582903,78.35526528685347,81.99229128324525,22.541817274103515,1878.2935367990074,progressive_degradation
2071.7508398995024,2.5528544336672607,124.60851471573793,184.08763347856257,453.45108091425186,56.03260768228106,19.214962327153525,4.009716834771843,5.426862898179504,68.10675786189368,55.75148576943347,29.800375829896343,2488.391791853638,progressive_degradation
2738.4631707270755,2.531846259782521,126.1083251030496,187.0189444107618,464.27325056019765,70.70628172178175,19.215838375939654,3.988094927923612,4.290778119349456,66.49783846935836,86.6913386109407,36.05967321641968,2702.6674814504786,progressive_degradation
2034.4064585188162,3.3408472436209795,82.36057235605185,138.99579162778326,401.0518366595656,54.824206209109455,16.750046198171383,4.162698911595761,4.146138119971016,45.47612895744065,54.015668012239004,2.2243822532973665,3126.8941912735168,progressive_degradation
2440.7566648124684,2.789682324580394,109.64640803396836,177.47658969338028,459.376973441508,64.68654216205317,20.022485499862338,4.103663427853755,4.779594924888029,75.9422956331418,74.97539528778066,18.09063185770431,4671.884960876298,progressive_degradation
1737.0616705442328,2.897058819101272,85.62311052742338,146.37450001395277,390.6739439915213,48.995530330500515,16.09543021011108,4.255881362594225,4.724267396201488,36.77312674607719,39.4789765022979,8.308045445316896,1814.016918424506,progressive_degradation
2683.987765106308,2.4533396353037316,101.80224464747424,176.6929783203147,447.67820496106077,70.11712390858841,21.882108959307196,4.1668000329682995,6.255471086922391,85.12743231106475,85.69127422431332,-0.16547769822378622,3080.9873332141033,progressive_degradation
1907.8822744108604,2.8458220935756935,112.92605259277703,182.88383238432158,416.62986913103276,51.68983400101612,17.140080311308587,4.159650175605349,4.834355353530726,44.59110317348252,48.169399495894126,32.903897373862755,3498.3555351224786,progressive_degradation
2666.1439705785638,2.348699043676789,95.82614951074736,182.34029149097302,437.3247322123927,69.08397018860603,20.8787864762518,3.877747609910991,6.08981673274394,73.51017863114824,84.14171595290343,0.7332245736063141,2505.336020589073,progressive_degradation
1932.986117611965,3.115556090872661,108.8577814417675,171.5709212468162,429.33722881014836,52.726961574810026,16.390130310027345,4.128579278302364,3.6026478630788366,39.023666750689074,52.160680406658315,34.27930544010003,5573.40598793642,progressive_degradation
1472.5301421796325,3.2299774081636508,87.24879738598173,148.9633339866133,385.0452045104036,41.80679749804598,14.881936741623342,4.160931005582241,3.920350533778395,23.85337124490363,30.53886948332736,16.574697284323385,6184.604696796221,progressive_degradation
2348.081661222397,2.405646674697378,108.881308266516,178.83773154575235,439.4687265301328,62.60339829131571,19.832855180090675,3.9711255333982303,5.92284617853166,67.16693742439236,68.91839377943107,15.091016449805837,3068.5123708319143,progressive_degradation
1671.1156033304067,3.143355747719011,92.56232036623844,153.09952260320057,411.3684782504735,48.69428599447208,15.490793028156627,4.188396001847079,4.313407728979729,35.11982785746969,36.617892786099006,19.337452719324304,1476.211562402822,progressive_degradation
2692.897500308386,2.54281786338123,95.26269148943051,166.48173514997043,449.8516433071024,71.5206700076495,21.78852077491422,4.0045425216861785,5.451066946297462,86.33081532634837,84.87400019639085,-1.2062869635413813,819.3073445631131,progressive_degradation
2025.905947709944,3.3289764765504666,79.22424453900607,140.1601321023039,403.75685894183124,54.93414504770136,17.178678825007893,4.099263149129067,4.350977556100656,49.28089760635554,57.613229043648246,-1.3164675926859142,6102.3334224278215,progressive_degradation
2108.4890127620274,2.661883891350792,93.07557491550295,163.68216972979735,410.04020221674836,58.362525472463986,18.08140277879726,3.839160698276858,5.45438376139667,52.18288543621994,58.24030940647739,5.199005588830808,2668.175384034399,progressive_degradation
2038.090093014566,3.16202706604132,93.11347934648245,150.5894479066975,419.842191755584,55.49004612737932,17.5489952874549,4.041429042348297,3.98624140225747,58.49641644217269,51.47515360461392,13.511424871045655,667.4758723895844,progressive_degradation
2706.34395594606,2.9212309595835486,110.2343088349586,175.8657825725447,449.57371400598925,69.99195408917564,20.519627848611943,3.833342222076434,5.019401749203723,77.22351938061655,83.68650445950281,15.175354042889246,334.00936962391063,progressive_degradation
2550.465971662215,2.2837889450382507,122.17014439973909,199.54699432406335,455.88900634427256,68.10562416648591,21.805846922982575,3.8695436559802046,5.823520885637553,84.9703578518935,81.24781384999693,22.49435072914359,5277.552693627567,progressive_degradation
2097.9648563617175,3.0971785773391103,89.44864377493818,147.43028588891104,401.63475950571745,56.94170458747688,16.27297984117604,4.412697706209698,4.39824192899076,36.8394612551652,58.04209712538214,9.28213802728698,3497.257573033807,progressive_degradation
2123.366789231622,2.3192741553591154,123.37140116654734,194.2609283562975,445.38502405657175,58.08968952635644,19.37497019373411,4.021494428912022,5.1308075430138045,57.20290563019451,59.9157318456898,35.04874637788077,3231.7450395629767,progressive_degradation
2325.8267029689887,2.5572200457470373,103.95174996659225,175.03638447751598,437.1914543374142,63.40891627761552,19.80886504624302,4.001990201941278,5.632596883217778,68.9072805664741,68.40066649784526,10.151395013141483,421.20014690993963,progressive_degradation
2384.6265021320014,2.975561198685107,112.31918387075117,182.79111632693775,443.9582441818427,63.22980226795047,19.306000598711385,3.9396301845018478,4.650347145680181,62.344702493967304,74.41991349207426,24.491200147537533,5467.375490433028,progressive_degradation
2181.4267262587073,3.2257786216333773,87.72676897564817,149.07211786764447,417.8159478622165,58.430580732282486,17.56901125168523,3.9701275486367504,3.6030670784965695,60.06004141233426,60.461123463130136,7.423079588164273,1961.200471239299,progressive_degradation
1706.6894520732312,2.8665706047351334,93.58227383557534,165.90469257598244,396.8786995924181,47.168578861288395,16.385297293307843,4.148273984749273,4.848855825182575,34.78169929292889,41.57930875751506,18.02334970432901,5586.326742509963,progressive_degradation
2185.5103041045923,2.251938520625088,134.39371131201187,208.9991908000003,473.08167427103086,58.64469073727238,20.36366929083746,4.0313995667484726,5.999832849804587,75.5197118990311,65.12353502274986,36.71966143390573,5692.623880407024,progressive_degradation
2527.470307878146,2.4364148517301185,129.09458462144022,195.4782384376248,474.40580750862534,67.77060653680164,21.092902627390153,3.9652419157257808,5.126082385693187,86.99518174072921,76.99872421814938,29.397511293233393,217.1058160031668,progressive_degradation
2299.434042307404,3.3707047872305482,88.67498459980492,143.6853077659421,405.6486655142113,63.008818657648796,16.715107044432955,4.01103263873503,4.037170743237612,46.84189614793187,66.8166889939383,9.513770088923739,681.2930583046939,progressive_degradation
2547.626100276068,2.4994148606601683,106.95048142066881,183.54417452060449,442.3791098513998,65.911830873069,19.650210177799277,4.074293134026394,5.553480607069348,61.50165892584808,75.94607659810396,18.114424505973012,1933.3157365482734,progressive_degradation
2313.7012049778796,2.904004633504597,118.05948894544784,179.9360472161019,445.319785118808,61.00440409644128,18.583350830262958,4.07190324901884,4.198551703926903,61.06899583836646,66.78389725676989,32.22094133973975,4859.765485250455,progressive_degradation
1869.139250706204,3.300211222678856,95.8300108589796,158.2734067727217,411.0565653700076,51.34578549067226,16.497494618392082,4.0416530063104075,3.8592278397494897,45.904004741131374,46.657050643395195,17.98455049038272,3487.832093438557,progressive_degradation
1602.8033652352858,3.550338433293954,74.44297301039877,129.31884364262336,369.22919173702496,44.57929154017106,13.525685075383112,4.320883511331514,3.555391821424408,15.0,35.43665156666826,8.801665689079792,4575.055935378534,progressive_degradation
1914.444053279308,2.782193053179544,94.41870680561301,161.25244436873749,418.85194152969996,52.5002037478639,17.110329124888302,4.014672591934362,5.052474361578623,49.27354405349779,48.12573991889022,11.538718363392173,2069.0552883885807,progressive_degradation
2066.155954384374,2.9700806069937826,82.12676678367326,148.02985866624513,403.6870800633152,56.639523380065306,17.79845262607372,3.9780305680959356,5.034668548987449,53.73936978660027,53.74240452947177,-1.9257002139955552,452.5877455164871,progressive_degradation
2527.7848681843775,2.9466041271553745,112.59241548809196,177.83061853459427,463.78656091891935,66.82798713543613,20.7402974821894,3.838639169007852,4.318800136615653,84.00831197740135,79.17869792642249,19.425060450690278,3858.7820730515527,progressive_degradation
2300.592605411718,3.1346277709675023,104.27324883620147,166.29430779346882,434.53105040512753,60.30739787038742,18.27437373063956,4.096555532152891,4.079358002533856,57.093888896692995,67.05242692440163,19.782622082886263,2737.170619426987,progressive_degradation
1524.2676596494246,3.468696593392231,102.46461139261547,160.17075681623135,394.1504426360224,42.96186297371318,14.451719393937108,4.201255426570477,4.162208372015507,18.395261728312413,30.400843300921437,33.806662163533446,4383.2255677585135,progressive_degradation
2124.551665133546,2.6665901716462606,112.02231086681056,177.81393059450934,440.1704478276986,56.00551922133306,19.56699483662798,4.131094138954889,5.3675131102007425,64.38636469003428,60.0969738950611,22.671514639154445,6198.78219858116,progressive_degradation
1692.1213673370266,2.967774831497397,103.91438578379004,167.62059991541648,417.20747144874787,48.23915196956645,17.126345883802717,4.065457624720398,4.569061440101139,51.39888858380223,42.531210208229126,20.198586572954184,5035.722300703055,progressive_degradation
1668.8717729758168,3.4214654666907878,93.07908512049711,140.78538481486865,394.63288315408187,46.88761093935946,13.731449203655995,4.161570305059814,2.982679435873349,18.452808451498072,35.30421786762799,28.291122090729928,1211.406508026273,progressive_degradation
1690.2714410610095,3.442788746385441,99.57572629821273,155.86578867398816,406.2769126675849,47.20226965949354,14.708533442678771,4.064495631977463,3.472372021209927,30.079026688445808,38.86883464631868,30.47893466233541,3536.170189204785,progressive_degradation
2454.60680048082,2.9512581695616555,92.24520272365199,160.8733672612708,432.17217516228953,64.0368395667683,19.90245316810659,4.06782312414594,4.595412897692242,74.83405068415239,73.06937529065719,1.7862530876759835,3441.773258625357,progressive_degradation
2353.963084125658,2.3198871511229373,111.11948229336262,179.19574354251813,430.73313232261626,63.10110142180919,20.48532076650151,4.103886238039502,5.99831990441842,71.22117559915,71.93095081610976,13.431169967838365,4936.047557117153,progressive_degradation
2562.434539083521,2.3097416485748834,106.3737906521096,179.18571574403057,454.2818325284641,66.02472168042293,22.232829032681604,3.994440994951227,5.816152070114059,91.5817103613223,81.92530161024125,2.9268704362448883,6085.18706055649,progressive_degradation
1569.2447175756395,3.5373711906905765,74.60153082839028,130.2548540771543,379.149955614486,43.87858891885412,13.797530363093818,4.270011503740758,3.872329263552249,18.17707484176595,30.747900965336285,7.188807094296386,4192.473595733294,progressive_degradation
2103.682582627865,2.792845206112678,88.75533318084774,153.11818584284478,397.55037364655243,57.1049836988963,17.88176065048752,4.141292491199407,5.370871160340577,52.5142715527776,56.554570236175984,2.0086450080184166,1669.9044783091035,progressive_degradation
1709.5786989938917,2.6315206059809233,104.73293360154798,169.59994028005124,414.3525119004992,46.85400244497884,17.489511627416515,3.9565752341068183,5.332532032087238,49.56294850648354,38.51522854673375,18.174602087388244,4789.7503184835505,progressive_degradation
1950.2567193866123,2.6195415738959014,109.50351416995844,169.8027709403841,424.30900160113725,52.04291557375361,17.462399311778412,3.9549406973275034,4.940502217151179,43.36196803814487,47.33664463409406,24.268396941647463,1758.1522315389566,progressive_degradation
1700.115567171469,3.49645224021005,73.43442292628644,129.39941671793898,368.95961184167675,47.65935637666951,14.391110817471308,4.2875021714031085,3.5608829871724756,23.343689140626733,39.59914580263876,6.064701926790862,3149.637413589121,progressive_degradation
1911.2516607372656,2.8894353824945407,82.74710490613634,146.64017397653478,401.10665637133064,51.98590789001046,17.87813340763296,4.2096662934374045,4.734522885780176,49.11045093550424,52.24125547863323,0.7260010034973583,5937.307123823691,progressive_degradation
2645.7805755237196,2.9370475589019596,91.09448262392057,156.1521604195545,444.6298299506269,69.55183288783115,21.306166148436088,4.140449555395696,4.67244282957372,87.11607749480609,81.28329562874457,-3.7068346590789685,1899.8820014575304,progressive_degradation
1801.4735747287236,2.9904778544282227,102.49096617054258,166.3167862594234,423.41048437757325,51.090977624939306,17.86597437346662,4.050486771627277,4.7463397791525335,54.61220125789989,43.69163477489661,18.215008432512754,2408.193343510985,progressive_degradation
2743.3328887963903,2.7006431945576863,110.68586563647696,177.76524404665764,465.0421457391821,72.39347026179209,21.414008251519398,3.9338978640103477,4.594991468305911,92.16429983763852,86.75422595019101,14.008075348074804,1700.5196295236562,progressive_degradation
1575.3032881719791,3.5269014099772606,79.5326629170379,130.94252148249095,383.6742351310959,44.85093706439058,15.1729926833432,4.18163037685378,3.7914421315641684,29.06841608644831,33.80552626887625,6.7089955998371344,3818.038725126409,progressive_degradation
1898.161302834591,3.6797163907269272,71.39190809410259,126.61532890995026,383.65779705578433,50.66604185924686,14.963492022343587,4.221216232589013,3.6156612226338174,34.4630595187205,46.78366619902511,-2.531825364999646,3685.4465370835214,progressive_degradation
2483.0501499256575,2.623153670227831,101.40685852750286,171.74811192384826,436.8459790880345,64.21180825450217,20.353623548992477,3.9650260142972664,5.109463226934922,74.76553532604039,75.28200455639724,7.708898549143786,3595.615625572458,progressive_degradation
2672.89253825853,2.09307449414073,119.1664297547382,201.94456041599372,466.98053609040784,71.22956580176002,22.012891119640287,3.8828126589153085,6.125328438649376,82.56277405722386,84.96030968765008,18.56373404162133,1141.4259738239575,progressive_degradation
1627.9828100894422,3.737459259047591,75.75383627696215,124.84732755599597,381.1977115575698,46.11458244039326,14.208343427350949,4.156736220264317,2.9907844884599264,20.654173723935507,39.963606433896246,13.68597553656412,6221.708566719563,progressive_degradation
1660.821772727442,3.2277786743283117,92.96015863042065,147.64748659983306,394.47781925280043,46.75252410495991,15.014954283964059,4.2034159982561174,3.8647882341571833,27.04005091095423,35.50083962126487,18.83527023333447,2148.9681372098444,progressive_degradation
2748.2291355674015,2.439467799183082,122.90498174153002,188.3291893422674,469.7307536038165,71.07326773793946,20.15975278707659,3.998979521958657,5.103358123529372,76.74566641516154,87.3184118010779,28.19302411328074,1790.2919686138046,progressive_degradation
1492.8907279483217,3.8506144085333887,75.63922965450477,125.83756207273974,384.4199946752792,43.027769763786566,14.745179871936754,4.234178237956976,3.2644361557244723,25.92172298824834,31.389028569794238,9.109977273143729,5412.020253912673,progressive_degradation
1623.7283120878715,3.389437639930409,92.199769075836,142.33006155231993,410.1328385441469,45.606978143330295,16.0683763656563,4.355461207250176,3.47694240537238,42.706992629650706,35.84975706346975,16.8304469229856,3736.6801717074686,progressive_degradation
2613.2926962849774,2.914803811993885,106.4038195146848,176.89511065684246,460.22225952694544,68.23368556176763,20.698181318803066,4.085260910404432,4.890475182223895,75.13625456471834,82.21048228072955,16.55834076919686,4039.0171258542246,progressive_degradation
1913.749378686176,3.1903793194390624,100.81159607839044,158.0681543978207,406.7142801690717,52.3128186520865,16.317443470284026,4.203762454471081,4.000777078538537,37.7341515171683,46.85443539630662,26.541196147570773,1075.765211139866,progressive_degradation
2120.145164402757,2.6411220513819824,105.17482915361222,172.40769882400676,422.3918560230734,57.976316607094056,17.998476973617677,4.2243466550822495,5.258956163121967,53.445939302115214,59.51892034306901,18.25941193101653,3317.0772197784195,progressive_degradation
2082.8853803622396,2.6284019288402045,98.17012609949757,166.1561592167238,417.15197936117414,56.65465845936031,18.419493873429357,4.114140483186176,5.228677219160849,60.718497248737634,59.053824767988935,8.801548309603378,3882.1017543075595,progressive_degradation
2664.7230684154147,2.4657829718942588,117.55049811694455,185.70975250614293,475.3157963682421,71.06309102900161,21.47125755853959,3.768519013462745,4.406954359635507,91.47739518985735,83.0738217473563,21.60325960203517,381.9745971324332,progressive_degradation
2648.566155500802,2.8091654739089655,122.75899131914937,190.98328607675333,475.8747292831984,68.93625979738302,20.50927804874122,4.070718317749402,4.474796880942823,84.3756163649219,86.46282038501835,27.017732498007422,5049.060953284006,progressive_degradation
2636.859641065901,2.1215254170352713,121.56641129026085,194.06417743741702,455.91289560243933,67.5969381451834,21.24216041622374,4.077700494567155,5.81205755489049,80.4004487941128,81.86206654515476,20.148192671766605,4486.8501018634415,progressive_degradation
2353.4771226139337,2.558481389434423,91.85422605632438,160.78823312688323,410.4145654910882,61.68264875600491,19.221195641670057,4.035134598878994,5.522768526311582,60.889784122594385,65.39588766376352,-1.5836680954727356,713.0601660198992,progressive_degradation
2705.05602656747,2.919026939154925,101.07494655830101,168.4843543787187,441.2010537133902,69.42625069634155,21.379711680206597,3.952151315415123,5.242310514791303,83.05636892017529,86.79176627729595,2.642949611912581,4737.66582120671,progressive_degradation
1907.7799023276102,2.6997062499024773,93.99200775541118,152.63128977155753,411.0671817838151,53.7429781203523,17.311158130099653,4.063118450641321,4.6572056159345525,47.548802340676346,48.1522644790627,13.426006039344188,1793.663030412811,progressive_degradation
1752.3481313780294,2.6470935251547147,107.95095106888478,167.7005314770329,405.91191914178904,50.359492803969324,16.520917650895925,4.251865790560024,5.333005196094585,36.63802457838082,42.90447452636566,26.321094621669655,2454.6810282935035,progressive_degradation
1689.3722051729385,2.8731180648032733,99.79341169317544,164.73788571354305,401.3212999405311,46.45806006805766,15.408066170448677,4.072732349759628,4.370894857295966,30.568104416956857,39.13760814294291,26.732697624883325,4607.511631539037,progressive_degradation
2286.0414859842185,3.01350598679053,85.0170609530108,135.31882380343083,425.8539123104635,61.051139828733845,18.84841304750374,3.887514360533836,4.339220997814777,71.5351104711577,64.42048440808665,-3.4248778050146864,966.1367056351305,progressive_degradation
2488.9653155758233,2.340621842220482,131.93099593178886,200.84339455408752,467.1992824025953,64.67410673931217,21.424585663280283,3.828508005588853,5.616015396587435,80.89809006091087,73.96508051841629,33.36715590216929,3530.0010461054026,progressive_degradation
1966.4620351651627,3.197342268794257,113.1562331703495,173.26796226081495,436.5398940889945,53.40741294013862,17.36725004037272,4.154905547461546,4.092578082923306,56.684308987514626,52.04407442790257,31.466989303360517,4887.174724302247,progressive_degradation
2078.6114940757448,2.8648544993569596,98.944092874512,161.2679552180743,417.9103722060251,55.85065121869903,16.89892980578612,4.230500731340421,4.547035937390098,43.249560008491876,56.287497160284204,17.808083347149445,3858.3391588010127,progressive_degradation
1585.7785647859012,3.502128527650113,94.23499680480775,148.81931264417094,400.6854686807802,45.609515174961686,14.781658250726343,4.264793885946972,3.559012970857685,29.812997261761407,35.081253255712106,22.72500487465994,4658.898562936041,progressive_degradation
1511.3024297151983,2.5959733045461943,113.34544427085103,179.78863032881517,401.9283834143493,43.70166273359727,15.920828529669327,4.226281951440977,5.153992148530065,30.85048156340868,31.41459400708375,34.16396390333951,3537.692129970778,progressive_degradation
2722.4501946334917,2.7819084298797825,96.14110889319767,159.9519774538029,435.5282703857971,70.81520263491852,20.121748608859825,4.156732872802001,4.9265015581294636,73.40455719489496,84.22991872461142,3.3077664329744687,64.54384416931403,progressive_degradation
2234.6492562867556,2.381105597254797,107.14855126220884,174.94732554384055,441.63524005707984,61.05261403339202,20.181434602750194,3.969613283098199,5.270569095436344,80.24889254238403,64.17057791630769,11.467770869990904,1046.126012239516,progressive_degradation
2411.5176357302694,2.502537819645091,115.12532349429829,179.21791870005518,449.97491596355337,64.9023999389962,20.480590902882454,3.96753716132154,5.299686752097787,67.95177140400054,77.0680350268035,19.876821876694805,5893.108618578086,progressive_degradation
1519.428488566807,3.1987928442189264,97.94740700962303,153.33851067136334,398.28115339969975,44.298885345307085,14.159085054494009,4.143887620980121,3.886378208748243,21.908736599319816,31.725594508858105,28.678516302346086,3234.8534280592294,progressive_degradation
1682.2505105781356,2.7038506833644913,114.31419473055149,176.90251289250855,411.57352235760635,47.87361466959352,16.002204409470966,4.108821784621564,4.560330359432696,34.52875425008936,38.89075029697276,37.66587504294738,1962.962851466907,progressive_degradation
2563.4804205078167,2.7674198601645683,121.0221719038552,188.71262971378087,464.46879000415817,67.21268815839885,18.990768996591456,4.075900331842735,4.0884000193375405,69.85260083822078,80.8884654665091,33.35690521991472,4450.037107939452,progressive_degradation
2543.698249645432,2.765058754788248,101.32435138708831,165.63855957443016,436.73112434519635,66.23454124911545,18.728828459125104,3.9649679873577646,4.989901738811221,58.22878672439866,78.35936227712318,11.825682020083995,3721.1355899170435,progressive_degradation
1942.7909409952451,2.7105574710381033,84.57723733669394,154.68558568459937,402.7791966637406,52.622134436351686,17.672522797706964,3.9800639147574213,5.482393015078491,48.54261384388165,52.12493077667536,1.380403175246073,4637.49793838692,progressive_degradation
2071.253318963505,3.0263112938315713,89.98650665496395,151.55098227735593,411.55041112582427,55.1351777755609,17.197085205719407,4.073765872343512,4.465441073704141,42.73572135845184,58.069792187886755,12.748309730581704,5608.35095755656,progressive_degradation
2322.893835783152,2.382778598609658,113.21478856813494,189.42284125092124,444.27313400174586,60.3099394129277,20.735762817839614,4.126530861008215,5.377596176579161,73.74078412128762,69.22204310798371,18.166049027822552,5697.0486769357985,progressive_degradation
2236.7183635858623,2.497963858018049,129.04500842013755,188.2806483500951,459.6272179729001,59.81274110343471,19.286467402661984,4.081718747454054,5.599462555958069,67.10138522797705,62.49623400414929,35.25951187366529,1573.2815787373281,progressive_degradation
2679.9965234522383,2.7102243917725035,106.93027923481242,173.57664883997506,456.2488386357313,70.27138290513466,20.166309021068887,3.8313162900818423,4.524926130050768,80.84871772286495,87.78917811668195,11.416741915816965,3666.9528892989056,progressive_degradation
2289.7973692742803,2.6965204043896014,86.08757720369195,154.40620924181584,409.2432909297106,61.21371665843911,18.49335870544151,4.0722850576133895,5.224740754058125,57.48970550016173,63.602057431058334,-3.654364503700087,11.30364715326726,progressive_degradation
1792.4682979034558,3.0578807205461844,90.64232390790161,151.6383937604632,402.812560188244,48.339243814762334,16.984189282159598,3.9734616354217858,4.624329785800713,38.66080297629026,45.6476143595952,12.381193940517646,6381.629237448449,progressive_degradation
1788.112539705076,2.9955068653477532,113.33465391485149,168.6943035516669,429.04441948305913,50.37351353754871,16.055291926739645,4.153030939949234,4.268710734796882,42.058318352476384,44.85630096801857,36.36321853141821,3224.5586987399665,progressive_degradation
2516.379084550914,2.7246801975237567,118.52032709453302,175.318072869145,440.7358469167446,66.0388359584206,18.850777336671214,4.1556483879003085,4.674263226125432,58.20411142093706,76.9532926473099,30.562090489535226,2887.512043443601,progressive_degradation
1508.7058853192736,3.3150407927763585,107.13399786314793,163.76280916917895,419.1745545632786,43.036710032843914,15.269982405893671,4.326114573107576,3.2394449588723675,38.980058338414366,33.7778387008234,33.88942612256428,6359.18657772869,progressive_degradation
2622.278852401794,2.11291028049041,133.87274737815233,218.35341574004588,468.63054951895333,68.81905700873413,21.241200045222755,4.025062728229365,5.604573666813678,76.54871442492153,85.01150591253813,33.26403630122752,5785.977533660301,progressive_degradation
2214.138849980247,2.6790851188357476,107.92184412385811,172.65723417537578,438.91850005809044,59.76680500671464,18.832093881628666,4.048897766582756,4.881809445558683,63.05311396446155,63.80498112428618,18.264459887711205,3512.3875434187253,progressive_degradation
2675.523902758603,2.30482591846941,135.20907473125774,207.72850324401895,497.28512864001164,68.76132736282013,21.654583411344507,4.07590383698009,5.421581235308743,89.08485347265085,85.90183608367566,34.563468465855046,4048.7567572322096,progressive_degradation
1628.9939750378358,3.1861045090456805,81.74100490590855,135.48551184024458,384.7079112195945,45.373826120603354,15.539922322969616,4.288060956948885,4.521610789032767,32.1485339311425,33.55963390615598,8.254881852328579,1569.082364635534,progressive_degradation
1627.0454024035344,3.1241127631267425,84.2655233884272,147.13985550992894,385.7498465230755,45.51879586765228,15.437047639086071,4.032876954431216,4.51981393068421,31.307127792904417,37.866394092682214,9.525538870582666,6322.654074274748,progressive_degradation
1948.6347937800306,3.2956213653090023,84.5863342957052,141.59487002829155,400.66422818971773,53.0349768238975,15.641650291240062,4.23209727619548,3.6269168365818247,36.73858935184251,47.289082272579286,10.792041895974787,791.4563797048687,progressive_degradation
2348.877622737954,2.728352509762207,124.45406456746271,183.72627414011342,476.2039405446022,63.40372457387042,20.255341396759622,4.055218753721716,4.50274270274403,78.80359173949898,70.9991962253963,32.19360622487391,3079.4952299321612,progressive_degradation
2491.3416625602517,2.7962674258231255,98.94051941532118,163.92496730919402,441.6452589734646,65.90989139240554,19.273770935763157,4.137514587723273,4.658000080918694,65.40375649594566,75.01197093372566,11.281680571697864,2555.6866320132835,progressive_degradation
2491.3781061321306,2.6813342638095734,117.92828158922379,181.6208975035593,453.8323563794192,65.78093395728548,18.93677071915425,3.9064233483254087,4.254827773155801,66.17477719559109,78.57509897448122,30.16397154653384,4040.565014932156,progressive_degradation
2225.185311320932,2.797320195143399,89.84253964650154,150.23158121591212,413.54044609642517,59.397610465589004,18.089378787712683,3.98264085362342,4.953007857320794,56.26576091158492,64.57072418225592,4.221156956002835,4287.714181861606,progressive_degradation
2209.800167152159,2.9837191449271567,102.43348384065231,174.980155171797,449.2069304509297,60.365058046860064,19.106064637977273,4.0763872802708345,4.172681776989198,72.06038455001787,64.31777176045244,16.602970860278134,3716.6407917900024,progressive_degradation
2429.242589209302,2.812489057936675,94.72062049654706,159.45354697667526,432.331360709668,63.917193529862054,19.39614652729665,4.016153486193807,4.838088318329734,62.2224159161198,74.6704699268159,6.648911017735731,5401.2013233952075,progressive_degradation
2395.4000937387223,2.6463574313830414,116.18377139695548,179.72150258993054,442.8337608748785,64.50940344476287,19.14847138888087,4.043283101121922,5.125204622845754,60.682554949929184,70.38019047882796,28.085141529889817,860.6297147867162,progressive_degradation
1823.4910572820397,3.06040319579623,111.8177961363613,175.53580479006325,438.3467191670719,49.49613165433797,17.673192257065605,4.0702751958511625,4.273597457549695,48.23754937422153,46.57016240709216,34.46470604690435,6025.627005950125,progressive_degradation
2100.4074246545692,2.859494529655056,84.58703857628639,146.77999390311726,415.9116072937953,56.74597017047969,17.892681180724562,3.856802726002104,4.76456396416582,57.46381026413499,57.77362842533644,-2.3167360897051807,2571.917067758333,progressive_degradation
2337.876176081713,2.7414075471276282,108.52905448541821,167.27227140561794,455.88299301377384,62.968271537303465,20.584352712445053,3.9823705238614844,5.039203922912712,82.85630306777516,70.08194452050672,12.171481065186386,2125.8057705552164,progressive_degradation
1667.727695421877,2.9457816593248234,107.31530530634213,171.18525146900618,415.2955652639949,45.47460257104544,16.104067447970095,4.08854141377957,5.046871802517693,38.40774398219437,34.88317715180543,26.250007581733602,3367.4181517005995,progressive_degradation
2387.587741726715,2.829003700581654,121.92806222903235,175.66411361694497,455.02486321695613,63.012312874728764,18.117968888000867,4.144614255341164,3.8742399990623904,61.831825539546216,67.42435971514539,37.42895587351757,341.9366716454959,progressive_degradation
1886.605290420113,2.522780039904552,115.30627455544885,184.55509958326365,439.96854716345877,51.216680910813245,18.049206537338705,3.9152049170684173,4.964209524332774,53.110900863741904,46.588749650333256,32.24185469298271,3245.0262046185326,progressive_degradation
2070.4965021923313,3.111600484606868,81.48419688179631,135.26109531314484,404.29294029304714,57.650946991629134,17.050084374405184,4.108938537407027,3.829311907186642,50.64196081471597,55.82037361537811,0.4040699100383036,1078.837348788426,progressive_degradation
1960.469857595246,3.1479873351684833,95.47329081262806,154.89322081659725,417.76830254643926,53.07433339918828,17.23613788277919,4.054410648148317,4.342082577670788,53.82611526621256,50.32640272693426,12.385948231085713,2393.955619900874,progressive_degradation
1555.9022110340488,3.4246516144169643,98.85027577568596,148.699746980784,397.84704005698205,43.973969968339816,14.067720696428054,4.235990695350015,3.378046128791852,27.0320039196005,32.03037397048373,30.144349078149144,4144.826627714867,progressive_degradation
2160.2644593039167,2.289310048868322,118.98489308688205,193.25136127397948,442.45142849560926,56.405963529289146,19.63616528182758,4.155246610984169,5.939004173892065,69.02466445341085,60.89147699809191,26.478051208536424,3818.118049237283,progressive_degradation
2351.9512618997437,2.9183744878485607,120.04435495463663,178.20730443527077,462.6245638455924,62.60995902123405,19.61690017678472,4.108338657808833,4.401980917230947,70.6440977841427,72.42767999374261,32.18181468718993,4634.50854051581,progressive_degradation
2433.871336968437,2.2813432391970903,109.55507742214004,184.76201395463548,440.978136753004,64.22929399079754,20.185240790409964,4.019858031808461,5.830308588185506,73.29091282956283,73.44562822478443,12.564103154599174,4033.866488224909,progressive_degradation
1571.8368765899966,3.201385902441177,80.56577998276755,141.52434169933179,363.84941191873776,44.26052916112191,14.74069732348583,4.096307026771037,4.614188534722196,20.18306007779116,32.95296889803731,8.457636000722786,4564.727728119653,progressive_degradation
2221.4811046450627,3.056632500601621,109.10363349944359,173.4873605514585,431.7787221061345,59.279740253925524,18.14709006908685,4.01343809478646,4.223461280526076,59.02407881707542,60.83124651524772,23.077839713254036,1724.8839389797754,progressive_degradation
2527.80847671078,2.637444410987419,116.08929202355252,184.0196948276614,449.6891105326675,67.14335723517651,20.040801548886044,3.7790655003138074,4.892166753923104,74.56140250359888,76.76299300513179,22.090079259814573,1101.4704515666933,progressive_degradation
2573.879951324076,2.2277871730666456,94.03009315953408,176.61436226259823,440.94234575628684,66.43059732238305,22.504920395402586,3.8617154677917336,6.050948546090457,86.41301374729764,80.08402062283973,-3.7924903662831477,4305.831553716896,progressive_degradation
2160.049544339393,3.111730333200402,117.06672256865248,176.28819803806007,447.96404634641584,58.8459329389629,17.820745814184047,4.168181894063447,4.428884689756585,54.374532743436546,60.19124289518609,35.26785310373144,1241.9249108562515,progressive_degradation
2521.1553481583833,2.195187862802663,126.330225236367,197.62876407161286,471.8594390767924,65.92396151399839,21.48448822122013,3.849271575200146,5.592661003144739,76.67174169322088,78.33428713827013,29.85894121153543,5182.259322454238,progressive_degradation
2013.5011656690892,2.6418729662812286,95.43404739048249,169.1896655253522,411.9197489774452,53.84703006483339,18.62058467511151,4.164603891216778,5.433413474718268,52.7323813487664,54.720799905945306,5.668270987882362,5415.188618906507,progressive_degradation
2632.1218218739177,2.0726023786725927,142.39080382933435,217.43241890995108,503.8456210605716,69.25974050713944,22.79488062453587,4.072228836777332,6.005600087279799,96.27482967452364,82.76477164198207,37.3518580828533,2673.7871633210048,progressive_degradation
2606.812996575882,2.9192796187069248,109.29557064010277,174.9306961805035,455.86143988608677,67.60698231487915,20.928216887537445,4.03958297542936,4.109409023424847,82.34765909724902,83.58331151590214,11.981776327017789,4423.990391683961,progressive_degradation
2607.9719408615656,2.569050504888088,128.84771639712747,198.99547316905796,478.57132192395534,68.94864624087477,21.327006735120477,3.9956006831570403,4.686430160939861,82.67279812845952,83.34470629326414,30.976082521744782,3157.3805982542212,progressive_degradation
2454.3970732471134,2.0461933132591508,126.81079846767975,203.51359839472843,463.1708101454431,65.78787749044133,21.287568748517735,3.7338320290257725,5.818193674280936,75.40531806928908,77.40916951440403,30.31968901895214,3848.3382465169507,progressive_degradation
1921.272765388897,2.7462497302043185,116.29514957362693,185.34531187508378,435.44749985921624,52.368776920552925,17.511240171254414,4.088047678373953,5.034790392686511,54.547777854560884,46.62404768007474,32.667841347361424,1342.3227151513627,progressive_degradation
1678.5244218358275,2.9373810330114702,99.88574361730495,165.37999982102292,415.0581428705064,46.9905500246436,18.893798508141394,3.9629049765790603,5.310979382441939,61.5371940268914,38.1850053504154,11.910933570777336,4209.4409225834115,progressive_degradation
2277.699323216373,3.1623693440543708,107.63034472290109,170.5686334156626,444.39834861642765,63.24179535428077,18.18708403266483,4.153530434181042,3.992750120461768,58.90505191180955,67.4138017144768,24.519706035913913,2790.597051473172,progressive_degradation
2206.9497708129215,2.785522519534971,104.78242027132322,169.7727310492856,434.82394981222063,60.52025922113434,18.077007492080348,3.831415844974458,4.93763265003383,54.77404044287569,63.192861026424126,23.662918853701978,1305.3670655436206,progressive_degradation
2294.7344306414648,2.602861555288879,88.87623328156079,164.43841186393524,416.83034151575,60.576084903775815,20.088918563402117,4.1000101682103995,5.5007352897578485,62.86663819033087,70.60940426739073,-2.1564775622729497,6306.89110743707,progressive_degradation
1737.8458305446882,3.418367725170749,84.91722685065473,133.26440301538003,405.0869563406125,48.119788234058426,16.09491261765322,4.065929168085251,3.654067932852301,46.4201648011616,38.31113664362687,9.989245008300593,1205.2992169232416,progressive_degradation
2011.0646589076982,3.113518253330478,108.26065351679419,162.18510033515045,418.70081332411513,54.73222490805255,16.899227899761957,4.1310928117573935,3.832475247282331,52.06143699984398,50.76006650871864,27.16111974071044,1.4270417542657232,progressive_degradation
2195.300605983792,3.033986430592076,91.94290744109438,148.93326161067824,418.9084638277937,56.83713235389473,17.49479086124184,4.052228785044192,4.023237237862645,52.04210110723794,61.79382645970798,9.806009101023788,5162.206187922826,progressive_degradation
2297.760486291561,2.396247639707358,122.92978227131746,193.54442477655587,470.74434716007056,61.25879460976155,20.61657524522252,4.02313268630027,5.275215885967852,80.65868482302253,65.56567405371919,28.971217929299556,1022.1378195431516,progressive_degradation
2651.848308381054,2.68055299051256,115.38110092921762,182.2410428753791,468.33815154977293,68.79369767740255,19.881538262964533,3.9379275956597275,4.688788044784293,77.3829320525124,80.65238883752293,25.334346228622802,1987.7065589549009,progressive_degradation
2115.1317933016367,3.0130811140418143,99.95475966934355,167.3965005872771,439.1904913612599,55.93806746410941,18.902040683631117,4.055589876827989,4.280280334044916,72.71282620578474,60.04934496858992,13.294063677790536,6303.97646492222,progressive_degradation
2397.765640277808,2.7542282727898972,108.90724698171078,174.31551730357864,447.93110875443637,63.769129588691,19.030578673251217,3.776963846095518,4.879596578860387,69.90334166775541,69.83069065196447,17.53121458480501,327.5667074073446,progressive_degradation
1898.911302399835,2.9431431992205077,78.58182219961782,138.0638925513024,385.4763055522632,51.124242342944875,16.743520775859466,4.157945306943528,4.607984140682278,39.45069736978265,46.82499701417862,-0.08706181402878288,2448.5007595005886,progressive_degradation
1573.1653648818076,3.069001877764342,85.75416003152668,145.8164229950388,385.7864480305751,45.09540430107652,15.793804370245507,4.165788738336495,4.131892992952972,34.73496531771978,38.060558736190885,12.61409114661744,6360.268334287584,progressive_degradation
1875.7436106914818,2.5907259156770372,119.9445002840863,179.42257725182338,429.8686520908209,51.32912143503434,17.528821467398263,4.279158431104941,4.781200001872304,45.34196014237677,46.686997399522646,36.493587284638096,3065.946353490095,progressive_degradation
2517.018730118092,2.8484082660405328,97.42603262320087,160.15349324185993,443.59123813339716,66.47602911684888,20.291274936331043,3.8943889854368203,4.87321229571228,80.27513916408479,76.69111549819897,5.636357212681596,1015.655647564204,progressive_degradation
2398.854552934586,2.6670866848760344,113.87726969024786,184.69126458438518,450.5948387144347,65.06845345775774,19.235761700881326,4.086440752163088,5.048708123561228,65.94148510927597,71.7789828522716,23.422072141913734,1905.8009467971851,progressive_degradation
1569.8586692436506,3.5804373986576508,96.27352033397486,146.0549039886074,402.8007674016919,44.494115639555574,15.434131468092499,4.154015828955544,3.2336708346644203,37.73301058133005,35.28846432678227,23.05630092836219,5166.389422985177,progressive_degradation
1627.3948312170462,3.132651320447705,85.3367021695479,145.93539564209797,382.49629980940983,45.43137744299269,14.809319312897596,4.257521928209764,4.229810538677118,19.105092361373632,37.317852678032395,12.454622278239889,4989.547232564715,progressive_degradation
2714.528293767147,2.611714563940754,112.35850747069536,177.3689385652845,471.3460039835441,70.88592888971398,20.426152220998404,3.854389378985791,4.707890820541132,85.72755659725352,85.63276049230306,16.68478643233434,2006.4629812275848,progressive_degradation
1807.6028325790348,2.9394775019787334,77.76358744915257,146.16569263034557,386.97849319349285,50.34601598619763,17.42850261641765,4.206305632639262,4.777158731174949,48.52798611619846,45.20167183939714,-2.458139905253674,2984.862663443531,progressive_degradation
2628.240693912441,2.883177626867175,100.73109878900524,155.9503363173114,438.6798355475943,68.89514986892397,19.721845526996184,4.004356502716783,4.233824812210775,74.0219836995752,82.42163139199926,8.766020441754048,2336.6268281292105,progressive_degradation
2438.6761002457165,2.6351497547674407,104.54692895697406,181.5373773020436,465.43067880801516,64.43388733148582,20.97784114049306,4.100206149453355,4.88920492465199,94.26107445254213,75.01892545587906,9.263399884516069,4797.669070194636,progressive_degradation
1896.9184463859817,2.945923601997613,104.63745776304104,167.49626243655578,425.8745825963491,51.64995220559863,16.856542277195256,4.167220412620431,5.036308868354926,42.560477210789514,45.940917180294065,24.373322128910683,2051.5657306380417,progressive_degradation
2087.1117754958286,2.5299586216614687,107.58082983567188,178.62794041048045,430.5168744777803,56.33399503044817,19.727899048436644,4.159525349663149,5.19452962257442,64.31387837721587,60.89481272198376,16.121649858226895,6204.935559876608,progressive_degradation
2167.4977591327183,2.9347465440791067,88.04360973313729,150.07690148089716,408.29237395196566,57.62796883624674,18.554067096278764,4.225545753949366,5.151523764258366,57.98947497369238,59.81734592042177,-1.096983924565615,2749.2633118743615,progressive_degradation
2454.1711770196157,2.6058987471615898,107.43708845980265,176.6579141068911,448.8216093628279,64.7044874276056,20.188017231122487,3.9634295730259725,5.083094721972695,73.5509889877467,75.97840592164955,13.154312254794007,4568.386196757544,progressive_degradation
1899.5231790139358,3.2613830098470746,101.57011848927229,164.94936492890884,413.54828707903084,51.44405402339267,16.898714446047524,4.088585045352447,4.039885613194777,42.3605798865148,50.333360893582146,26.262806378477705,6307.2253310674505,progressive_degradation
1717.4652211845491,2.7994110378218884,109.15537137597988,171.86967470899748,403.8049997168341,48.562552383878916,15.357724970842474,4.189094343666772,4.805356278092196,26.570025501355985,41.98369205432823,31.98346253884396,3521.2202197029187,progressive_degradation
2232.2056904854576,2.736154591353818,84.99615851680953,145.35853971539177,397.8092266122373,58.980770521487656,17.71291847131681,4.21799329599828,5.6154438162207345,45.84572359647027,62.62498396017396,-2.811472460125817,2117.792440852322,progressive_degradation
1702.5462049017258,3.3202755002499993,98.9612298890356,160.50997212075862,421.3513450133188,46.67798813155795,16.175660586562877,4.105170409004612,4.061460848215534,41.19881343959235,38.95292077750486,21.79492918071337,4324.809714719452,progressive_degradation
2009.9247017725759,2.644421081306857,113.79131662486512,179.1251190178212,435.18890281695315,55.768151006857885,17.808498896736374,4.083406968477644,5.374872080832629,49.672039717347616,51.78043205152786,28.115056808809484,955.5464057245049,progressive_degradation
1448.1184897239712,2.5226581585467933,114.99642052986047,188.7494699561175,428.84084417550963,42.526726278126645,17.47318563130347,4.060902552575995,5.402762479883645,49.01552824272032,30.471447679832924,32.03281059522005,5124.202186784831,progressive_degradation
1965.7158469976505,2.830491606879882,113.39671521968411,177.54440134203185,436.17655822551825,53.72699787752634,17.63346375673166,4.035055322787525,4.997019091155981,50.64025562029434,54.39972794055909,30.450236573724894,5502.260718672403,progressive_degradation
2390.3014671367237,2.141682481736067,102.47831141640886,178.97398460626516,440.98357911905896,62.72144947163292,21.4505098498779,4.141330572434207,6.22702239159536,81.26532082049933,74.04652468575209,1.6475233748835822,5869.367829620719,progressive_degradation
2062.425139436438,2.398266116988625,125.68057515877169,184.19293900843758,443.6121507433451,55.37690385994474,17.650204337779243,4.154645883245857,5.394942433010822,50.328834997299914,59.022412667971935,37.8875846615408,6251.566081385178,progressive_degradation
1824.3405747587694,2.958349670557527,102.10252627437336,171.45182019113656,425.1604282893727,49.52048453562518,17.531084583051108,4.209661434075466,4.67620092987945,49.64974618527427,46.64191038309089,20.71497763800509,5653.931033608357,progressive_degradation
1797.5119144483967,3.003803783647038,86.91682592292014,148.872299718445,410.6013754192577,49.728327482381104,17.24172694876116,4.007626428625752,4.686558764080866,51.913702525764506,42.37084066909783,5.227267498308638,3052.9652004576205,progressive_degradation
2082.606735364371,2.6984219530157554,112.033628542151,176.0434008982535,435.77081489976746,55.484634027763875,18.469552046738688,4.106604145229183,4.856849823123482,54.018360219776156,56.46396125515093,25.73530944331777,3777.0928526936123,progressive_degradation
2421.921651827317,2.7306878097228626,116.69946128110163,186.50535755327962,448.66715271413256,63.588158866376865,20.30868698580316,3.968414464923169,4.790344984379535,75.28806776730507,75.82832083631197,21.176239866395058,6322.324815079453,progressive_degradation
2559.284090305718,2.159182296945536,121.60721092802298,203.7803706904929,470.75647447684855,67.91262913123963,22.555371401256913,4.021668371694834,5.946196625690871,95.92721609916873,80.57050504403549,20.682573659199456,2723.883694639126,progressive_degradation
2215.621723407083,2.7022869431567553,109.17707383307666,174.18787650228177,437.66473064893194,59.389270394688424,19.179395297019564,4.136927191097256,5.051255956034752,62.82880348842812,60.50559150640341,20.052589772159596,624.2871632261614,progressive_degradation
2068.0438012749905,2.89721650855569,106.09844622217982,162.36602324919488,439.91359192805396,57.28631145138964,18.075912826017827,4.045537500410774,4.333896263664684,61.74861828580459,57.47333197629053,17.380500850609252,1563.1755149356154,progressive_degradation
1651.4626360490975,2.6286233328022566,94.90268508650749,165.60241689731447,406.6820688723621,46.255905533970854,17.375971261184116,3.8879649243371506,5.305906773748767,48.13774203427289,35.949619134664545,11.628335734176897,3624.2162282958734,progressive_degradation
2069.632920627426,3.1358482906075853,102.75605543966442,160.55710544925418,427.67715036001636,56.568954397042205,17.572289023867654,4.10294913758612,4.3930799303365,49.658872001004184,58.22990703969013,21.378403109304674,3753.963337815301,progressive_degradation
2109.464897388546,2.7752311418602376,104.78774609311711,177.83704991379273,436.99786258600136,55.97699623803405,18.675489851681125,4.016068932078606,5.366519085015705,57.6647360873377,59.8766826220044,18.14035573262665,5272.736827492053,progressive_degradation
2499.981186944352,2.6317742779517204,116.31927019103743,174.73746122474006,461.38262239393987,65.0089477313107,20.06542542339223,3.927622568752734,4.987628420572145,77.7818208243532,75.17657004857263,24.001643406025583,2253.410003468566,progressive_degradation
1911.8519457803466,2.7666599876169773,108.24444123438712,173.90989745607476,427.47934489545145,51.58999831678707,18.580135443225718,4.105091211797013,5.002425874414201,54.0499158667513,49.50968471573634,18.585873427119072,5705.98941393511,progressive_degradation
1727.7106263336586,3.2052766439915583,76.54344841154389,138.132293005047,366.4462022080946,48.977132572262214,15.178819002894889,4.170511399317856,4.452448872718272,15.0,40.74742877271855,4.595547869736242,4175.881551667191,progressive_degradation
2270.553106572413,2.157320779842454,116.0278037892879,185.33458306333478,433.089400190455,60.534112034066794,19.472160269083968,4.174028560275376,5.8533035672360185,62.392184718717715,64.21125417946304,23.983925073281817,1219.8319784772523,progressive_degradation
2672.8721725867986,2.326639570482948,116.80067677749702,191.08098469856606,466.79109392884334,70.16400880395733,21.840934995694926,4.007903592970873,5.8187662364444,81.08006843137503,86.49662705390607,16.28701861851907,4528.871650182709,progressive_degradation
2518.0955248252135,3.0330912007823123,85.21646710893515,142.3878244394641,423.07397914465764,66.16958874922707,19.370467552180017,4.059521355847121,4.091273568936906,65.20871191965156,75.81460976827523,-2.229619080672838,1000.1044307102044,progressive_degradation
1611.6162851878069,3.1114991609448066,97.79635478658804,151.29453335716556,380.51049444348115,45.69183293679517,14.919151758168958,4.244722810730154,4.344528000750605,21.578677008277424,35.250501204435906,25.05115413938659,3144.1142132491964,progressive_degradation
2055.270069178278,3.3159279372665558,81.04989197357723,146.1593584530896,413.9404744156074,55.63579715034028,17.169757672668194,4.045741375865848,3.8501373643308012,54.48926730073745,55.4034831656388,0.06853919996039859,3388.3169632757144,progressive_degradation
2734.164119109888,2.641481154490841,113.68352241971269,188.677123504235,465.4960841911757,71.22226337362018,21.330858010998224,4.075083224888585,4.817248563548193,82.3655918385318,87.39716518266177,17.539109455504978,2887.1709679930527,progressive_degradation
2325.844741830521,2.676118747413906,99.44482968869289,168.64955919062916,429.2409750947333,61.84107063064915,19.80146669822958,4.034146573941304,5.386035478246255,70.41428651087334,69.76630061894163,7.207754152471354,4620.379750124222,progressive_degradation
2104.5495985635444,2.394263779100883,121.87468762410042,191.15638171191435,446.5586522280875,55.26975736760409,19.308733944083396,4.207900573985461,5.569441463400644,64.97112519188298,56.93160967263602,30.908924795015544,4146.733737898785,progressive_degradation
2640.8757205692286,2.2640680965070663,124.10182422561748,197.47627591437615,482.3685350322301,67.05439089941288,22.87234480767333,3.7810869528704085,5.1388790962686075,98.0,84.76748751817635,20.64282787725079,6475.1694985513805,progressive_degradation
2460.6274176159773,2.5261263962813185,109.96034257958382,179.66090391549125,455.90326869022266,63.280750178334536,20.256008059426062,3.857400468455612,4.706276460047159,76.33085169488673,76.31808221648514,17.903109638468106,6072.276543060023,progressive_degradation
2144.75286241468,2.9212254235977917,94.15412791711094,160.19857108169816,441.3838125602282,58.10656804444236,19.788574725070763,4.00182058198653,4.5642372388532015,75.63735196557472,64.67100892710954,2.7083625525015407,6105.913369505703,progressive_degradation
1718.3099945341385,2.8098351081372397,102.40709191084825,163.8326248546972,412.469349307375,48.025669456250036,16.31695901183048,4.070941955601148,4.881734577050549,32.384141860122845,36.713443081405394,25.28269639235554,1263.6664333471645,progressive_degradation
2230.486204326605,2.937189750341134,105.51558137485772,169.48738079832015,429.24807877480754,59.084717305550626,17.675168313479123,4.003851458977785,4.512048106247757,49.955720041127094,66.00640093952735,24.9726380325736,5509.492964454575,progressive_degradation
2646.171753412524,2.5167218259611825,128.19484533128607,207.32081390423426,493.3663434295484,69.67903651064464,22.737485277833095,3.959598205199163,5.548825053158585,95.3132780971292,87.50626376479474,25.896929612646883,5582.644872419499,progressive_degradation
2058.06607022511,2.627782727743198,114.87135711044817,178.32556640092565,435.7676305062573,55.55706856969828,18.683390425986317,4.041430401107603,5.590238425195967,57.2255473107232,57.17811734654561,24.745733961344826,5058.757766330079,progressive_degradation
1587.080565625793,3.4759390347897416,86.83040040585924,141.63806715191149,388.4884062625834,45.07456668478099,15.140773634694407,4.161906190720617,3.570727482468796,31.364153218612266,37.26173709062956,14.698777923613452,6363.233301177995,progressive_degradation
2212.4366608042346,2.640271956320601,97.1907323877131,172.29538344647176,441.01837911220065,59.48408636750456,20.499169759088907,4.029287990087477,5.438936672623038,77.06753636200239,65.65715149028297,6.300560255168463,4542.11676937616,progressive_degradation
1542.6205478784352,3.6278526100153314,71.54095526443561,126.67437843549037,369.66564544801724,43.28661110648978,13.748199934068836,4.14933554589638,3.1607326135354317,18.744982135114782,31.64755690669272,5.475970465851965,4187.949185739723,progressive_degradation
2612.0661237372383,2.883234187592763,98.23202931915506,158.30873113883223,443.603337359993,68.62154438431874,19.79030477585764,4.117153806367836,4.151563445676558,76.72720074459525,81.31405962102248,6.195087886247322,1739.1635408002865,progressive_degradation
2521.280956422492,2.5179545330685205,107.68907076359186,184.30270209509985,447.33111908973984,65.64094684638212,21.012354718027183,3.9470520604641037,5.952547621516159,75.97387107497265,80.46285811299906,7.414286319431838,6441.596265229656,progressive_degradation
1838.6738994358448,2.753184964119873,89.60031629426548,158.86066754012273,408.5219696765016,50.49194836036752,17.945397467367716,3.968445641641905,5.297342224170072,56.99600229446532,41.400475382221984,3.467233210920584,682.39914068675,progressive_degradation
2113.028979914517,2.749153877002462,94.80133306893397,161.82585451344036,413.579631297802,55.98569836021662,17.837009523591707,4.041324021144411,5.020706889490067,47.10151397011032,60.98652064719633,8.595725976595629,6203.92058369435,progressive_degradation
1663.5610334439004,3.1895990367508795,89.09537284380863,143.8528997849374,400.8698183270901,47.88477308986026,15.222161399835533,4.234902808850677,4.147908827703955,36.28888264342491,35.932330199252156,14.342996329056843,1476.3057327163876,progressive_degradation
2597.765798034859,2.3854991594054122,117.98220443783794,187.02800653685077,461.57154936419374,68.3489726334944,20.407898189856745,3.976952664485106,5.150582279080251,78.46829889005163,81.76556441061354,18.40895885167372,3231.586635720961,progressive_degradation
2216.51164865185,2.673382289063092,124.37039521664212,187.64208004077048,445.41800972039886,59.73456640115602,18.462608661498777,4.093066882686151,4.267287804031126,68.86706348617754,61.84162582705361,35.9695878059357,1011.4885424621505,progressive_degradation
2449.0265001835596,2.7778456656823622,91.89686515608571,161.74775157301343,423.0535259098009,66.50022533351861,19.7596135936516,4.062056526399668,5.060098743260998,63.30009708416628,75.38086533174126,1.5642483690076718,2707.597892065345,progressive_degradation
1503.2481919860454,3.3088329471641793,85.2471854327394,143.1933818750931,396.1028431070391,43.833291665058546,14.25545875114879,4.070732384112312,2.9988747996503653,32.89091578360266,32.28234169792339,16.635516666492084,4038.2219161548237,progressive_degradation
2532.599109582625,2.4234536278468806,130.29491943540185,200.5565408257892,474.2592447595435,67.09243676740905,20.599394343920565,3.942560537873665,5.096600515023757,76.23408267127787,79.67638197666135,35.85285249032711,3362.7286543843734,progressive_degradation
2143.930393135347,2.9854495797230842,91.97220183699577,160.48220216773515,428.1415865632551,57.59338702763323,17.796168717107992,3.9996563191763563,4.151312920298217,59.38612823133818,61.051837589340025,11.645619423657669,4941.675509585683,progressive_degradation
1557.068310650696,3.7291514674654147,78.25853558799258,124.29547404294135,389.8537189839911,45.02500263782356,15.183922229368033,4.292610964963629,3.556433425225331,38.00457668899028,30.705397924755562,8.436554091671635,1488.0968236094877,progressive_degradation
2221.7468123911017,2.95932617562907,114.12394940133902,174.34825261172202,451.7451194861771,60.19455784535817,19.657912887692653,3.9721311885008084,4.172453036072523,71.8620299878165,61.82934423504312,26.758921733373995,2141.78822333096,progressive_degradation
1735.3117696754866,3.2942994745271785,76.40461998875742,133.43682725946016,384.93978705585386,48.9658967098111,15.517207591449829,4.129387695840944,4.226173982191743,32.10557389630807,41.96501109654919,1.2646335436622176,3642.1215412685274,progressive_degradation
2493.9140308726087,2.3170229301572984,130.7925942382065,209.43931101129937,479.1895180628892,65.62602949181706,21.248745496125558,3.901357270874488,5.206435244773617,85.01736322496383,75.80210574282485,32.75994512250415,3600.1263864001457,progressive_degradation
2092.4073576291967,2.8025296000074498,99.58092513798121,161.8973148364974,432.48275836730636,55.62139652420562,19.045815234121896,4.146457681934353,5.269848360685412,65.9661712183118,56.827195543395646,11.646451902212839,4145.575588209428,progressive_degradation
2744.3102273540103,2.534505187713905,122.22243552714244,183.90099358582864,465.08599004531976,72.66001962248323,20.027139259936504,4.0467450620498076,4.933017152693927,70.58805836050516,87.17363127548633,29.942531481215852,747.9997741861833,progressive_degradation
1884.9216192421757,3.2496051657902196,93.4544728112456,144.31959376904243,400.2952210716426,53.355582147718685,15.30550393746223,4.139406458071108,3.820501049179597,36.42841090471735,45.98771292845299,19.78800286480657,335.2710242979674,progressive_degradation
2222.2784130527834,3.0373826282697514,87.66778312162685,145.3352230497404,414.735737826427,59.891903936261556,17.82585130822667,4.102558116119368,4.082303333407865,54.8241399848418,67.63154065388505,5.44808168076768,5346.349088726866,progressive_degradation
2060.4110040373,2.9908078481117912,115.43035638263996,182.5363483025086,435.10891094916957,55.333728232040606,17.02345087972262,4.001785380905584,4.492348483209809,47.44583521332599,57.13278554514842,31.937096225425176,5091.524198876687,progressive_degradation
2667.3684630742855,3.1447026109113323,91.36471793153605,151.56534534978434,452.30597754904636,70.61924990372236,20.761300736923758,3.986024189310596,4.238491094263034,81.69431015299953,85.48440025995329,-0.8806642853972793,3716.060099660265,progressive_degradation
1716.9826863945186,2.7851798127994134,107.8910271018318,171.04493656004553,419.3061125498613,47.24701582677176,16.292846234076787,4.24164336467461,4.7370935397226255,37.43285133546203,42.50121844093219,30.685659754661717,5619.435238264695,progressive_degradation
2413.393822875015,2.6295887570244716,123.64733706078141,182.62163110947802,465.8171016519009,65.00607068778349,19.125316558531104,4.085168958930288,4.598477323959816,68.37768904025603,71.19996700936848,32.038442826599486,155.1812073253806,progressive_degradation
1785.1395242687327,3.6316865773556755,75.64713971929928,130.01626407222923,384.4230121824349,49.097427512169084,14.313565407189424,4.1841612913110975,3.2005735262459964,23.00012872350126,40.63513994621628,11.140882974112293,1833.0366193048142,progressive_degradation
1843.9567801195433,3.0992520432381663,113.59956846381003,165.84250475205235,422.9233619946231,51.171481230308565,15.956299658464667,4.078812285296606,4.21109709005984,35.147676319767825,44.87921396540018,36.15248681188008,2783.896983833095,progressive_degradation
1725.2327259618235,3.1143781278444314,107.50650288275303,163.66693368883637,398.47039368183465,47.43289939293045,14.296371862362951,4.263680312962447,3.92402203828423,24.450494451852947,36.41275834701951,37.9160673409113,1614.1988453774427,progressive_degradation
1685.3108828026627,3.3074670132300525,95.86128883758204,147.8448015828742,402.2580476373259,47.30085476987006,15.129583695844252,4.165011027459859,3.7647822378875166,32.59822285166336,35.69386622992025,24.84722766793502,1742.3375385099757,progressive_degradation
1645.1045213034217,2.9826939322049633,97.59183756806473,159.01933015729946,400.9470543299205,45.98545797543342,16.08410937462523,4.172919300649057,4.071189092539784,38.69902194295807,37.813343681861646,20.59659135626376,3896.6592243604928,progressive_degradation
1884.8741916778552,3.110619522466956,95.47474872200937,152.3894943166344,412.3357663933283,51.99773127939369,16.406585492495747,4.298471870130076,4.273580768075141,46.66601983743423,48.357433563306934,16.55642020363962,2676.0082656985664,progressive_degradation
2710.164935798489,2.56617977954592,106.24599594637141,186.19302572585113,460.9337081690069,70.97027202170916,21.819720396099218,4.232336852383085,5.6303501405023795,84.75681714475058,87.37944163851871,7.320295522494696,3441.6965727854895,progressive_degradation
2660.552794187085,2.7923261840078135,109.20057070533788,165.502489294145,462.60541834008825,69.35377113051497,21.01260008754331,3.9253009952314497,4.377376641349954,86.99581948816996,82.84380098945795,14.41579698546244,1458.3520584756254,progressive_degradation
2756.6204954358464,2.677745705981233,109.45335311943694,172.49194918541156,470.0870766854997,72.270937963039,21.25142555986736,4.004580310299915,5.063806608959668,89.3139180490238,86.6917918112202,11.617826716176777,312.10582957626997,progressive_degradation
1622.568431950371,3.477679005759418,88.58221159816154,142.0802855221142,380.2194997308219,45.957931943434446,14.211221818290511,4.094907326599204,3.33881365531738,24.463376533045498,34.946876625382465,19.282021067899155,2494.318007552995,progressive_degradation
2467.0868372316695,2.285731802467054,127.4008914051049,204.2869344154892,470.1684044751526,64.04225145672804,22.362730088738704,3.9303647412332117,5.959403984987812,91.63669763272638,75.63754171331335,22.302946022783466,4778.166296712315,progressive_degradation
2027.1231065658376,2.9744628924292553,99.06909396412075,157.7637953221668,420.76372825272824,54.3856093268734,17.36456718030054,4.102969432791498,4.84073093228683,44.16633235813978,56.20962577698335,13.97445957366756,5086.495380557712,progressive_degradation
2029.8576893606169,2.6793199889398194,114.38838900111276,174.6585169476267,440.32120371069834,55.030999928285226,17.825804542075105,4.160309822894848,5.264015970882438,57.28466582469395,49.44842054887808,29.841908573828395,256.3785035868673,progressive_degradation
2132.3011346237095,2.600911831043427,115.20465032080514,181.45659741189442,446.1323631765792,56.75163064791521,19.800638101090755,3.964847534521828,4.98909535210711,64.01084213596299,63.00617037559042,25.408120424091226,6112.468431486619,progressive_degradation
1861.2572054099285,2.811505887034836,92.33896421328133,154.02958679292678,398.5390337030805,52.34358582325846,17.20157444490685,4.245579987421526,5.22255487816379,43.500859728791234,45.25868459692785,7.019554710739419,386.137307324263,progressive_degradation
2130.9327514416545,2.85020239133791,120.71522193517096,193.85265312848756,451.1007622808573,58.06193016427924,18.110339953504997,4.175478582363098,5.092357465337014,57.04331930631355,58.21805911580911,34.721008230791746,2348.4982462449047,progressive_degradation
1997.825153707999,2.76150868441059,111.24046807178951,176.72107544048748,424.0206622008444,53.73746226527255,17.776721622177458,4.018158233167256,4.79233170660182,50.190112099509385,52.196594713056804,28.188207692247044,3363.2461595919494,progressive_degradation
2177.904025411362,2.910340676502373,82.78547980127182,149.6550943876403,408.2752788630378,57.59332743368025,18.488526989982617,4.090746840756235,4.265525501196096,54.16439252725715,63.81010363300203,0.4803314686273761,5944.806107623822,progressive_degradation
2201.6271083364563,2.1447426375816208,128.24320838126337,193.37192807656962,458.9636801893864,58.773431222207016,21.473518579395122,4.009174268851891,5.4816267906840075,82.33566826127279,64.56259292236328,27.9719758835723,4142.221417201976,progressive_degradation
2178.966228990195,2.9318265436703137,110.56141317070208,171.22980593300753,433.38368177352123,58.389960384692856,17.634608743130414,3.9624242136264938,4.441870412250676,56.8234010332939,59.1054181806949,27.02753518888613,584.7100369787134,progressive_degradation
2474.0260696307173,2.3354859343654795,116.84536787360207,197.22509327664903,461.825880611794,64.97882622620733,20.471819629365964,3.923044644631124,5.644882747366093,74.27266527291052,77.88659186461433,19.880364969261848,5640.372729748173,progressive_degradation
2649.056014040689,2.614864527042539,104.47848440093045,172.21318195926074,451.8583140697086,68.61438964758685,22.26083858425745,3.9637773169701394,5.043020096097161,95.17307982759219,85.34016810215029,3.2762595737321307,4031.7939436188035,progressive_degradation
2449.617391161801,3.073734221319623,101.69264881392193,161.69605591199632,442.55415453932915,65.71098338182878,19.989221190408795,3.888477306784169,4.369659372698918,78.14790907372728,74.83961380512336,9.038592929992975,1911.6976641670628,progressive_degradation
1601.9295697576415,3.051463367741271,78.75679604746016,143.64899595678745,389.12332194670967,45.620714529540116,16.852519235210305,4.156233988565097,4.890979456224317,43.95268885490685,33.19662862013038,-3.107588116470736,2106.478912127301,progressive_degradation
1892.6410893088896,2.972062567131521,88.6699276690394,148.0143049936519,419.69928081222656,51.89830365682224,18.34312515786377,4.1041337558069495,4.365403109660399,67.0681235733904,44.83011448169198,5.257716306399458,1309.2782279624912,progressive_degradation
1730.4522692286803,3.08720551280585,111.12719003329401,169.4812080896522,434.5952717689887,49.809636200750695,16.807053432994643,4.113965871959886,3.842708344161294,51.637670372779866,40.20725084254763,32.01007663306907,1390.3786098335686,progressive_degradation
2225.348413816026,2.165950149734564,118.76888727649784,192.61366009325974,464.4210509211398,59.52054112779071,19.890811049971784,4.079084836314193,5.506535050123356,70.3794167723032,62.217990021603974,29.10567516495074,1649.245098639134,progressive_degradation
2637.161098770575,1.9842105455389114,130.98455050335585,207.75348521349437,479.92322691158677,69.32690039280781,22.010727000906527,4.025388418327157,6.227869562559355,93.15756810276837,82.02098415231923,25.282284072011453,682.0072555694533,progressive_degradation
2557.1595554925802,2.4094161045038205,106.00258891156453,180.01106264752875,436.2111994299924,66.1311104697554,19.991512031916788,4.087954804684738,5.7102402844290525,62.75658831048683,81.29384816836226,13.903015565603456,6449.852054824714,progressive_degradation
2380.7651112457916,2.9880541796641573,98.05277218622625,157.01051324501464,430.7381733851362,63.7806830475336,19.183949438803406,4.16948937506751,4.568677904187403,68.10627269368089,71.17496993941705,8.659132075576862,1883.3670050155154,progressive_degradation
1596.0701558391809,3.241305098376766,80.89200334749428,140.86155877672073,373.5714838822712,46.516019002526555,15.051213195082584,4.190823279457769,4.90963866297443,26.49919777640715,32.587036805754316,7.912084772460904,778.3422412117942,progressive_degradation
2121.6596629739724,2.8389265093481324,111.45415452553871,179.84899432609294,439.2554765056777,58.32144811849525,18.20380090897132,4.000052294260981,4.996002388742468,54.96587278098748,64.24014716103402,29.11421569553531,6357.76661549308,progressive_degradation
2088.934778173837,2.622192131006587,92.73127800516293,162.5499469255328,409.3890816224731,56.37585733676339,19.105685758611084,4.0000208203649565,5.7728036595757395,56.99376781724022,58.77316286135672,2.309335231819066,4979.596131349115,progressive_degradation
2465.688845493716,2.73496265984838,100.51562966893624,167.01544321096225,437.3990557240855,66.96852698555719,20.453481739307833,3.794980871818707,4.545121988350954,81.4439320927427,79.25356094167928,8.23727035166504,4063.5715754362113,progressive_degradation
1582.6549151351862,2.716762703295626,96.37198481910485,153.9697441896452,383.9013396339033,43.98226196839075,15.612490555357086,4.151089530265202,5.018670980639356,24.98002531565927,32.131157548575345,21.43122133902538,2534.608432948611,progressive_degradation
2319.4715442786733,2.953313212936848,90.96487518193457,151.56093003981573,407.2437201220392,61.31958474610045,18.022999846175242,4.071425583780969,3.983262890941317,50.97124437840082,68.38004952483712,8.257889153791506,3196.1051823845137,progressive_degradation
1630.9783503503127,3.3642302335757956,72.1919748169135,130.4579015506296,382.2761929973969,46.76864647902799,15.726221566415461,4.311162501642487,4.385979498564907,39.896989776570294,37.17214771425357,-2.220390395989192,4304.307188840685,progressive_degradation
2390.7676150335724,2.366312755312256,110.4621171372389,182.89686713296226,434.68088785000884,65.176644288995,20.13619926410536,3.9021414040021902,5.517741038803627,66.74852015261358,72.50678122429066,14.912540577710184,1518.9403653159552,progressive_degradation
2657.765881915484,3.0721609377155605,105.36606090929718,168.78938835792337,447.62434384557366,70.03000695102206,19.52397795690687,4.047659207271097,4.383714526944428,70.52991180573808,83.75735140129653,17.250326903659616,2112.9207838073553,progressive_degradation
1838.0594817299386,2.841226268079414,117.8528859236342,179.89524208789956,437.0580974628642,50.33318118899975,17.679138886321887,3.985706124650986,4.478621446680915,51.65268240015516,48.00578254931435,34.300976949067326,4539.92277373974,progressive_degradation
2000.8389091005477,2.6527657381139855,90.64800014080255,148.6542932036721,407.5907423252558,55.31383359283189,17.583208491009138,3.9759527536226513,5.091522796619543,47.58834943985172,51.727586076556065,5.732625992026591,850.1931538246446,progressive_degradation
1740.4250557100454,2.4003454611934223,119.9744500667843,185.896991512818,441.2662066495903,48.85385444151364,17.965138763076347,3.982454220806714,5.636852953684043,52.53914206199859,40.737945629219865,36.52577224344827,1776.7994481244918,progressive_degradation
2404.6708241908523,2.8195981266176764,90.99351528626374,151.0038024100637,426.3167476795254,63.64365991363362,19.11297842220485,4.011737688941317,5.106090942452907,63.49926896412615,70.97683957913158,1.1085940449886336,1082.089006536811,progressive_degradation
1857.1221854222717,3.2406200618860486,95.00670490231735,149.3405643531264,411.81903457680875,50.54079867859288,16.1666168677757,4.186739708437538,3.811850759873088,40.13517829667729,48.273176526460844,20.961000582926545,6416.252926511296,progressive_degradation
2617.3833044029143,2.650575570933954,95.36940770684353,162.53028725271872,440.5702476304267,67.89979241497245,21.234738066679864,4.086797021614494,4.447412801349637,82.02632491818845,84.7671504840617,0.3621294678460951,6059.041498325973,progressive_degradation
1851.1180156488238,2.899605258059604,77.12964479574846,145.9984279912102,379.91051256405876,51.91492614468901,16.72461723219216,4.113387289960272,5.255315947907718,38.14368776338002,46.07182918178185,-2.375350714987868,2251.64208919877,progressive_degradation
2352.3318207839498,2.998776980786376,126.3934610197064,201.8175689039088,462.31647853685644,63.203436114029444,19.28951145057023,3.9047412438425715,4.0883173555371535,72.3034292670361,72.70687621409851,36.57431261752651,3996.133599672578,progressive_degradation
2198.58763589827,2.3401264046810004,112.69954535481207,181.48419076184874,434.0077490748108,58.99154879820905,19.94480837931731,3.8929225082526147,5.881942261094029,63.35253295803842,62.26337329870215,19.43439521819536,3253.138604727028,progressive_degradation
1759.2124619414328,3.1541909009407534,100.07166907808978,153.5082380389719,403.7985998407932,49.60523555176977,14.826793486709805,4.252976430292502,3.886283450859419,27.066227287436604,42.37836201602868,28.499170165308794,2842.154829697175,progressive_degradation
1911.124154030415,3.1971093131535544,99.59606283614922,157.3363268788578,412.79297632038424,52.39731925419734,16.931058442990068,4.000431554775917,3.826307837932495,53.69364492338523,51.192557977224375,18.747172859508165,5044.221325488802,progressive_degradation
2444.0028661737338,3.042927429056628,98.04255441110884,164.22176230912441,444.40938961424126,64.34472020864685,19.83939005988341,3.9804469970900875,4.04681575814386,76.05922567467451,75.65977766348502,7.6111893693052215,3735.655779643352,progressive_degradation
2478.233936089833,2.576574649146176,124.31911750051746,185.98045029527822,473.765034570116,65.86404682715107,20.553965633904742,3.8429015295850055,4.662600604247926,89.6612619029016,77.63301152663652,25.365050011178813,4519.270388574054,progressive_degradation
1609.4020049013398,3.14573926679844,110.33762057085575,162.44492111664377,411.49489464807516,45.3457321216679,15.122923453401627,4.094076014177573,4.09180298176749,34.46306511554401,35.72314034348982,35.26034630955121,4851.787424435161,progressive_degradation
1909.2176301307786,3.4603508595165033,87.50708076652566,133.7248035510813,400.9323728697257,52.45766820517561,15.09596971119743,4.062890675803104,3.53706371751766,38.52755201625485,47.358200149008766,13.15629821041886,1582.8915865490512,progressive_degradation
2596.650132743681,2.8707661956506287,106.30595574911851,169.32828961655713,453.56173024516124,68.78268357060286,19.161380841848136,3.9920106617184046,4.081441713770501,70.37551622313306,80.6398588257231,18.648847544707333,179.31256563487403,progressive_degradation
2507.5036062899962,2.725856197907462,102.79835752609786,172.1605737999108,454.6115033429442,65.89038603903785,21.294898670653723,3.9064131465694434,4.598763450940178,88.60865689067947,79.14691595510904,4.19796334354338,5206.304067341774,progressive_degradation
2026.7169291137336,3.197278729536942,74.04103307797187,133.64770403813685,391.5490893403931,56.97340380015625,15.804925429344658,4.2202986956898325,4.2744835451884375,35.583581436191785,55.473231299353735,-3.5042847434480233,1164.42170196412,progressive_degradation
2247.2138070055066,2.704353389605161,107.05943914187155,178.6613459300446,432.875314383058,60.72154300728176,19.339174141965916,4.11293488407432,5.077741964830917,61.07732778595909,65.4394942006944,18.42031782469961,1653.634347813822,progressive_degradation
1642.8039027302045,3.3450558263481036,95.73880636537355,151.74329117308443,401.2356615190374,45.82783986164036,15.415664763038183,4.284925402131938,3.6023241728943027,38.689349011617445,38.10915380455575,22.47492289575893,5213.12607536471,progressive_degradation
2719.947837493309,2.2511921021430563,137.6117601277403,213.6801628469321,499.1396623817685,71.41783377684474,22.0196567152099,3.95051906392417,5.19211951279825,98.0,86.72248696735755,35.183887384983024,2733.2966759628275,progressive_degradation
2603.3503270370816,2.380143404575396,104.02125103211746,172.98648989819247,448.10387148825885,67.50385361166231,21.347780840388022,4.016089723416126,4.758535843451554,87.90937035028324,83.46798065820916,3.8441768952922706,5733.034025285204,progressive_degradation
1982.7831082836094,2.4766159175055584,98.05044287824248,171.32802714348563,415.18915188952764,54.20862484670035,18.44108493543727,4.024296227511241,5.497292380945876,56.606414918577734,51.70351200880368,10.818768067211607,1703.565891948799,progressive_degradation
1695.204089265667,2.519333068709763,110.62913435886921,175.43596956122633,416.0215190718962,48.44285890831962,17.115588601982626,4.055149207853828,5.244722694798586,40.063175978158704,38.901926564636454,32.65318810378478,2411.693445854041,progressive_degradation
2196.6154651701886,2.7253594592680344,102.08049897510767,168.89790626638572,430.81703986900453,61.7258924374209,19.8156012202677,4.070952514262452,5.260358083231866,63.55912985687819,63.56737948458131,12.370991572108924,624.5756787354719,progressive_degradation
2354.374600627181,2.97965638745918,126.3969324326217,192.42817768423708,465.7183030304182,63.74486081123946,19.340475378632927,3.965899301379458,4.1856165424217675,68.99072781902944,71.16969387494542,36.4244472553369,2128.298853450424,progressive_degradation
2192.4337657035526,2.555280340369959,125.49645104541744,192.06726886161584,446.27803913720265,60.37417321393784,18.330082233214362,4.155892695023254,4.993374820445773,52.0618124491894,64.71845973321142,37.75369626520918,2987.9227852263402,progressive_degradation
2359.4973591977755,3.021350730896661,103.41259386689786,173.56326057553912,442.7634712463327,62.012631005828844,20.410178430534486,3.8175070870050476,4.597735603705214,71.42195443478813,71.71694839721029,15.365367537976448,4790.502198290767,progressive_degradation
2151.2184367795685,2.875540506845003,93.66717479114908,164.9444761592328,413.31396981133094,58.519833499093565,17.38426580674464,3.9819947547615966,4.7518597676834275,46.346148686287044,60.932973201806725,10.78064667169098,3136.366190775652,progressive_degradation
2447.2735522501234,2.3654528159984567,96.48930813623384,172.86673254694733,419.4261491444884,63.46596123765697,20.19784144411974,3.8503660767201593,5.7414835137710165,66.91555203974802,76.72634509010406,4.0715553096329336,5972.245268652475,progressive_degradation
1704.9887194541247,2.7669460370507037,93.91372666199246,158.1844023982212,414.87475497771055,47.418165708499664,17.4999653883618,3.9024320700593966,5.2165025650753485,50.51542601375258,37.957659890376185,8.304685887720334,2235.225084312765,progressive_degradation
2050.361352639127,2.9388299086588,112.67389636785322,167.44590475135143,435.0710337572574,54.359260541689096,16.739772125772145,3.963692169559761,4.129131588359554,45.06289586559158,51.97305437567114,33.62561424903826,986.3535598286833,progressive_degradation
2238.4946502378693,2.614691998281833,111.1179693469085,175.749906807513,441.56318908842195,59.53333873412794,19.95188376956983,3.9933810246591337,5.5047817682155875,71.21543658401045,62.27873211083782,16.2349947852623,1698.913733323617,progressive_degradation
2070.9573930844053,2.8374871350167816,113.84074096518897,171.56189367067142,440.944018143111,55.48703512212542,17.127218410272977,3.944450494942994,4.685634141533604,52.52324899966377,53.67721224193924,31.590347294253718,747.2531378819838,progressive_degradation
1652.3476340543973,3.091623692111133,99.79933787402922,163.37894546342227,407.5335774878585,44.54732586012411,16.621095932178527,4.1186963427023615,4.287663196567021,46.17413360683041,35.946565198237074,22.161534923853083,4385.489495504816,progressive_degradation
1720.0705621248342,2.988596384124932,75.8477772815901,141.09728149617533,381.59852899285784,50.06440654184416,16.066709055455494,4.156080245508943,4.8052446950225525,35.54935391263374,37.938992020368815,-0.8825859929512208,272.49577289716325,progressive_degradation
2352.614234282063,2.917088970424559,100.68983564233375,164.85865539320858,442.80047199829534,62.81378055841576,19.385494983114903,3.9994936743982454,4.49561469946865,64.63707276792314,68.49217675715715,13.830112046548253,1728.6249999668603,progressive_degradation
1683.5489802340655,3.301609033604625,98.03551031594698,159.80751090505365,389.32821513878326,47.825797319346705,14.18564895481242,4.343546671356126,4.776996626514539,15.0,38.83977337872393,26.460874107356194,3172.40368160697,progressive_degradation
2656.9836863666646,2.7447472354472033,119.07496150276025,189.29725312782045,460.2141432307557,68.67614226708508,20.84913495473994,4.01094404211292,4.579053001604024,73.81555100272703,86.19890432920842,26.388489884566248,5978.048252094552,progressive_degradation
1542.1795561750428,2.914390274974503,103.3490245592268,168.45509587925088,400.3124796424285,43.58921119220526,16.285701588953238,4.142527731347095,4.814001496921156,32.55523443877854,35.088203814716934,23.28243917225126,5989.479397309591,progressive_degradation
2475.2450403558787,2.600753993876387,122.27647492814442,189.53120431490407,457.78449748110575,65.68263136825902,19.283740083542497,4.013841261886062,4.7915565599107435,71.65470103114468,73.49231616289154,31.131543011835703,1773.1508187602642,progressive_degradation
2547.9273630285757,2.499470474020528,98.49147144209583,168.27166488462484,436.84593615540683,66.95243383208292,21.868707162563112,3.8992789746398917,5.507583765793158,88.248665279885,79.2554086190266,-3.1780464837254008,3103.87950053592,progressive_degradation
2280.1029885127423,2.8688745511604368,107.02695517823517,176.74966713361948,445.218247158063,62.26501542330881,19.297310947789224,4.0885645807995825,4.794582587831931,70.393962604118,70.7016912200932,17.957864910294678,4891.063632874946,progressive_degradation
2472.074943548334,2.2395112059244564,137.9185755590355,207.4509728835568,477.04505181151245,66.09350701081829,21.269652334506375,3.9234605004975305,5.764326276828921,84.03646940443839,76.70512146776906,37.09798837945215,2364.55237859194,progressive_degradation
1553.028782315199,3.1998374935808274,75.97623149348925,137.68341425392043,372.45438936368413,43.52210509966903,15.38778128307709,4.127873420319544,4.578639223670656,26.448311601026337,32.85408491756119,0.8433857483558913,5412.718304231196,progressive_degradation
1716.1631159602887,3.1628127916448077,86.47879210339211,141.21529658424902,394.41311703949896,47.16210253334975,16.533621179634736,4.210931988329802,3.961405303113105,42.65004069900705,38.401096784681855,6.267483996595532,2666.6672945418172,progressive_degradation
2390.083601850996,2.4269074477600254,112.65928474418051,184.6846392781444,436.62160140198824,61.21634577132061,19.143273994426693,4.082891915161654,5.426133138198936,58.48298812506033,73.44035846833182,22.607520110308275,6014.25874676992,progressive_degradation
1516.2199362551207,3.3168785512693875,108.11672755587726,156.63163715740617,415.35154827316694,44.147847301383756,15.241605870320992,4.195769551839696,3.2662700586190327,35.35165092192776,30.044399735964127,37.80223356788348,761.4376007329001,progressive_degradation
2114.6168981827,2.9334121379670375,89.82454513186752,152.41967695982564,417.4247026366055,57.195909289619664,19.11667425678198,4.075354777971786,5.023546826551016,57.842798850452695,59.72251182680034,4.745553320697572,3371.1560710741683,progressive_degradation
2103.541224956327,2.9237755958079807,91.14835510479458,154.13453527198382,431.9228477132718,56.895386973021644,20.194772392528314,4.000340777014182,4.706227519679809,76.34165092484174,60.49827035166299,0.153947710061912,5809.3849969116045,progressive_degradation
2482.2237208877514,2.558632276869661,124.9116681236941,191.53053777995635,465.596011147145,66.02311840404879,19.815899229886885,4.059834675238591,4.747152473940261,70.3621162519005,73.77580657005277,35.122578475274786,338.62675234385455,progressive_degradation
1614.190195134974,3.3728032349542807,95.80125450288118,151.70042922835995,408.4877651931759,46.43011900161002,14.740613148685062,4.29539611363889,3.7691277304107835,33.75932426772689,36.6401778067337,22.571187035451455,5063.202762987922,progressive_degradation
2113.6152475221725,3.0218139864853204,94.71399329142125,151.25648417765092,416.00256197749974,57.06924275640046,17.67818792564383,3.864388215682698,4.027065957885295,52.94737168742525,56.294445759502274,12.849024856211997,405.9589908253032,progressive_degradation
2343.085824357213,3.0294635623435395,94.1974737397798,155.44232845055598,420.81829420793207,63.91235512923769,17.85261043682873,4.048277247453579,4.4702846110404915,49.16201912226579,69.38615662682277,14.934724780272038,1342.9177489788065,progressive_degradation
1811.3079284669095,3.3996875819437324,84.30611299230998,129.01062426939936,391.2601642435139,49.57873767505256,15.22082785016847,4.082690035083674,3.610094785591978,34.07388756334939,40.58985811489032,13.012160506137953,1503.9032174106308,progressive_degradation
1689.431278759381,3.179691311039809,108.11823777022745,172.1339363620728,407.65705529393057,46.58256837796741,15.477109693629933,4.28157349844992,4.347417819241008,31.42362904801452,38.9338872169066,34.875475655525044,5283.102974799435,progressive_degradation
2291.3078151110285,2.5595175500566274,111.76253423041189,178.9242919267089,427.6556994148739,61.9458271732603,17.486563363357753,4.077346178226343,4.8477734277352384,41.285994600883285,65.59140103647357,26.134620295785243,1187.0037551333078,progressive_degradation
2389.2689474088597,2.4054925254571096,125.1107829518742,194.79187109805568,462.53861438664114,62.46087235827177,19.870186186517465,3.990796158285399,5.841288215711009,70.10624393235854,68.0735226582219,32.30033282874213,473.05810556037954,progressive_degradation
1544.540744062561,3.3980688487443134,95.5938737146158,153.4373233934079,386.01433385894615,43.18127639895228,14.409575675064909,4.366169250814123,4.045700998688403,22.85781387891162,33.59647301493145,24.977892553062702,6205.980121717974,progressive_degradation
1726.1747179049605,2.869975326964512,112.69821071643605,177.13026745772916,418.7952434655121,47.096159336838035,17.05912228357853,4.069350720759609,4.982477366490338,43.84966454925114,41.48227432562661,29.726365062174768,5888.5584370211,progressive_degradation
1894.6099166421009,3.281077238926013,109.92962438363732,170.99231525903417,421.24026886977936,52.27912514307503,16.178634048895443,4.112592568397399,3.7736195015307272,48.309552400858806,48.380162625760995,30.696823319607432,3240.370902716477,progressive_degradation
2633.4205343807707,2.468353773075669,111.2987730709378,186.43287131011283,472.9084707530995,68.83151364743182,22.258619434706617,3.932952905873057,5.198079557113798,94.25980702333304,86.51220088414144,13.638603006170356,4924.881666911309,progressive_degradation
